exclude	exclude.reason	comments	rodent.ds	rodent.sub	animal.id.orig	rodent.session	rodent.session.orig	rodent.run	rodent.species	rodent.strain	rodent.strain.orig	rodent.sex	rodent.age	rodent.weight	main.experimenter.gender	head-plate	body.restrained	free.behaving	anesthesia.before.acquisition	anesthesia.before.acquisition.orig	average.breathing.rate	average.heart.rate	average.temperature	MRI.vendor	MRI.field.strength	MRI.cryocoil	fMRI.sequence	MRI.TR	MRI.TE	MRI.in.plane.resolution	MRI.slice.thickness	Link.to.paper	Link.to.Download.data
		data is the same BIDS_raw and BIDS_input-RABIES	1001	100100	20190305_m08_awake	1	1	1	mouse	C57BL/6	C57BL/6	m	7-9	25	m	y	n	n	n	n	262~293		37+_0.5	Bruker	9.4	y	GE-EPI	1000	15	0.225	0.5		
		data is the same BIDS_raw and BIDS_input-RABIES	1001	100101	20190305_m09_awake	1	1	1	mouse	C57BL/6	C57BL/6	m	7-9	25	m	y	n	n	n	n	262~293		37+_0.5	Bruker	9.4	y	GE-EPI	1000	15	0.225	0.5		
		data is the same BIDS_raw and BIDS_input-RABIES	1001	100102	20190305_m10_awake	1	1	1	mouse	C57BL/6	C57BL/6	m	7-9	25	m	y	n	n	n	n	262~293		37+_0.5	Bruker	9.4	y	GE-EPI	1000	15	0.225	0.5		
		data is the same BIDS_raw and BIDS_input-RABIES	1001	100103	20190305_m15_awake	1	1	1	mouse	C57BL/6	C57BL/6	m	7-9	25	m	y	n	n	n	n	262~293		37+_0.5	Bruker	9.4	y	GE-EPI	1000	15	0.225	0.5		
		data is the same BIDS_raw and BIDS_input-RABIES	1002	100200	IN-11466-23	1	A060723	1	mouse	C57BL/6	C57BL/6	m	16-20	26.3	m	y	n	n	n	n	NA	NA	NA	Bruker	7.0	n	GE-EPI	2000	16.385	30	0,25 x 0,25		
		data is the same BIDS_raw and BIDS_input-RABIES	1002	100201	IN-05801-23	1	A220523	1	mouse	C57BL/6	C57BL/6	m	12-16	24	m	y	n	n	n	n	NA	NA	NA	Bruker	7.0	n	GE-EPI	2000	16.385	30	0,25 x 0,25		
		data is the same BIDS_raw and BIDS_input-RABIES	1002	100202	IN-11467-23	1	B060723	1	mouse	C57BL/6	C57BL/6	m	16-20	26.4	m	y	n	n	n	n	NA	NA	NA	Bruker	7.0	n	GE-EPI	2000	16.385	30	0,25 x 0,25		
		data is the same BIDS_raw and BIDS_input-RABIES	1002	100203	IN-05802-23	1	B220523	1	mouse	C57BL/6	C57BL/6	m	12-16	29.4	m	y	n	n	n	n	NA	NA	NA	Bruker	7.0	n	GE-EPI	2000	16.385	30	0,25 x 0,25		
		data is the same BIDS_raw and BIDS_input-RABIES	1002	100204	IN-44984-22	1	B230523	1	mouse	C57BL/6	C57BL/6	m	20-24	28.6	m	y	n	n	n	n	NA	NA	NA	Bruker	7.0	n	GE-EPI	2000	16.385	30	0,25 x 0,25		
		data is the same BIDS_raw and BIDS_input-RABIES	1002	100205	IN-08439-23	1	C060723	1	mouse	C57BL/6	C57BL/6	m	16-20	31.3	m	y	n	n	n	n	NA	NA	NA	Bruker	7.0	n	GE-EPI	2000	16.385	30	0,25 x 0,25		
		data is the same BIDS_raw and BIDS_input-RABIES	1002	100206	IN-45002-22	1	C220523	1	mouse	C57BL/6	C57BL/6	m	20-24	25.7	m	y	n	n	n	n	NA	NA	NA	Bruker	7.0	n	GE-EPI	2000	16.385	30	0,25 x 0,25		
		data is the same BIDS_raw and BIDS_input-RABIES	1002	100207	IN-08441-23	1	D060723	1	mouse	C57BL/6	C57BL/6	m	16-20	32.2	m	y	n	n	n	n	NA	NA	NA	Bruker	7.0	n	GE-EPI	2000	16.385	30	0,25 x 0,25		
		fslorient, fslchpixdim 	1003	100300	1	1	1	1	mouse	C57BL/6	Vglut1-IRES2-Cre-D (jax:023527)	m	57-58	32.20	m	y	y	n	n	n	NA	NA	NA	Bruker	7.0	n	GE-EPI	1000	15	0.235	0.6		
		fslorient, fslchpixdim 	1003	100301	2	1	1	1	mouse	C57BL/6	Vglut1-IRES2-Cre-D (jax:023527)	m	57-58	29.00	m	y	y	n	n	n	NA	NA	NA	Bruker	7.0	n	GE-EPI	1000	15	0.235	0.6		
		fslorient, fslchpixdim 	1003	100302	3	1	1	1	mouse	C57BL/6	Vglut1-IRES2-Cre-D (jax:023527)	f	57-58	32.60	m	y	y	n	n	n	NA	NA	NA	Bruker	7.0	n	GE-EPI	1000	15	0.235	0.6		
		fslorient, fslchpixdim 	1003	100303	4	1	1	1	mouse	C57BL/6	Vglut1-IRES2-Cre-D (jax:023527)	f	58.00	32.80	m	y	y	n	n	n	NA	NA	NA	Bruker	7.0	n	GE-EPI	1000	15	0.235	0.6		
		fslorient, fslchpixdim 	1003	100304	5	1	1	1	mouse	C57BL/6	Vglut1-IRES2-Cre-D (jax:023527)	m	52-53	33.60	m	y	y	n	n	n	NA	NA	NA	Bruker	7.0	n	GE-EPI	1000	15	0.235	0.6		
		fslorient, fslchpixdim 	1003	100305	6	1	1	1	mouse	C57BL/6	Vglut1-IRES2-Cre-D (jax:023527)	m	52-53	40.50	m	y	y	n	n	n	NA	NA	NA	Bruker	7.0	n	GE-EPI	1000	15	0.235	0.6		
		fslorient, fslchpixdim 	1003	100306	7	1	1	1	mouse	C57BL/6	Vglut1-IRES2-Cre-D (jax:023527)	f	52-53	33.50	m	y	y	n	n	n	NA	NA	NA	Bruker	7.0	n	GE-EPI	1000	15	0.235	0.6		
		fslorient, fslchpixdim 	1003	100307	8	1	1	1	mouse	C57BL/6	Vglut1-IRES2-Cre-D (jax:023527)	m	52.00	40.60	m	y	y	n	n	n	NA	NA	NA	Bruker	7.0	n	GE-EPI	1000	15	0.235	0.6		
		fslorient, fslchpixdim 	1003	100308	9	1	1	1	mouse	C57BL/6	Vglut1-IRES2-Cre-D (jax:023527)	f	52-53	38.50	m	y	y	n	n	n	NA	NA	NA	Bruker	7.0	n	GE-EPI	1000	15	0.235	0.6		
		fslorient, fslchpixdim 	1003	100309	10	1	1	1	mouse	C57BL/6	Vglut1-IRES2-Cre-D (jax:023527)	f	52-53	35.10	m	y	y	n	n	n	NA	NA	NA	Bruker	7.0	n	GE-EPI	1000	15	0.235	0.6		
		fslorient, fslchpixdim 	1003	100310	11	1	1	1	mouse	C57BL/6	Vglut1-IRES2-Cre-D (jax:023527)	m	46-47	39.60	m	y	y	n	n	n	NA	NA	NA	Bruker	7.0	n	GE-EPI	1000	15	0.235	0.6		
		fslorient, fslchpixdim 	1003	100311	12	1	1	1	mouse	C57BL/6	Vglut1-IRES2-Cre-D (jax:023527)	m	46-47	36.30	m	y	y	n	n	n	NA	NA	NA	Bruker	7.0	n	GE-EPI	1000	15	0.235	0.6		
		3dresample	1004	100400	sub-WT05	1	1	1	mouse	C57BL/6	c57bl6	m	9m	35	f	y	y	y	n	n	NA	NA	NA	Bruker	11.7	n	GE-EPI	1800	11	anat = 0.2, func = 0.31	anat = 0.2, func = 0.31		
		3dresample	1004	100400	sub-WT05	2	1	1	mouse	C57BL/6	c57bl7	m	9m	35	f	y	y	y	n	n	NA	NA	NA	Bruker	11.7	n	GE-EPI	1800	11	anat = 0.2, func = 0.31	anat = 0.2, func = 0.31		
		3dresample	1004	100400	sub-WT05	2	1	2	mouse	C57BL/6	c57bl7	m	9m	35	f	y	y	y	n	n	NA	NA	NA	Bruker	11.7	n	GE-EPI	1800	11	anat = 0.2, func = 0.31	anat = 0.2, func = 0.31		
		3dresample	1004	100400	sub-WT05	2	1	3	mouse	C57BL/6	c57bl7	m	9m	35	f	y	y	y	n	n	NA	NA	NA	Bruker	11.7	n	GE-EPI	1800	11	anat = 0.2, func = 0.31	anat = 0.2, func = 0.31		
		3dresample	1004	100401	sub-WT17	1	1	1	mouse	C57BL/6	c57bl8	f	9m	26	f	y	y	y	n	n	NA	NA	NA	Bruker	11.7	n	GE-EPI	1800	11	anat = 0.2, func = 0.31	anat = 0.2, func = 0.31		
		3dresample	1004	100401	sub-WT17	2	1	1	mouse	C57BL/6	c57bl6	f	9m	26	f	y	y	y	n	n	NA	NA	NA	Bruker	11.7	n	GE-EPI	1800	11	anat = 0.2, func = 0.31	anat = 0.2, func = 0.31		
		3dresample	1004	100401	sub-WT17	2	1	2	mouse	C57BL/6	c57bl6	f	9m	26	f	y	y	y	n	n	NA	NA	NA	Bruker	11.7	n	GE-EPI	1800	11	anat = 0.2, func = 0.31	anat = 0.2, func = 0.31		
		3dresample	1004	100401	sub-WT17	2	1	3	mouse	C57BL/6	c57bl6	f	9m	26	f	y	y	y	n	n	NA	NA	NA	Bruker	11.7	n	GE-EPI	1800	11	anat = 0.2, func = 0.31	anat = 0.2, func = 0.31		
		3dresample	1004	100402	sub-WT18	1	1	1	mouse	C57BL/6	c57bl6	f	9m	23	f	y	y	y	n	n	NA	NA	NA	Bruker	11.7	n	GE-EPI	1800	11	anat = 0.2, func = 0.31	anat = 0.2, func = 0.31		
		3dresample	1004	100402	sub-WT18	2	1	1	mouse	C57BL/6	c57bl6	f	9m	23	f	y	y	y	n	n	NA	NA	NA	Bruker	11.7	n	GE-EPI	1800	11	anat = 0.2, func = 0.31	anat = 0.2, func = 0.31		
		3dresample	1004	100402	sub-WT18	2	1	2	mouse	C57BL/6	c57bl6	f	9m	23	f	y	y	y	n	n	NA	NA	NA	Bruker	11.7	n	GE-EPI	1800	11	anat = 0.2, func = 0.31	anat = 0.2, func = 0.31		
		3dresample	1004	100402	sub-WT18	2	1	3	mouse	C57BL/6	c57bl6	f	9m	23	f	y	y	y	n	n	NA	NA	NA	Bruker	11.7	n	GE-EPI	1800	11	anat = 0.2, func = 0.31	anat = 0.2, func = 0.31		
		3dresample	1004	100403	sub-WT23	1	1	1	mouse	C57BL/6	c57bl7	m	9m	30	f	y	y	y	n	n	NA	NA	NA	Bruker	11.7	n	GE-EPI	1800	11	anat = 0.2, func = 0.31	anat = 0.2, func = 0.31		
		3dresample	1004	100403	sub-WT23	1	1	2	mouse	C57BL/6	c57bl7	m	9m	30	f	y	y	y	n	n	NA	NA	NA	Bruker	11.7	n	GE-EPI	1800	11	anat = 0.2, func = 0.31	anat = 0.2, func = 0.31		
		3dresample	1004	100403	sub-WT23	2	1	1	mouse	C57BL/6	c57bl8	m	9m	30	f	y	y	y	n	n	NA	NA	NA	Bruker	11.7	n	GE-EPI	1800	11	anat = 0.2, func = 0.31	anat = 0.2, func = 0.31		
		3dresample	1004	100403	sub-WT23	2	1	2	mouse	C57BL/6	c57bl8	m	9m	30	f	y	y	y	n	n	NA	NA	NA	Bruker	11.7	n	GE-EPI	1800	11	anat = 0.2, func = 0.31	anat = 0.2, func = 0.31		
		3dresample	1004	100403	sub-WT23	2	1	3	mouse	C57BL/6	c57bl8	m	9m	30	f	y	y	y	n	n	NA	NA	NA	Bruker	11.7	n	GE-EPI	1800	11	anat = 0.2, func = 0.31	anat = 0.2, func = 0.31		
		3dresample	1004	100404	sub-WT25	1	1	1	mouse	C57BL/6	c57bl9	m	9m	32	f	y	y	y	n	n	NA	NA	NA	Bruker	11.7	n	GE-EPI	1800	11	anat = 0.2, func = 0.31	anat = 0.2, func = 0.31		
		3dresample	1004	100404	sub-WT25	2	1	1	mouse	C57BL/6	c57bl10	m	9m	32	f	y	y	y	n	n	NA	NA	NA	Bruker	11.7	n	GE-EPI	1800	11	anat = 0.2, func = 0.31	anat = 0.2, func = 0.31		
		3dresample	1004	100404	sub-WT25	2	1	2	mouse	C57BL/6	c57bl10	m	9m	32	f	y	y	y	n	n	NA	NA	NA	Bruker	11.7	n	GE-EPI	1800	11	anat = 0.2, func = 0.31	anat = 0.2, func = 0.31		
		3dresample	1004	100404	sub-WT25	2	1	3	mouse	C57BL/6	c57bl10	m	9m	32	f	y	y	y	n	n	NA	NA	NA	Bruker	11.7	n	GE-EPI	1800	11	anat = 0.2, func = 0.31	anat = 0.2, func = 0.31		
y		fslorient. 1 anat img per subj, in ses-1. 	1005	100500	1	1	E17	1	mouse	C57BL/6	C57BL/6	m	NA	NA	f	y	y	n	y	isoflurane	NA	NA	NA	Bruker	9.4	y	GE-EPI	1500	12.5	0.18*0.18	0.4		
		fslorient	1005	100500	1	2	E18	1	mouse	C57BL/6	C57BL/6	m	NA	NA	f	y	y	n	y	isoflurane	NA	NA	NA	Bruker	9.4	y	GE-EPI	1500	12.5	0.18*0.18	0.4		
y		fslorient	1005	100500	1	3	E23	1	mouse	C57BL/6	C57BL/6	m	NA	NA	f	y	y	n	y	isoflurane	NA	NA	NA	Bruker	9.4	y	GE-EPI	1500	25	0.125*0.125	0.4		
y		fslorient	1005	100500	1	4	E20	1	mouse	C57BL/6	C57BL/6	m	NA	27.4	f	y	y	n	y	isoflurane	NA	NA	NA	Bruker	9.4	y	GE-EPI	1500	25	0.125*0.125	0.4		
y		fslorient	1005	100500	1	5	E29	1	mouse	C57BL/6	C57BL/6	m	NA	27.4	f	y	y	n	y	isoflurane	NA	NA	NA	Bruker	9.4	y	GE-EPI	2500	25	0.125*0.125	0.4		
		fslorient. 1 anat img per subj, in ses-1 only keep T2 anat img. 	1005	100501	2	1	E18	1	mouse	C57BL/6	C57BL/6	m	NA	NA	f	y	y	n	y	isoflurane	NA	NA	NA	Bruker	9.4	n	GE-EPI	600	14	0.2*0.2	0.4		
		fslorient. 1 anat img per subj, in ses-1 only keep T2 anat img. 	1005	100501	2	1	E18	2	mouse	C57BL/6	C57BL/6	m	NA	NA	f	y	y	n	y	isoflurane	NA	NA	NA	Bruker	9.4	n	GE-EPI	600	14	0.2*0.2	0.4		
		fslorient. 1 anat img per subj, in ses-1 only keep T2 anat img. 	1005	100501	2	1	E18	3	mouse	C57BL/6	C57BL/6	m	NA	NA	f	y	y	n	y	isoflurane	NA	NA	NA	Bruker	9.4	n	GE-EPI	600	14	0.2*0.2	0.4		
		fslorient. 1 anat img per subj, in ses-1 only keep T2 anat img. 	1005	100501	2	1	E18	4	mouse	C57BL/6	C57BL/6	m	NA	NA	f	y	y	n	y	isoflurane	NA	NA	NA	Bruker	9.4	n	GE-EPI	600	14	0.2*0.2	0.4		
y		fslorient. 1 anat img per subj, in ses-1 only keep T2 anat img. 	1005	100501	2	1	E18	5	mouse	C57BL/6	C57BL/6	m	NA	NA	f	y	y	n	y	isoflurane	NA	NA	NA	Bruker	9.4	n	GE-EPI	600	14	0.2*0.2	0.4		
y		fslorient. 1 anat img per subj, in ses-1 only keep T2 anat img. 	1005	100501	2	1	E18	6	mouse	C57BL/6	C57BL/6	m	NA	NA	f	y	y	n	y	isoflurane	NA	NA	NA	Bruker	9.4	n	GE-EPI	600	14	0.2*0.2	0.4		
		fslorient. 1 anat img per subj, in ses-1 only keep T2 anat img. 	1005	100501	2	1	E18	7	mouse	C57BL/6	C57BL/6	m	NA	NA	f	y	y	n	y	isoflurane	NA	NA	NA	Bruker	9.4	n	GE-EPI	600	14	0.2*0.2	0.4		
		fslorient. 1 anat img per subj, in ses-1 only keep T2 anat img. 	1005	100501	2	1	E18	8	mouse	C57BL/6	C57BL/6	m	NA	NA	f	y	y	n	y	isoflurane	NA	NA	NA	Bruker	9.4	n	GE-EPI	600	14	0.2*0.2	0.4		
		fslorient. 1 anat img per subj, in ses-1 only keep T2 anat img. 	1005	100501	2	1	E18	9	mouse	C57BL/6	C57BL/6	m	NA	NA	f	y	y	n	y	isoflurane	NA	NA	NA	Bruker	9.4	n	GE-EPI	600	14	0.2*0.2	0.4		
		fslorient. 1 anat img per subj, in ses-1 only keep T2 anat img. 	1005	100501	2	1	E18	10	mouse	C57BL/6	C57BL/6	m	NA	NA	f	y	y	n	y	isoflurane	NA	NA	NA	Bruker	9.4	n	GE-EPI	600	14	0.2*0.2	0.4		
		fslorient. 1 anat img per subj, in ses-1 only keep T2 anat img. 	1005	100501	2	1	E18	11	mouse	C57BL/6	C57BL/6	m	NA	NA	f	y	y	n	y	isoflurane	NA	NA	NA	Bruker	9.4	n	GE-EPI	600	14	0.2*0.2	0.4		
		fslorient. 1 anat img per subj, in ses-1 only keep T2 anat img. 	1005	100501	2	1	E18	12	mouse	C57BL/6	C57BL/6	m	NA	NA	f	y	y	n	y	isoflurane	NA	NA	NA	Bruker	9.4	n	GE-EPI	600	14	0.2*0.2	0.4		
		fslorient. 1 anat img per subj, in ses-1 only keep T2 anat img. 	1005	100501	2	1	E18	13	mouse	C57BL/6	C57BL/6	m	NA	NA	f	y	y	n	y	isoflurane	NA	NA	NA	Bruker	9.4	n	GE-EPI	600	14	0.2*0.2	0.4		
		fslorient. 1 anat img per subj, in ses-1 only keep T2 anat img. 	1005	100501	2	1	E18	14	mouse	C57BL/6	C57BL/6	m	NA	NA	f	y	y	n	y	isoflurane	NA	NA	NA	Bruker	9.4	n	GE-EPI	600	14	0.2*0.2	0.4		
		fslorient. 1 anat img per subj, in ses-1 only keep T2 anat img. 	1005	100501	2	1	E18	15	mouse	C57BL/6	C57BL/6	m	NA	NA	f	y	y	n	y	isoflurane	NA	NA	NA	Bruker	9.4	n	GE-EPI	600	14	0.2*0.2	0.4		
		fslorient. 1 anat img per subj, in ses-1 only keep T2 anat img. 	1005	100501	2	1	E18	16	mouse	C57BL/6	C57BL/6	m	NA	NA	f	y	y	n	y	isoflurane	NA	NA	NA	Bruker	9.4	n	GE-EPI	600	14	0.2*0.2	0.4		
		fslorient. 1 anat img per subj, in ses-1 only keep T2 anat img. 	1005	100501	2	1	E18	17	mouse	C57BL/6	C57BL/6	m	NA	NA	f	y	y	n	y	isoflurane	NA	NA	NA	Bruker	9.4	n	GE-EPI	600	14	0.2*0.2	0.4		
		fslorient. 1 anat img per subj, in ses-1 only keep T2 anat img. 	1005	100501	2	1	E18	18	mouse	C57BL/6	C57BL/6	m	NA	NA	f	y	y	n	y	isoflurane	NA	NA	NA	Bruker	9.4	n	GE-EPI	600	14	0.2*0.2	0.4		
		fslorient. 1 anat img per subj, in ses-1 only keep T2 anat img. 	1005	100501	2	1	E18	19	mouse	C57BL/6	C57BL/6	m	NA	NA	f	y	y	n	y	isoflurane	NA	NA	NA	Bruker	9.4	n	GE-EPI	600	14	0.2*0.2	0.4		
		fslorient. 1 anat img per subj, in ses-1 only keep T2 anat img. 	1005	100501	2	1	E18	20	mouse	C57BL/6	C57BL/6	m	NA	NA	f	y	y	n	y	isoflurane	NA	NA	NA	Bruker	9.4	n	GE-EPI	600	14	0.2*0.2	0.4		
		fslorient. 1 anat img per subj, in ses-1 only keep T2 anat img. 	1005	100501	2	1	E18	21	mouse	C57BL/6	C57BL/6	m	NA	NA	f	y	y	n	y	isoflurane	NA	NA	NA	Bruker	9.4	n	GE-EPI	600	14	0.2*0.2	0.4		
		fslorient. 1 anat img per subj, in ses-1 only keep T2 anat img. 	1005	100501	2	1	E18	22	mouse	C57BL/6	C57BL/6	m	NA	NA	f	y	y	n	y	isoflurane	NA	NA	NA	Bruker	9.4	n	GE-EPI	600	14	0.2*0.2	0.4		
		fslorient. 1 anat img per subj, in ses-1 only keep T2 anat img. 	1005	100501	2	1	E18	23	mouse	C57BL/6	C57BL/6	m	NA	NA	f	y	y	n	y	isoflurane	NA	NA	NA	Bruker	9.4	n	GE-EPI	600	14	0.2*0.2	0.4		
		fslorient. 1 anat img per subj, in ses-1 only keep T2 anat img. 	1005	100501	2	1	E18	24	mouse	C57BL/6	C57BL/6	m	NA	NA	f	y	y	n	y	isoflurane	NA	NA	NA	Bruker	9.4	n	GE-EPI	600	14	0.2*0.2	0.4		
		fslorient. 1 anat img per subj, in ses-1 only keep T2 anat img	1005	100502	7	1	E7	1	mouse	C57BL/6	C57BL/6	m	NA	NA	f	y	y	n	y	isoflurane	NA	NA	NA	Bruker	9.4	y	GE-EPI	1500	12.5	0.18*0.18	0.4		
y		fslorient. only keep T2 anat img	1005	100502	7	2	E18	1	mouse	C57BL/6	C57BL/6	m	NA	NA	f	y	y	n	y	isoflurane	NA	NA	NA	Bruker	9.4	y	SE-EPI	1500	25	0.15*0.15	0.4		
y		fslorient. only keep T2 anat img	1005	100502	7	3	E19	1	mouse	C57BL/6	C57BL/6	m	NA	NA	f	y	y	n	y	isoflurane	NA	NA	NA	Bruker	9.4	y	SE-EPI	1500	25	0.15*0.15	0.4		
		fslorient. only keep T2 anat img	1005	100502	7	4	E10	1	mouse	C57BL/6	C57BL/6	m	NA	NA	f	y	y	n	y	isoflurane	NA	NA	NA	Bruker	9.4	n	GE-EPI	600	14	0.2*0.2	0.4		
		fslorient. only keep T2 anat img	1005	100502	7	4	E10	2	mouse	C57BL/6	C57BL/6	m	NA	NA	f	y	y	n	y	isoflurane	NA	NA	NA	Bruker	9.4	n	GE-EPI	600	14	0.2*0.2	0.4		
		fslorient. only keep T2 anat img	1005	100502	7	4	E10	3	mouse	C57BL/6	C57BL/6	m	NA	NA	f	y	y	n	y	isoflurane	NA	NA	NA	Bruker	9.4	n	GE-EPI	600	14	0.2*0.2	0.4		
		fslorient. only keep T2 anat img	1005	100502	7	4	E10	4	mouse	C57BL/6	C57BL/6	m	NA	NA	f	y	y	n	y	isoflurane	NA	NA	NA	Bruker	9.4	n	GE-EPI	600	14	0.2*0.2	0.4		
		fslorient. only keep T2 anat img	1005	100502	7	4	E10	5	mouse	C57BL/6	C57BL/6	m	NA	NA	f	y	y	n	y	isoflurane	NA	NA	NA	Bruker	9.4	n	GE-EPI	600	14	0.2*0.2	0.4		
		fslorient. only keep T2 anat img	1005	100502	7	4	E10	6	mouse	C57BL/6	C57BL/6	m	NA	NA	f	y	y	n	y	isoflurane	NA	NA	NA	Bruker	9.4	n	GE-EPI	600	14	0.2*0.2	0.4		
		fslorient. only keep T2 anat img	1005	100502	7	4	E10	7	mouse	C57BL/6	C57BL/6	m	NA	NA	f	y	y	n	y	isoflurane	NA	NA	NA	Bruker	9.4	n	GE-EPI	600	14	0.2*0.2	0.4		
		fslorient. only keep T2 anat img	1005	100502	7	4	E10	8	mouse	C57BL/6	C57BL/6	m	NA	NA	f	y	y	n	y	isoflurane	NA	NA	NA	Bruker	9.4	n	GE-EPI	600	14	0.2*0.2	0.4		
		fslorient. only keep T2 anat img	1005	100502	7	4	E10	9	mouse	C57BL/6	C57BL/6	m	NA	NA	f	y	y	n	y	isoflurane	NA	NA	NA	Bruker	9.4	n	GE-EPI	600	14	0.2*0.2	0.4		
		fslorient. only keep T2 anat img	1005	100502	7	4	E10	10	mouse	C57BL/6	C57BL/6	m	NA	NA	f	y	y	n	y	isoflurane	NA	NA	NA	Bruker	9.4	n	GE-EPI	600	14	0.2*0.2	0.4		
		fslorient. only keep T2 anat img	1005	100502	7	4	E10	11	mouse	C57BL/6	C57BL/6	m	NA	NA	f	y	y	n	y	isoflurane	NA	NA	NA	Bruker	9.4	n	GE-EPI	600	14	0.2*0.2	0.4		
		fslorient. only keep T2 anat img	1005	100502	7	4	E10	12	mouse	C57BL/6	C57BL/6	m	NA	NA	f	y	y	n	y	isoflurane	NA	NA	NA	Bruker	9.4	n	GE-EPI	600	14	0.2*0.2	0.4		
		fslorient. only keep T2 anat img	1005	100502	7	4	E10	13	mouse	C57BL/6	C57BL/6	m	NA	NA	f	y	y	n	y	isoflurane	NA	NA	NA	Bruker	9.4	n	GE-EPI	600	14	0.2*0.2	0.4		
		fslorient. only keep T2 anat img	1005	100502	7	4	E10	14	mouse	C57BL/6	C57BL/6	m	NA	NA	f	y	y	n	y	isoflurane	NA	NA	NA	Bruker	9.4	n	GE-EPI	600	14	0.2*0.2	0.4		
		fslorient. only keep T2 anat img	1005	100502	7	4	E10	15	mouse	C57BL/6	C57BL/6	m	NA	NA	f	y	y	n	y	isoflurane	NA	NA	NA	Bruker	9.4	n	GE-EPI	600	14	0.2*0.2	0.4		
		fslorient. only keep T2 anat img	1005	100502	7	4	E10	16	mouse	C57BL/6	C57BL/6	m	NA	NA	f	y	y	n	y	isoflurane	NA	NA	NA	Bruker	9.4	n	GE-EPI	600	14	0.2*0.2	0.4		
		fslorient. only keep T2 anat img	1005	100502	7	4	E10	17	mouse	C57BL/6	C57BL/6	m	NA	NA	f	y	y	n	y	isoflurane	NA	NA	NA	Bruker	9.4	n	GE-EPI	600	14	0.2*0.2	0.4		
		fslorient. only keep T2 anat img	1005	100502	7	4	E10	18	mouse	C57BL/6	C57BL/6	m	NA	NA	f	y	y	n	y	isoflurane	NA	NA	NA	Bruker	9.4	n	GE-EPI	600	14	0.2*0.2	0.4		
		fslorient. only keep T2 anat img	1005	100502	7	4	E10	19	mouse	C57BL/6	C57BL/6	m	NA	NA	f	y	y	n	y	isoflurane	NA	NA	NA	Bruker	9.4	n	GE-EPI	600	14	0.2*0.2	0.4		
		fslorient. only keep T2 anat img	1005	100502	7	4	E10	20	mouse	C57BL/6	C57BL/6	m	NA	NA	f	y	y	n	y	isoflurane	NA	NA	NA	Bruker	9.4	n	GE-EPI	600	14	0.2*0.2	0.4		
		fslorient. only keep T2 anat img	1005	100502	7	4	E10	21	mouse	C57BL/6	C57BL/6	m	NA	NA	f	y	y	n	y	isoflurane	NA	NA	NA	Bruker	9.4	n	GE-EPI	600	14	0.2*0.2	0.4		
		fslorient. only keep T2 anat img	1005	100502	7	4	E10	22	mouse	C57BL/6	C57BL/6	m	NA	NA	f	y	y	n	y	isoflurane	NA	NA	NA	Bruker	9.4	n	GE-EPI	600	14	0.2*0.2	0.4		
		fslorient. only keep T2 anat img	1005	100502	7	4	E10	23	mouse	C57BL/6	C57BL/6	m	NA	NA	f	y	y	n	y	isoflurane	NA	NA	NA	Bruker	9.4	n	GE-EPI	600	14	0.2*0.2	0.4		
		fslorient. only keep T2 anat img	1005	100502	7	4	E10	24	mouse	C57BL/6	C57BL/6	m	NA	NA	f	y	y	n	y	isoflurane	NA	NA	NA	Bruker	9.4	n	GE-EPI	600	14	0.2*0.2	0.4		
		fslorient. 1 anat img per subj, in ses-1	1005	100503	15	1	E19	1	mouse	C57BL/6	C57BL/6	m	NA	NA	f	y	y	n	y	isoflurane	NA	NA	NA	Bruker	9.4	y	SE-EPI	1500	25	0.15*0.15	0.4		
		fslorient	1005	100503	15	2	E20	1	mouse	C57BL/6	C57BL/6	m	NA	NA	f	y	y	n	y	isoflurane	NA	NA	NA	Bruker	9.4	y	SE-EPI	1500	25	0.15*0.15	0.4		
		fslorient. 1 anat img per subj, in ses-1	1005	100504	16	1	E26	1	mouse	C57BL/6	C57BL/6	m	NA	NA	f	y	y	n	y	isoflurane	NA	NA	NA	Bruker	9.4	y	GE-EPI	1500	25	0.14*0.14	0.4		
y		fslorient	1005	100504	16	2	E35	1	mouse	C57BL/6	C57BL/6	m	NA	NA	f	y	y	n	y	isoflurane	NA	NA	NA	Bruker	9.4	y	GE-EPI	1500	12.5	0.18*0.18	0.4		
y		fslorient	1005	100504	16	3	E57	1	mouse	C57BL/6	C57BL/6	m	NA	NA	f	y	y	n	y	isoflurane	NA	NA	NA	Bruker	9.4	y	GE-EPI	1500	12.5	0.18*0.18	0.4		
		fslorient	1005	100505	109	1	E4	1	mouse	C57BL/6	C57BL/6	m	10	NA	f	y	y	n	y	isoflurane	NA	NA	NA	Bruker	9.4	n	GE-EPI	600	14	0.2*0.2	0.4		
		fslorient	1005	100505	109	1	E4	2	mouse	C57BL/6	C57BL/6	m	10	NA	f	y	y	n	y	isoflurane	NA	NA	NA	Bruker	9.4	n	GE-EPI	600	14	0.2*0.2	0.4		
		fslorient	1005	100505	109	1	E4	3	mouse	C57BL/6	C57BL/6	m	10	NA	f	y	y	n	y	isoflurane	NA	NA	NA	Bruker	9.4	n	GE-EPI	600	14	0.2*0.2	0.4		
		fslorient	1005	100505	109	1	E4	4	mouse	C57BL/6	C57BL/6	m	10	NA	f	y	y	n	y	isoflurane	NA	NA	NA	Bruker	9.4	n	GE-EPI	600	14	0.2*0.2	0.4		
		fslorient	1005	100505	109	1	E4	5	mouse	C57BL/6	C57BL/6	m	10	NA	f	y	y	n	y	isoflurane	NA	NA	NA	Bruker	9.4	n	GE-EPI	600	14	0.2*0.2	0.4		
		fslorient	1005	100505	109	1	E4	6	mouse	C57BL/6	C57BL/6	m	10	NA	f	y	y	n	y	isoflurane	NA	NA	NA	Bruker	9.4	n	GE-EPI	600	14	0.2*0.2	0.4		
		fslorient	1005	100505	109	1	E4	7	mouse	C57BL/6	C57BL/6	m	10	NA	f	y	y	n	y	isoflurane	NA	NA	NA	Bruker	9.4	n	GE-EPI	600	14	0.2*0.2	0.4		
		fslorient	1005	100505	109	1	E4	8	mouse	C57BL/6	C57BL/6	m	10	NA	f	y	y	n	y	isoflurane	NA	NA	NA	Bruker	9.4	n	GE-EPI	600	14	0.2*0.2	0.4		
		fslorient	1005	100505	109	1	E4	9	mouse	C57BL/6	C57BL/6	m	10	NA	f	y	y	n	y	isoflurane	NA	NA	NA	Bruker	9.4	n	GE-EPI	600	14	0.2*0.2	0.4		
		fslorient	1005	100505	109	1	E4	10	mouse	C57BL/6	C57BL/6	m	10	NA	f	y	y	n	y	isoflurane	NA	NA	NA	Bruker	9.4	n	GE-EPI	600	14	0.2*0.2	0.4		
		fslorient	1005	100505	109	1	E4	11	mouse	C57BL/6	C57BL/6	m	10	NA	f	y	y	n	y	isoflurane	NA	NA	NA	Bruker	9.4	n	GE-EPI	600	14	0.2*0.2	0.4		
		fslorient	1005	100505	109	1	E4	12	mouse	C57BL/6	C57BL/6	m	10	NA	f	y	y	n	y	isoflurane	NA	NA	NA	Bruker	9.4	n	GE-EPI	600	14	0.2*0.2	0.4		
		fslorient	1005	100505	109	1	E4	13	mouse	C57BL/6	C57BL/6	m	10	NA	f	y	y	n	y	isoflurane	NA	NA	NA	Bruker	9.4	n	GE-EPI	600	14	0.2*0.2	0.4		
		fslorient	1005	100505	109	1	E4	14	mouse	C57BL/6	C57BL/6	m	10	NA	f	y	y	n	y	isoflurane	NA	NA	NA	Bruker	9.4	n	GE-EPI	600	14	0.2*0.2	0.4		
		fslorient	1005	100505	109	1	E4	15	mouse	C57BL/6	C57BL/6	m	10	NA	f	y	y	n	y	isoflurane	NA	NA	NA	Bruker	9.4	n	GE-EPI	600	14	0.2*0.2	0.4		
		fslorient	1005	100505	109	1	E4	16	mouse	C57BL/6	C57BL/6	m	10	NA	f	y	y	n	y	isoflurane	NA	NA	NA	Bruker	9.4	n	GE-EPI	600	14	0.2*0.2	0.4		
		fslorient	1005	100505	109	1	E4	17	mouse	C57BL/6	C57BL/6	m	10	NA	f	y	y	n	y	isoflurane	NA	NA	NA	Bruker	9.4	n	GE-EPI	600	14	0.2*0.2	0.4		
		fslorient	1005	100505	109	1	E4	18	mouse	C57BL/6	C57BL/6	m	10	NA	f	y	y	n	y	isoflurane	NA	NA	NA	Bruker	9.4	n	GE-EPI	600	14	0.2*0.2	0.4		
		fslorient	1005	100505	109	1	E4	19	mouse	C57BL/6	C57BL/6	m	10	NA	f	y	y	n	y	isoflurane	NA	NA	NA	Bruker	9.4	n	GE-EPI	600	14	0.2*0.2	0.4		
		fslorient	1005	100505	109	1	E4	20	mouse	C57BL/6	C57BL/6	m	10	NA	f	y	y	n	y	isoflurane	NA	NA	NA	Bruker	9.4	n	GE-EPI	600	14	0.2*0.2	0.4		
		fslorient	1005	100505	109	1	E4	21	mouse	C57BL/6	C57BL/6	m	10	NA	f	y	y	n	y	isoflurane	NA	NA	NA	Bruker	9.4	n	GE-EPI	600	14	0.2*0.2	0.4		
		fslorient	1005	100505	109	1	E4	22	mouse	C57BL/6	C57BL/6	m	10	NA	f	y	y	n	y	isoflurane	NA	NA	NA	Bruker	9.4	n	GE-EPI	600	14	0.2*0.2	0.4		
		fslorient	1005	100505	109	1	E4	23	mouse	C57BL/6	C57BL/6	m	10	NA	f	y	y	n	y	isoflurane	NA	NA	NA	Bruker	9.4	n	GE-EPI	600	14	0.2*0.2	0.4		
		fslorient	1005	100505	109	1	E4	24	mouse	C57BL/6	C57BL/6	m	10	NA	f	y	y	n	y	isoflurane	NA	NA	NA	Bruker	9.4	n	GE-EPI	600	14	0.2*0.2	0.4		
		fslorient	1005	100506	113	1	E4	1	mouse	C57BL/6	C57BL/6	m	11	24.1	f	y	y	n	y	isoflurane	NA	NA	NA	Bruker	9.4	n	GE-EPI	600	14	0.2*0.2	0.4		
		fslorient	1005	100506	113	1	E4	2	mouse	C57BL/6	C57BL/6	m	11	24.1	f	y	y	n	y	isoflurane	NA	NA	NA	Bruker	9.4	n	GE-EPI	600	14	0.2*0.2	0.4		
		fslorient	1005	100506	113	1	E4	3	mouse	C57BL/6	C57BL/6	m	11	24.1	f	y	y	n	y	isoflurane	NA	NA	NA	Bruker	9.4	n	GE-EPI	600	14	0.2*0.2	0.4		
		fslorient	1005	100506	113	1	E4	4	mouse	C57BL/6	C57BL/6	m	11	24.1	f	y	y	n	y	isoflurane	NA	NA	NA	Bruker	9.4	n	GE-EPI	600	14	0.2*0.2	0.4		
		fslorient	1005	100506	113	1	E4	5	mouse	C57BL/6	C57BL/6	m	11	24.1	f	y	y	n	y	isoflurane	NA	NA	NA	Bruker	9.4	n	GE-EPI	600	14	0.2*0.2	0.4		
		fslorient	1005	100506	113	1	E4	6	mouse	C57BL/6	C57BL/6	m	11	24.1	f	y	y	n	y	isoflurane	NA	NA	NA	Bruker	9.4	n	GE-EPI	600	14	0.2*0.2	0.4		
		fslorient	1005	100506	113	1	E4	7	mouse	C57BL/6	C57BL/6	m	11	24.1	f	y	y	n	y	isoflurane	NA	NA	NA	Bruker	9.4	n	GE-EPI	600	14	0.2*0.2	0.4		
		fslorient	1005	100506	113	1	E4	8	mouse	C57BL/6	C57BL/6	m	11	24.1	f	y	y	n	y	isoflurane	NA	NA	NA	Bruker	9.4	n	GE-EPI	600	14	0.2*0.2	0.4		
		fslorient	1005	100506	113	1	E4	9	mouse	C57BL/6	C57BL/6	m	11	24.1	f	y	y	n	y	isoflurane	NA	NA	NA	Bruker	9.4	n	GE-EPI	600	14	0.2*0.2	0.4		
		fslorient	1005	100506	113	1	E4	10	mouse	C57BL/6	C57BL/6	m	11	24.1	f	y	y	n	y	isoflurane	NA	NA	NA	Bruker	9.4	n	GE-EPI	600	14	0.2*0.2	0.4		
		fslorient	1005	100506	113	1	E4	11	mouse	C57BL/6	C57BL/6	m	11	24.1	f	y	y	n	y	isoflurane	NA	NA	NA	Bruker	9.4	n	GE-EPI	600	14	0.2*0.2	0.4		
		fslorient	1005	100506	113	1	E4	12	mouse	C57BL/6	C57BL/6	m	11	24.1	f	y	y	n	y	isoflurane	NA	NA	NA	Bruker	9.4	n	GE-EPI	600	14	0.2*0.2	0.4		
		fslorient	1005	100506	113	1	E4	13	mouse	C57BL/6	C57BL/6	m	11	24.1	f	y	y	n	y	isoflurane	NA	NA	NA	Bruker	9.4	n	GE-EPI	600	14	0.2*0.2	0.4		
		fslorient	1005	100506	113	1	E4	14	mouse	C57BL/6	C57BL/6	m	11	24.1	f	y	y	n	y	isoflurane	NA	NA	NA	Bruker	9.4	n	GE-EPI	600	14	0.2*0.2	0.4		
		fslorient	1005	100506	113	1	E4	15	mouse	C57BL/6	C57BL/6	m	11	24.1	f	y	y	n	y	isoflurane	NA	NA	NA	Bruker	9.4	n	GE-EPI	600	14	0.2*0.2	0.4		
		fslorient	1005	100506	113	1	E4	16	mouse	C57BL/6	C57BL/6	m	11	24.1	f	y	y	n	y	isoflurane	NA	NA	NA	Bruker	9.4	n	GE-EPI	600	14	0.2*0.2	0.4		
		fslorient	1005	100506	113	1	E4	17	mouse	C57BL/6	C57BL/6	m	11	24.1	f	y	y	n	y	isoflurane	NA	NA	NA	Bruker	9.4	n	GE-EPI	600	14	0.2*0.2	0.4		
		fslorient	1005	100506	113	1	E4	18	mouse	C57BL/6	C57BL/6	m	11	24.1	f	y	y	n	y	isoflurane	NA	NA	NA	Bruker	9.4	n	GE-EPI	600	14	0.2*0.2	0.4		
		fslorient	1005	100506	113	1	E4	19	mouse	C57BL/6	C57BL/6	m	11	24.1	f	y	y	n	y	isoflurane	NA	NA	NA	Bruker	9.4	n	GE-EPI	600	14	0.2*0.2	0.4		
		fslorient	1005	100506	113	1	E4	20	mouse	C57BL/6	C57BL/6	m	11	24.1	f	y	y	n	y	isoflurane	NA	NA	NA	Bruker	9.4	n	GE-EPI	600	14	0.2*0.2	0.4		
		fslorient	1005	100506	113	1	E4	21	mouse	C57BL/6	C57BL/6	m	11	24.1	f	y	y	n	y	isoflurane	NA	NA	NA	Bruker	9.4	n	GE-EPI	600	14	0.2*0.2	0.4		
		fslorient	1005	100506	113	1	E4	22	mouse	C57BL/6	C57BL/6	m	11	24.1	f	y	y	n	y	isoflurane	NA	NA	NA	Bruker	9.4	n	GE-EPI	600	14	0.2*0.2	0.4		
		fslorient	1005	100506	113	1	E4	23	mouse	C57BL/6	C57BL/6	m	11	24.1	f	y	y	n	y	isoflurane	NA	NA	NA	Bruker	9.4	n	GE-EPI	600	14	0.2*0.2	0.4		
		fslorient	1005	100506	113	1	E4	24	mouse	C57BL/6	C57BL/6	m	11	24.1	f	y	y	n	y	isoflurane	NA	NA	NA	Bruker	9.4	n	GE-EPI	600	14	0.2*0.2	0.4		
		fslorient	1005	100507	115	1	E7	1	mouse	C57BL/6	C57BL/6	m	12	25.2	f	y	y	n	y	isoflurane	NA	NA	NA	Bruker	9.4	n	GE-EPI	600	14	0.2*0.2	0.4		
y		fslorient	1005	100507	115	1	E7	2	mouse	C57BL/6	C57BL/6	m	12	25.2	f	y	y	n	y	isoflurane	NA	NA	NA	Bruker	9.4	n	GE-EPI	600	14	0.2*0.2	0.4		
		fslorient	1005	100507	115	1	E7	3	mouse	C57BL/6	C57BL/6	m	12	25.2	f	y	y	n	y	isoflurane	NA	NA	NA	Bruker	9.4	n	GE-EPI	600	14	0.2*0.2	0.4		
		fslorient	1005	100507	115	1	E7	4	mouse	C57BL/6	C57BL/6	m	12	25.2	f	y	y	n	y	isoflurane	NA	NA	NA	Bruker	9.4	n	GE-EPI	600	14	0.2*0.2	0.4		
		fslorient	1005	100507	115	1	E7	5	mouse	C57BL/6	C57BL/6	m	12	25.2	f	y	y	n	y	isoflurane	NA	NA	NA	Bruker	9.4	n	GE-EPI	600	14	0.2*0.2	0.4		
		fslorient	1005	100507	115	1	E7	6	mouse	C57BL/6	C57BL/6	m	12	25.2	f	y	y	n	y	isoflurane	NA	NA	NA	Bruker	9.4	n	GE-EPI	600	14	0.2*0.2	0.4		
		fslorient	1005	100507	115	1	E7	7	mouse	C57BL/6	C57BL/6	m	12	25.2	f	y	y	n	y	isoflurane	NA	NA	NA	Bruker	9.4	n	GE-EPI	600	14	0.2*0.2	0.4		
		fslorient	1005	100507	115	1	E7	8	mouse	C57BL/6	C57BL/6	m	12	25.2	f	y	y	n	y	isoflurane	NA	NA	NA	Bruker	9.4	n	GE-EPI	600	14	0.2*0.2	0.4		
		fslorient	1005	100507	115	1	E7	9	mouse	C57BL/6	C57BL/6	m	12	25.2	f	y	y	n	y	isoflurane	NA	NA	NA	Bruker	9.4	n	GE-EPI	600	14	0.2*0.2	0.4		
		fslorient	1005	100507	115	1	E7	10	mouse	C57BL/6	C57BL/6	m	12	25.2	f	y	y	n	y	isoflurane	NA	NA	NA	Bruker	9.4	n	GE-EPI	600	14	0.2*0.2	0.4		
		fslorient	1005	100507	115	1	E7	11	mouse	C57BL/6	C57BL/6	m	12	25.2	f	y	y	n	y	isoflurane	NA	NA	NA	Bruker	9.4	n	GE-EPI	600	14	0.2*0.2	0.4		
		fslorient	1005	100507	115	1	E7	12	mouse	C57BL/6	C57BL/6	m	12	25.2	f	y	y	n	y	isoflurane	NA	NA	NA	Bruker	9.4	n	GE-EPI	600	14	0.2*0.2	0.4		
		fslorient	1005	100507	115	1	E7	13	mouse	C57BL/6	C57BL/6	m	12	25.2	f	y	y	n	y	isoflurane	NA	NA	NA	Bruker	9.4	n	GE-EPI	600	14	0.2*0.2	0.4		
		fslorient	1005	100507	115	1	E7	14	mouse	C57BL/6	C57BL/6	m	12	25.2	f	y	y	n	y	isoflurane	NA	NA	NA	Bruker	9.4	n	GE-EPI	600	14	0.2*0.2	0.4		
		fslorient	1005	100507	115	1	E7	15	mouse	C57BL/6	C57BL/6	m	12	25.2	f	y	y	n	y	isoflurane	NA	NA	NA	Bruker	9.4	n	GE-EPI	600	14	0.2*0.2	0.4		
		fslorient	1005	100507	115	1	E7	16	mouse	C57BL/6	C57BL/6	m	12	25.2	f	y	y	n	y	isoflurane	NA	NA	NA	Bruker	9.4	n	GE-EPI	600	14	0.2*0.2	0.4		
		fslorient	1005	100507	115	1	E7	17	mouse	C57BL/6	C57BL/6	m	12	25.2	f	y	y	n	y	isoflurane	NA	NA	NA	Bruker	9.4	n	GE-EPI	600	14	0.2*0.2	0.4		
		fslorient	1005	100507	115	1	E7	18	mouse	C57BL/6	C57BL/6	m	12	25.2	f	y	y	n	y	isoflurane	NA	NA	NA	Bruker	9.4	n	GE-EPI	600	14	0.2*0.2	0.4		
		fslorient	1005	100507	115	1	E7	19	mouse	C57BL/6	C57BL/6	m	12	25.2	f	y	y	n	y	isoflurane	NA	NA	NA	Bruker	9.4	n	GE-EPI	600	14	0.2*0.2	0.4		
		fslorient	1005	100507	115	1	E7	20	mouse	C57BL/6	C57BL/6	m	12	25.2	f	y	y	n	y	isoflurane	NA	NA	NA	Bruker	9.4	n	GE-EPI	600	14	0.2*0.2	0.4		
		fslorient	1005	100507	115	1	E7	21	mouse	C57BL/6	C57BL/6	m	12	25.2	f	y	y	n	y	isoflurane	NA	NA	NA	Bruker	9.4	n	GE-EPI	600	14	0.2*0.2	0.4		
		fslorient	1005	100507	115	1	E7	22	mouse	C57BL/6	C57BL/6	m	12	25.2	f	y	y	n	y	isoflurane	NA	NA	NA	Bruker	9.4	n	GE-EPI	600	14	0.2*0.2	0.4		
y		fslorient	1005	100507	115	1	E7	23	mouse	C57BL/6	C57BL/6	m	12	25.2	f	y	y	n	y	isoflurane	NA	NA	NA	Bruker	9.4	n	GE-EPI	600	14	0.2*0.2	0.4		
y		fslorient	1005	100507	115	1	E7	24	mouse	C57BL/6	C57BL/6	m	12	25.2	f	y	y	n	y	isoflurane	NA	NA	NA	Bruker	9.4	n	GE-EPI	600	14	0.2*0.2	0.4		
		fslorient	1005	100508	117	1	E10	1	mouse	C57BL/6	C57BL/6	m	12	NA	f	y	y	n	y	isoflurane	NA	NA	NA	Bruker	9.4	n	GE-EPI	600	14	0.2*0.2	0.4		
y		fslorient	1005	100508	117	1	E10	2	mouse	C57BL/6	C57BL/6	m	12	NA	f	y	y	n	y	isoflurane	NA	NA	NA	Bruker	9.4	n	GE-EPI	600	14	0.2*0.2	0.4		
		fslorient	1005	100508	117	1	E10	3	mouse	C57BL/6	C57BL/6	m	12	NA	f	y	y	n	y	isoflurane	NA	NA	NA	Bruker	9.4	n	GE-EPI	600	14	0.2*0.2	0.4		
		fslorient	1005	100508	117	1	E10	4	mouse	C57BL/6	C57BL/6	m	12	NA	f	y	y	n	y	isoflurane	NA	NA	NA	Bruker	9.4	n	GE-EPI	600	14	0.2*0.2	0.4		
		fslorient	1005	100508	117	1	E10	5	mouse	C57BL/6	C57BL/6	m	12	NA	f	y	y	n	y	isoflurane	NA	NA	NA	Bruker	9.4	n	GE-EPI	600	14	0.2*0.2	0.4		
		fslorient	1005	100508	117	1	E10	6	mouse	C57BL/6	C57BL/6	m	12	NA	f	y	y	n	y	isoflurane	NA	NA	NA	Bruker	9.4	n	GE-EPI	600	14	0.2*0.2	0.4		
		fslorient	1005	100508	117	1	E10	7	mouse	C57BL/6	C57BL/6	m	12	NA	f	y	y	n	y	isoflurane	NA	NA	NA	Bruker	9.4	n	GE-EPI	600	14	0.2*0.2	0.4		
		fslorient	1005	100508	117	1	E10	8	mouse	C57BL/6	C57BL/6	m	12	NA	f	y	y	n	y	isoflurane	NA	NA	NA	Bruker	9.4	n	GE-EPI	600	14	0.2*0.2	0.4		
		fslorient	1005	100508	117	1	E10	9	mouse	C57BL/6	C57BL/6	m	12	NA	f	y	y	n	y	isoflurane	NA	NA	NA	Bruker	9.4	n	GE-EPI	600	14	0.2*0.2	0.4		
		fslorient	1005	100508	117	1	E10	10	mouse	C57BL/6	C57BL/6	m	12	NA	f	y	y	n	y	isoflurane	NA	NA	NA	Bruker	9.4	n	GE-EPI	600	14	0.2*0.2	0.4		
		fslorient	1005	100508	117	1	E10	11	mouse	C57BL/6	C57BL/6	m	12	NA	f	y	y	n	y	isoflurane	NA	NA	NA	Bruker	9.4	n	GE-EPI	600	14	0.2*0.2	0.4		
		fslorient	1005	100508	117	1	E10	12	mouse	C57BL/6	C57BL/6	m	12	NA	f	y	y	n	y	isoflurane	NA	NA	NA	Bruker	9.4	n	GE-EPI	600	14	0.2*0.2	0.4		
		fslorient	1005	100508	117	1	E10	13	mouse	C57BL/6	C57BL/6	m	12	NA	f	y	y	n	y	isoflurane	NA	NA	NA	Bruker	9.4	n	GE-EPI	600	14	0.2*0.2	0.4		
		fslorient	1005	100508	117	1	E10	14	mouse	C57BL/6	C57BL/6	m	12	NA	f	y	y	n	y	isoflurane	NA	NA	NA	Bruker	9.4	n	GE-EPI	600	14	0.2*0.2	0.4		
		fslorient	1005	100508	117	1	E10	15	mouse	C57BL/6	C57BL/6	m	12	NA	f	y	y	n	y	isoflurane	NA	NA	NA	Bruker	9.4	n	GE-EPI	600	14	0.2*0.2	0.4		
		fslorient	1005	100508	117	1	E10	16	mouse	C57BL/6	C57BL/6	m	12	NA	f	y	y	n	y	isoflurane	NA	NA	NA	Bruker	9.4	n	GE-EPI	600	14	0.2*0.2	0.4		
		fslorient	1005	100508	117	1	E10	17	mouse	C57BL/6	C57BL/6	m	12	NA	f	y	y	n	y	isoflurane	NA	NA	NA	Bruker	9.4	n	GE-EPI	600	14	0.2*0.2	0.4		
		fslorient	1005	100508	117	1	E10	18	mouse	C57BL/6	C57BL/6	m	12	NA	f	y	y	n	y	isoflurane	NA	NA	NA	Bruker	9.4	n	GE-EPI	600	14	0.2*0.2	0.4		
		fslorient	1005	100508	117	1	E10	19	mouse	C57BL/6	C57BL/6	m	12	NA	f	y	y	n	y	isoflurane	NA	NA	NA	Bruker	9.4	n	GE-EPI	600	14	0.2*0.2	0.4		
		fslorient	1005	100508	117	1	E10	20	mouse	C57BL/6	C57BL/6	m	12	NA	f	y	y	n	y	isoflurane	NA	NA	NA	Bruker	9.4	n	GE-EPI	600	14	0.2*0.2	0.4		
		fslorient	1005	100508	117	1	E10	21	mouse	C57BL/6	C57BL/6	m	12	NA	f	y	y	n	y	isoflurane	NA	NA	NA	Bruker	9.4	n	GE-EPI	600	14	0.2*0.2	0.4		
		fslorient	1005	100508	117	1	E10	22	mouse	C57BL/6	C57BL/6	m	12	NA	f	y	y	n	y	isoflurane	NA	NA	NA	Bruker	9.4	n	GE-EPI	600	14	0.2*0.2	0.4		
		fslorient	1005	100508	117	1	E10	23	mouse	C57BL/6	C57BL/6	m	12	NA	f	y	y	n	y	isoflurane	NA	NA	NA	Bruker	9.4	n	GE-EPI	600	14	0.2*0.2	0.4		
		fslorient	1005	100508	117	1	E10	24	mouse	C57BL/6	C57BL/6	m	12	NA	f	y	y	n	y	isoflurane	NA	NA	NA	Bruker	9.4	n	GE-EPI	600	14	0.2*0.2	0.4		
y		fslorient	1005	100509	119	1	E15	1	mouse	C57BL/6	C57BL/6	m	12	23.4	f	y	y	n	y	isoflurane	NA	NA	NA	Bruker	9.4	n	GE-EPI	600	14	0.2*0.2	0.4		
		fslorient	1005	100509	119	1	E15	2	mouse	C57BL/6	C57BL/6	m	12	23.4	f	y	y	n	y	isoflurane	NA	NA	NA	Bruker	9.4	n	GE-EPI	600	14	0.2*0.2	0.4		
		fslorient	1005	100509	119	1	E15	3	mouse	C57BL/6	C57BL/6	m	12	23.4	f	y	y	n	y	isoflurane	NA	NA	NA	Bruker	9.4	n	GE-EPI	600	14	0.2*0.2	0.4		
		fslorient	1005	100509	119	1	E15	4	mouse	C57BL/6	C57BL/6	m	12	23.4	f	y	y	n	y	isoflurane	NA	NA	NA	Bruker	9.4	n	GE-EPI	600	14	0.2*0.2	0.4		
		fslorient	1005	100509	119	1	E15	5	mouse	C57BL/6	C57BL/6	m	12	23.4	f	y	y	n	y	isoflurane	NA	NA	NA	Bruker	9.4	n	GE-EPI	600	14	0.2*0.2	0.4		
		fslorient	1005	100509	119	1	E15	6	mouse	C57BL/6	C57BL/6	m	12	23.4	f	y	y	n	y	isoflurane	NA	NA	NA	Bruker	9.4	n	GE-EPI	600	14	0.2*0.2	0.4		
		fslorient	1005	100509	119	1	E15	7	mouse	C57BL/6	C57BL/6	m	12	23.4	f	y	y	n	y	isoflurane	NA	NA	NA	Bruker	9.4	n	GE-EPI	600	14	0.2*0.2	0.4		
		fslorient	1005	100509	119	1	E15	8	mouse	C57BL/6	C57BL/6	m	12	23.4	f	y	y	n	y	isoflurane	NA	NA	NA	Bruker	9.4	n	GE-EPI	600	14	0.2*0.2	0.4		
		fslorient	1005	100509	119	1	E15	9	mouse	C57BL/6	C57BL/6	m	12	23.4	f	y	y	n	y	isoflurane	NA	NA	NA	Bruker	9.4	n	GE-EPI	600	14	0.2*0.2	0.4		
		fslorient	1005	100509	119	1	E15	10	mouse	C57BL/6	C57BL/6	m	12	23.4	f	y	y	n	y	isoflurane	NA	NA	NA	Bruker	9.4	n	GE-EPI	600	14	0.2*0.2	0.4		
		fslorient	1005	100509	119	1	E15	11	mouse	C57BL/6	C57BL/6	m	12	23.4	f	y	y	n	y	isoflurane	NA	NA	NA	Bruker	9.4	n	GE-EPI	600	14	0.2*0.2	0.4		
		fslorient	1005	100509	119	1	E15	12	mouse	C57BL/6	C57BL/6	m	12	23.4	f	y	y	n	y	isoflurane	NA	NA	NA	Bruker	9.4	n	GE-EPI	600	14	0.2*0.2	0.4		
		fslorient	1005	100509	119	1	E15	13	mouse	C57BL/6	C57BL/6	m	12	23.4	f	y	y	n	y	isoflurane	NA	NA	NA	Bruker	9.4	n	GE-EPI	600	14	0.2*0.2	0.4		
		fslorient	1005	100509	119	1	E15	14	mouse	C57BL/6	C57BL/6	m	12	23.4	f	y	y	n	y	isoflurane	NA	NA	NA	Bruker	9.4	n	GE-EPI	600	14	0.2*0.2	0.4		
		fslorient	1005	100509	119	1	E15	15	mouse	C57BL/6	C57BL/6	m	12	23.4	f	y	y	n	y	isoflurane	NA	NA	NA	Bruker	9.4	n	GE-EPI	600	14	0.2*0.2	0.4		
		fslorient	1005	100509	119	1	E15	16	mouse	C57BL/6	C57BL/6	m	12	23.4	f	y	y	n	y	isoflurane	NA	NA	NA	Bruker	9.4	n	GE-EPI	600	14	0.2*0.2	0.4		
		fslorient	1005	100509	119	1	E15	17	mouse	C57BL/6	C57BL/6	m	12	23.4	f	y	y	n	y	isoflurane	NA	NA	NA	Bruker	9.4	n	GE-EPI	600	14	0.2*0.2	0.4		
		fslorient	1005	100509	119	1	E15	18	mouse	C57BL/6	C57BL/6	m	12	23.4	f	y	y	n	y	isoflurane	NA	NA	NA	Bruker	9.4	n	GE-EPI	600	14	0.2*0.2	0.4		
		fslorient	1005	100509	119	1	E15	19	mouse	C57BL/6	C57BL/6	m	12	23.4	f	y	y	n	y	isoflurane	NA	NA	NA	Bruker	9.4	n	GE-EPI	600	14	0.2*0.2	0.4		
		fslorient	1005	100509	119	1	E15	20	mouse	C57BL/6	C57BL/6	m	12	23.4	f	y	y	n	y	isoflurane	NA	NA	NA	Bruker	9.4	n	GE-EPI	600	14	0.2*0.2	0.4		
		fslorient	1005	100509	119	1	E15	21	mouse	C57BL/6	C57BL/6	m	12	23.4	f	y	y	n	y	isoflurane	NA	NA	NA	Bruker	9.4	n	GE-EPI	600	14	0.2*0.2	0.4		
		fslorient	1005	100509	119	1	E15	22	mouse	C57BL/6	C57BL/6	m	12	23.4	f	y	y	n	y	isoflurane	NA	NA	NA	Bruker	9.4	n	GE-EPI	600	14	0.2*0.2	0.4		
		fslorient	1005	100509	119	1	E15	23	mouse	C57BL/6	C57BL/6	m	12	23.4	f	y	y	n	y	isoflurane	NA	NA	NA	Bruker	9.4	n	GE-EPI	600	14	0.2*0.2	0.4		
		fslorient	1005	100509	119	1	E15	24	mouse	C57BL/6	C57BL/6	m	12	23.4	f	y	y	n	y	isoflurane	NA	NA	NA	Bruker	9.4	n	GE-EPI	600	14	0.2*0.2	0.4		
y		fslorient	1005	100510	138	1	E28 (E77)	1	mouse	C57BL/6	C57BL/6	m	11	20.5	f	y	y	n	y	isoflurane	NA	NA	NA	Bruker	9.4	y	GE-EPI	1500	14.4	0.125*0.125	0.4		
y		fslorient	1005	100511	141	1	E40	1	mouse	C57BL/6	C57BL/6	m	11	22.4	f	y	y	n	y	isoflurane	NA	NA	NA	Bruker	9.4	y	GE-EPI	1500	14.4	0.125*0.125	0.4		
		fslorient	1005	100512	150	1	E16 (E14)	1	mouse	C57BL/6	C57BL/6	m	11	22.1	f	y	y	n	y	isoflurane	NA	NA	NA	Bruker	9.4	n	GE-EPI	600	11	0.2*0.2	0.4		
		fslorient	1005	100512	150	1	E16 (E14)	2	mouse	C57BL/6	C57BL/6	m	11	22.1	f	y	y	n	y	isoflurane	NA	NA	NA	Bruker	9.4	n	GE-EPI	600	11	0.2*0.2	0.4		
		fslorient	1005	100512	150	1	E16 (E14)	3	mouse	C57BL/6	C57BL/6	m	11	22.1	f	y	y	n	y	isoflurane	NA	NA	NA	Bruker	9.4	n	GE-EPI	600	11	0.2*0.2	0.4		
		fslorient	1005	100512	150	1	E16 (E14)	4	mouse	C57BL/6	C57BL/6	m	11	22.1	f	y	y	n	y	isoflurane	NA	NA	NA	Bruker	9.4	n	GE-EPI	600	11	0.2*0.2	0.4		
		fslorient	1005	100512	150	1	E16 (E14)	5	mouse	C57BL/6	C57BL/6	m	11	22.1	f	y	y	n	y	isoflurane	NA	NA	NA	Bruker	9.4	n	GE-EPI	600	11	0.2*0.2	0.4		
		fslorient	1005	100512	150	1	E16 (E14)	6	mouse	C57BL/6	C57BL/6	m	11	22.1	f	y	y	n	y	isoflurane	NA	NA	NA	Bruker	9.4	n	GE-EPI	600	11	0.2*0.2	0.4		
		fslorient	1005	100512	150	1	E16 (E14)	7	mouse	C57BL/6	C57BL/6	m	11	22.1	f	y	y	n	y	isoflurane	NA	NA	NA	Bruker	9.4	n	GE-EPI	600	11	0.2*0.2	0.4		
		fslorient	1005	100512	150	1	E16 (E14)	8	mouse	C57BL/6	C57BL/6	m	11	22.1	f	y	y	n	y	isoflurane	NA	NA	NA	Bruker	9.4	n	GE-EPI	600	11	0.2*0.2	0.4		
		fslorient	1005	100512	150	1	E16 (E14)	9	mouse	C57BL/6	C57BL/6	m	11	22.1	f	y	y	n	y	isoflurane	NA	NA	NA	Bruker	9.4	n	GE-EPI	600	11	0.2*0.2	0.4		
		fslorient	1005	100512	150	1	E16 (E14)	10	mouse	C57BL/6	C57BL/6	m	11	22.1	f	y	y	n	y	isoflurane	NA	NA	NA	Bruker	9.4	n	GE-EPI	600	11	0.2*0.2	0.4		
		fslorient	1005	100512	150	1	E16 (E14)	11	mouse	C57BL/6	C57BL/6	m	11	22.1	f	y	y	n	y	isoflurane	NA	NA	NA	Bruker	9.4	n	GE-EPI	600	11	0.2*0.2	0.4		
		fslorient	1005	100512	150	1	E16 (E14)	12	mouse	C57BL/6	C57BL/6	m	11	22.1	f	y	y	n	y	isoflurane	NA	NA	NA	Bruker	9.4	n	GE-EPI	600	11	0.2*0.2	0.4		
		fslorient	1005	100512	150	1	E16 (E14)	13	mouse	C57BL/6	C57BL/6	m	11	22.1	f	y	y	n	y	isoflurane	NA	NA	NA	Bruker	9.4	n	GE-EPI	600	11	0.2*0.2	0.4		
		fslorient	1005	100512	150	1	E16 (E14)	14	mouse	C57BL/6	C57BL/6	m	11	22.1	f	y	y	n	y	isoflurane	NA	NA	NA	Bruker	9.4	n	GE-EPI	600	11	0.2*0.2	0.4		
		fslorient	1005	100512	150	1	E16 (E14)	15	mouse	C57BL/6	C57BL/6	m	11	22.1	f	y	y	n	y	isoflurane	NA	NA	NA	Bruker	9.4	n	GE-EPI	600	11	0.2*0.2	0.4		
		fslorient	1005	100512	150	1	E16 (E14)	16	mouse	C57BL/6	C57BL/6	m	11	22.1	f	y	y	n	y	isoflurane	NA	NA	NA	Bruker	9.4	n	GE-EPI	600	11	0.2*0.2	0.4		
		fslorient	1005	100512	150	1	E16 (E14)	17	mouse	C57BL/6	C57BL/6	m	11	22.1	f	y	y	n	y	isoflurane	NA	NA	NA	Bruker	9.4	n	GE-EPI	600	11	0.2*0.2	0.4		
		fslorient	1005	100512	150	1	E16 (E14)	18	mouse	C57BL/6	C57BL/6	m	11	22.1	f	y	y	n	y	isoflurane	NA	NA	NA	Bruker	9.4	n	GE-EPI	600	11	0.2*0.2	0.4		
		fslorient	1005	100512	150	1	E16 (E14)	19	mouse	C57BL/6	C57BL/6	m	11	22.1	f	y	y	n	y	isoflurane	NA	NA	NA	Bruker	9.4	n	GE-EPI	600	11	0.2*0.2	0.4		
		fslorient	1005	100512	150	1	E16 (E14)	20	mouse	C57BL/6	C57BL/6	m	11	22.1	f	y	y	n	y	isoflurane	NA	NA	NA	Bruker	9.4	n	GE-EPI	600	11	0.2*0.2	0.4		
		fslorient	1005	100512	150	1	E16 (E14)	21	mouse	C57BL/6	C57BL/6	m	11	22.1	f	y	y	n	y	isoflurane	NA	NA	NA	Bruker	9.4	n	GE-EPI	600	11	0.2*0.2	0.4		
		fslorient	1005	100512	150	1	E16 (E14)	22	mouse	C57BL/6	C57BL/6	m	11	22.1	f	y	y	n	y	isoflurane	NA	NA	NA	Bruker	9.4	n	GE-EPI	600	11	0.2*0.2	0.4		
		fslorient	1005	100512	150	1	E16 (E14)	23	mouse	C57BL/6	C57BL/6	m	11	22.1	f	y	y	n	y	isoflurane	NA	NA	NA	Bruker	9.4	n	GE-EPI	600	11	0.2*0.2	0.4		
		fslorient	1005	100512	150	1	E16 (E14)	24	mouse	C57BL/6	C57BL/6	m	11	22.1	f	y	y	n	y	isoflurane	NA	NA	NA	Bruker	9.4	n	GE-EPI	600	11	0.2*0.2	0.4		
		3dresample	1006	100600	jgrCAM408726	2	2	3	mouse	C57BL/6	C57BL/6J // Charles River // Ger	f	9 months	32.2	m	y	n	y	y	Isoflurane				Bruker	11.7	n	GE-EPI	1000	0.014	0.283 x 0.298	0.45		
		3dresample	1006	100600	jgrCAM408726	6	6	1	mouse	C57BL/6	C57BL/6J // Charles River // Ger	f	11 months	35.2	m	y	n	y	y	Isoflurane				Bruker	11.7	n	GE-EPI	1000	0.014	0.283 x 0.298	0.45		
		3dresample	1006	100601	jgrCAM408731	1	1	1	mouse	C57BL/6	C57BL/6J // Charles River // Ger	f	11 months	26.2	m	y	n	y	y	Isoflurane				Bruker	11.7	n	GE-EPI	1000	0.014	0.283 x 0.298	0.45		
		3dresample	1006	100601	jgrCAM408731	5	5	3	mouse	C57BL/6	C57BL/6J // Charles River // Ger	f	13 months	29.2	m	y	n	y	y	Isoflurane				Bruker	11.7	n	GE-EPI	1000	0.014	0.283 x 0.298	0.45		
		3dresample	1006	100602	rvrAWAKE435267	2	2	1	mouse	C57BL/6	C57BL/6J // Charles River // Ger	m	5 months	34.6	m	y	n	y	y	Isoflurane				Bruker	11.7	n	GE-EPI	1000	0.014	0.283 x 0.298	0.45		
		3dresample	1006	100602	rvrAWAKE435267	4	4	2	mouse	C57BL/6	C57BL/6J // Charles River // Ger	m	6 months	30.8	m	y	n	y	y	Isoflurane				Bruker	11.7	n	GE-EPI	1000	0.014	0.283 x 0.298	0.45		
		3dresample	1006	100603	rvrAWAKE435268	1	1	2	mouse	C57BL/6	C57BL/6J // Charles River // Ger	m	4 months	25.1	m	y	n	y	y	Isoflurane				Bruker	11.7	n	GE-EPI	1000	0.014	0.283 x 0.298	0.45		
		3dresample	1006	100603	rvrAWAKE435268	3	3	3	mouse	C57BL/6	C57BL/6J // Charles River // Ger	m	5 months	27.6	m	y	n	y	y	Isoflurane				Bruker	11.7	n	GE-EPI	1000	0.014	0.283 x 0.298	0.45		
		3dresample	1006	100604	rvrAWAKE435269	3	3	2	mouse	C57BL/6	C57BL/6J // Charles River // Ger	m	6 months	35.1	m	y	n	y	y	Isoflurane				Bruker	11.7	n	GE-EPI	1000	0.014	0.283 x 0.298	0.45		
		3dresample	1006	100604	rvrAWAKE435269	4	4	2	mouse	C57BL/6	C57BL/6J // Charles River // Ger	m	6 months	36	m	y	n	y	y	Isoflurane				Bruker	11.7	n	GE-EPI	1000	0.014	0.283 x 0.298	0.45		
		3dresample	1006	100605	rvrAWAKE435270	1	1	1	mouse	C57BL/6	C57BL/6J // Charles River // Ger	m	4 months	27.7	m	y	n	y	y	Isoflurane				Bruker	11.7	n	GE-EPI	1000	0.014	0.283 x 0.298	0.45		
		3dresample	1006	100605	rvrAWAKE435270	3	3	1	mouse	C57BL/6	C57BL/6J // Charles River // Ger	m	6 months	27.1	m	y	n	y	y	Isoflurane				Bruker	11.7	n	GE-EPI	1000	0.014	0.283 x 0.298	0.45		
y		3dresample	1006	100606	rvrAWAKE435271	2	2	3	mouse	C57BL/6	C57BL/6J // Charles River // Ger	m	5 months	30	m	y	n	y	y	Isoflurane				Bruker	11.7	n	GE-EPI	1000	0.014	0.283 x 0.298	0.45		
		3dresample	1006	100606	rvrAWAKE435271	3	3	2	mouse	C57BL/6	C57BL/6J // Charles River // Ger	m	6 months	30.9	m	y	n	y	y	Isoflurane				Bruker	11.7	n	GE-EPI	1000	0.014	0.283 x 0.298	0.45		
		3dresample	1006	100607	rvrAWAKE435272	1	1	1	mouse	C57BL/6	C57BL/6J // Charles River // Ger	f	4 months	26.5	m	y	n	y	y	Isoflurane				Bruker	11.7	n	GE-EPI	1000	0.014	0.283 x 0.298	0.45		
		3dresample	1006	100607	rvrAWAKE435272	2	2	2	mouse	C57BL/6	C57BL/6J // Charles River // Ger	f	4 months	26.3	m	y	n	y	y	Isoflurane				Bruker	11.7	n	GE-EPI	1000	0.014	0.283 x 0.298	0.45		
		3dresample	1006	100608	rvrAWAKE435273	1	1	1	mouse	C57BL/6	C57BL/6J // Charles River // Ger	f	4 months	24.9	m	y	n	y	y	Isoflurane				Bruker	11.7	n	GE-EPI	1000	0.014	0.283 x 0.298	0.45		
		3dresample	1006	100608	rvrAWAKE435273	2	2	2	mouse	C57BL/6	C57BL/6J // Charles River // Ger	f	4 months	24.3	m	y	n	y	y	Isoflurane				Bruker	11.7	n	GE-EPI	1000	0.014	0.283 x 0.298	0.45		
		3dresample	1006	100609	rvrAWAKE435284	1	1	1	mouse	C57BL/6	C57BL/6J // Charles River // Ger	f	7 months	22.6	m	y	n	y	y	Isoflurane				Bruker	11.7	n	GE-EPI	1000	0.014	0.283 x 0.298	0.45		
		3dresample	1006	100609	rvrAWAKE435284	1	1	2	mouse	C57BL/6	C57BL/6J // Charles River // Ger	f	7 months	22.6	m	y	n	y	y	Isoflurane				Bruker	11.7	n	GE-EPI	1000	0.014	0.283 x 0.298	0.45		
		data is the same BIDS_raw and BIDS_input-RABIES	1007	100700	sub-004393073M	1	ses-s1	1	mouse	C57BL/6	C57BL/6	m	3mo	26	m	y	y	y	n	n	N/A	N/A	N/A	Varian	9.4	n	GE-EPI	1500	12	0.3 x 0.3	0,5		
		data is the same BIDS_raw and BIDS_input-RABIES	1007	100701	sub-005393073M	1	ses-s1	1	mouse	C57BL/6	C57BL/6	m	3mo	27	m	y	y	y	n	n	N/A	N/A	N/A	Varian	9.4	n	GE-EPI	1500	12	0.3 x 0.3	0,5		
		data is the same BIDS_raw and BIDS_input-RABIES	1007	100702	sub-006393073M	1	ses-s1	1	mouse	C57BL/6	C57BL/6	m	3mo	28	m	y	y	y	n	n	N/A	N/A	N/A	Varian	9.4	n	GE-EPI	1500	12	0.3 x 0.3	0,5		
		data is the same BIDS_raw and BIDS_input-RABIES	1007	100703	sub-007393073M	1	ses-s1	1	mouse	C57BL/6	C57BL/6	m	3mo	27	m	y	y	y	n	n	N/A	N/A	N/A	Varian	9.4	n	GE-EPI	1500	12	0.3 x 0.3	0,5		
		data is the same BIDS_raw and BIDS_input-RABIES	1007	100704	sub-041393072F	1	ses-s1	1	mouse	C57BL/6	C57BL/6	f	3mo	20	m	y	y	y	n	n	N/A	N/A	N/A	Varian	9.4	n	GE-EPI	1500	12	0.3 x 0.3	0,5		
		data is the same BIDS_raw and BIDS_input-RABIES	1007	100705	sub-043393072F	1	ses-s1	1	mouse	C57BL/6	C57BL/6	f	3mo	21	m	y	y	y	n	n	N/A	N/A	N/A	Varian	9.4	n	GE-EPI	1500	12	0.3 x 0.3	0,5		
		data is the same BIDS_raw and BIDS_input-RABIES	1007	100706	sub-044393072F	1	ses-s1	1	mouse	C57BL/6	C57BL/6	f	3mo	19	m	y	y	y	n	n	N/A	N/A	N/A	Varian	9.4	n	GE-EPI	1500	12	0.3 x 0.3	0,5		
		data is the same BIDS_raw and BIDS_input-RABIES	1008	100800	5F399513	1	20231201	1	mouse	C57BL/6	C57BL/6	f	39 weeks	24	m	n	y	y	n	none	not recorded	not recorded	not recorded	Varian	9.4	n	GE-EPI	1500	12	0.3x0.3	0,5		
		data is the same BIDS_raw and BIDS_input-RABIES	1008	100800	5F399513	1	20231201	2	mouse	C57BL/6	C57BL/6	f	39 weeks	24	m	n	y	y	n	none	not recorded	not recorded	not recorded	Varian	9.4	n	GE-EPI	1500	12	0.3x0.3	0,5		
		data is the same BIDS_raw and BIDS_input-RABIES	1008	100800	5F399513	1	20231201	3	mouse	C57BL/6	C57BL/6	f	39 weeks	24	m	n	y	y	n	none	not recorded	not recorded	not recorded	Varian	9.4	n	GE-EPI	1500	12	0.3x0.3	0,5		
		data is the same BIDS_raw and BIDS_input-RABIES	1008	100800	5F399513	1	20231201	4	mouse	C57BL/6	C57BL/6	f	39 weeks	24	m	n	y	y	n	none	not recorded	not recorded	not recorded	Varian	9.4	n	GE-EPI	1500	12	0.3x0.3	0,5		
		data is the same BIDS_raw and BIDS_input-RABIES	1008	100801	8F400413	1	20231110	1	mouse	C57BL/6	C57BL/6	f	36 weeks	24	m	n	y	y	n	none	not recorded	not recorded	not recorded	Varian	9.4	n	GE-EPI	1500	12	0.3x0.3	0,5		
		data is the same BIDS_raw and BIDS_input-RABIES	1008	100801	8F400413	1	20231110	2	mouse	C57BL/6	C57BL/6	f	36 weeks	24	m	n	y	y	n	none	not recorded	not recorded	not recorded	Varian	9.4	n	GE-EPI	1500	12	0.3x0.3	0,5		
		data is the same BIDS_raw and BIDS_input-RABIES	1008	100801	8F400413	1	20231110	3	mouse	C57BL/6	C57BL/6	f	36 weeks	24	m	n	y	y	n	none	not recorded	not recorded	not recorded	Varian	9.4	n	GE-EPI	1500	12	0.3x0.3	0,5		
		data is the same BIDS_raw and BIDS_input-RABIES	1008	100801	8F400413	1	20231110	4	mouse	C57BL/6	C57BL/6	f	36 weeks	24	m	n	y	y	n	none	not recorded	not recorded	not recorded	Varian	9.4	n	GE-EPI	1500	12	0.3x0.3	0,5		
		data is the same BIDS_raw and BIDS_input-RABIES	1008	100802	11F399988	1	20230614	1	mouse	C57BL/6	C57BL/6	f	14 weeks	21	m	n	y	y	n	none	not recorded	not recorded	not recorded	Varian	9.4	n	GE-EPI	1500	12	0.3x0.3	0,5		
		data is the same BIDS_raw and BIDS_input-RABIES	1008	100802	11F399988	1	20230614	2	mouse	C57BL/6	C57BL/6	f	14 weeks	21	m	n	y	y	n	none	not recorded	not recorded	not recorded	Varian	9.4	n	GE-EPI	1500	12	0.3x0.3	0,5		
		data is the same BIDS_raw and BIDS_input-RABIES	1008	100802	11F399988	1	20230614	3	mouse	C57BL/6	C57BL/6	f	14 weeks	21	m	n	y	y	n	none	not recorded	not recorded	not recorded	Varian	9.4	n	GE-EPI	1500	12	0.3x0.3	0,5		
		data is the same BIDS_raw and BIDS_input-RABIES	1008	100802	11F399988	1	20230614	4	mouse	C57BL/6	C57BL/6	f	14 weeks	21	m	n	y	y	n	none	not recorded	not recorded	not recorded	Varian	9.4	n	GE-EPI	1500	12	0.3x0.3	0,5		
		data is the same BIDS_raw and BIDS_input-RABIES	1008	100803	14M399989	1	20230901	1	mouse	C57BL/6	C57BL/6	m	25 weeks	24	m	n	y	y	n	none	not recorded	not recorded	not recorded	Varian	9.4	n	GE-EPI	1500	12	0.3x0.3	0,5		
		data is the same BIDS_raw and BIDS_input-RABIES	1008	100803	14M399989	1	20230901	2	mouse	C57BL/6	C57BL/6	m	25 weeks	24	m	n	y	y	n	none	not recorded	not recorded	not recorded	Varian	9.4	n	GE-EPI	1500	12	0.3x0.3	0,5		
		data is the same BIDS_raw and BIDS_input-RABIES	1008	100803	14M399989	1	20230901	3	mouse	C57BL/6	C57BL/6	m	25 weeks	24	m	n	y	y	n	none	not recorded	not recorded	not recorded	Varian	9.4	n	GE-EPI	1500	12	0.3x0.3	0,5		
		data is the same BIDS_raw and BIDS_input-RABIES	1008	100803	14M399989	1	20230901	4	mouse	C57BL/6	C57BL/6	m	25 weeks	24	m	n	y	y	n	none	not recorded	not recorded	not recorded	Varian	9.4	n	GE-EPI	1500	12	0.3x0.3	0,5		
		data is the same BIDS_raw and BIDS_input-RABIES	1008	100804	15M400313	1	20230608	1	mouse	C57BL/6	C57BL/6	m	12 weeks	23	m	n	y	y	n	none	not recorded	not recorded	not recorded	Varian	9.4	n	GE-EPI	1500	12	0.3x0.3	0,5		
		data is the same BIDS_raw and BIDS_input-RABIES	1008	100804	15M400313	1	20230608	2	mouse	C57BL/6	C57BL/6	m	12 weeks	23	m	n	y	y	n	none	not recorded	not recorded	not recorded	Varian	9.4	n	GE-EPI	1500	12	0.3x0.3	0,5		
		data is the same BIDS_raw and BIDS_input-RABIES	1008	100804	15M400313	1	20230608	3	mouse	C57BL/6	C57BL/6	m	12 weeks	23	m	n	y	y	n	none	not recorded	not recorded	not recorded	Varian	9.4	n	GE-EPI	1500	12	0.3x0.3	0,5		
		data is the same BIDS_raw and BIDS_input-RABIES	1008	100804	15M400313	1	20230608	4	mouse	C57BL/6	C57BL/6	m	12 weeks	23	m	n	y	y	n	none	not recorded	not recorded	not recorded	Varian	9.4	n	GE-EPI	1500	12	0.3x0.3	0,5		
		data is the same BIDS_raw and BIDS_input-RABIES	1008	100805	16M400314	1	20231124	1	mouse	C57BL/6	C57BL/6	m	34 weeks	26	m	n	y	y	n	none	not recorded	not recorded	not recorded	Varian	9.4	n	GE-EPI	1500	12	0.3x0.3	0,5		
		data is the same BIDS_raw and BIDS_input-RABIES	1008	100805	16M400314	1	20231124	2	mouse	C57BL/6	C57BL/6	m	34 weeks	26	m	n	y	y	n	none	not recorded	not recorded	not recorded	Varian	9.4	n	GE-EPI	1500	12	0.3x0.3	0,5		
		data is the same BIDS_raw and BIDS_input-RABIES	1008	100805	16M400314	1	20231124	3	mouse	C57BL/6	C57BL/6	m	34 weeks	26	m	n	y	y	n	none	not recorded	not recorded	not recorded	Varian	9.4	n	GE-EPI	1500	12	0.3x0.3	0,5		
		data is the same BIDS_raw and BIDS_input-RABIES	1008	100805	16M400314	1	20231124	4	mouse	C57BL/6	C57BL/6	m	34 weeks	26	m	n	y	y	n	none	not recorded	not recorded	not recorded	Varian	9.4	n	GE-EPI	1500	12	0.3x0.3	0,5		
		data is the same BIDS_raw and BIDS_input-RABIES	1008	100806	24M400978	1	20230603	1	mouse	C57BL/6	C57BL/6	m	11 weeks	20	m	n	y	y	n	none	not recorded	not recorded	not recorded	Varian	9.4	n	GE-EPI	1500	12	0.3x0.3	0,5		
		data is the same BIDS_raw and BIDS_input-RABIES	1008	100806	24M400978	1	20230603	2	mouse	C57BL/6	C57BL/6	m	11 weeks	20	m	n	y	y	n	none	not recorded	not recorded	not recorded	Varian	9.4	n	GE-EPI	1500	12	0.3x0.3	0,5		
		data is the same BIDS_raw and BIDS_input-RABIES	1008	100806	24M400978	1	20230603	3	mouse	C57BL/6	C57BL/6	m	11 weeks	20	m	n	y	y	n	none	not recorded	not recorded	not recorded	Varian	9.4	n	GE-EPI	1500	12	0.3x0.3	0,5		
		data is the same BIDS_raw and BIDS_input-RABIES	1008	100806	24M400978	1	20230603	4	mouse	C57BL/6	C57BL/6	m	11 weeks	20	m	n	y	y	n	none	not recorded	not recorded	not recorded	Varian	9.4	n	GE-EPI	1500	12	0.3x0.3	0,5		
		data is the same BIDS_raw and BIDS_input-RABIES	1008	100807	25F400977	1	20231201	1	mouse	C57BL/6	C57BL/6	f	34 weeks	20	m	n	y	y	n	none	not recorded	not recorded	not recorded	Varian	9.4	n	GE-EPI	1500	12	0.3x0.3	0,5		
		data is the same BIDS_raw and BIDS_input-RABIES	1008	100807	25F400977	1	20231201	2	mouse	C57BL/6	C57BL/6	f	34 weeks	20	m	n	y	y	n	none	not recorded	not recorded	not recorded	Varian	9.4	n	GE-EPI	1500	12	0.3x0.3	0,5		
		data is the same BIDS_raw and BIDS_input-RABIES	1008	100807	25F400977	1	20231201	3	mouse	C57BL/6	C57BL/6	f	34 weeks	20	m	n	y	y	n	none	not recorded	not recorded	not recorded	Varian	9.4	n	GE-EPI	1500	12	0.3x0.3	0,5		
		data is the same BIDS_raw and BIDS_input-RABIES	1008	100807	25F400977	1	20231201	4	mouse	C57BL/6	C57BL/6	f	34 weeks	20	m	n	y	y	n	none	not recorded	not recorded	not recorded	Varian	9.4	n	GE-EPI	1500	12	0.3x0.3	0,5		
		data is the same BIDS_raw and BIDS_input-RABIES	1008	100808	27M400979	1	20230818	1	mouse	C57BL/6	C57BL/6	m	21 weeks	25	m	n	y	y	n	none	not recorded	not recorded	not recorded	Varian	9.4	n	GE-EPI	1500	12	0.3x0.3	0,5		
		data is the same BIDS_raw and BIDS_input-RABIES	1008	100808	27M400979	1	20230818	2	mouse	C57BL/6	C57BL/6	m	21 weeks	25	m	n	y	y	n	none	not recorded	not recorded	not recorded	Varian	9.4	n	GE-EPI	1500	12	0.3x0.3	0,5		
		data is the same BIDS_raw and BIDS_input-RABIES	1008	100808	27M400979	1	20230818	3	mouse	C57BL/6	C57BL/6	m	21 weeks	25	m	n	y	y	n	none	not recorded	not recorded	not recorded	Varian	9.4	n	GE-EPI	1500	12	0.3x0.3	0,5		
		data is the same BIDS_raw and BIDS_input-RABIES	1008	100808	27M400979	1	20230818	4	mouse	C57BL/6	C57BL/6	m	21 weeks	25	m	n	y	y	n	none	not recorded	not recorded	not recorded	Varian	9.4	n	GE-EPI	1500	12	0.3x0.3	0,5		
		3dresample	1009	100900	DIMG8	1	1	1	mouse	129S2/SvPas	VSFP-Butterfly & EMX1-Cre	m	11 months	27.1	m	y	y	n	y	isoflurane				Bruker	9.4		GE-EPI	1000	15	16	0.333		
		3dresample	1009	100900	DIMG8	1	1	2	mouse	129S2/SvPas	VSFP-Butterfly & EMX1-Cre	m	11 months	27.1	m	y	y	n	y	isoflurane				Bruker	9.4		GE-EPI	1000	15	16	0.333		
		3dresample	1009	100900	DIMG8	1	1	3	mouse	129S2/SvPas	VSFP-Butterfly & EMX1-Cre	m	11 months	27.1	m	y	y	n	y	isoflurane				Bruker	9.4		GE-EPI	1000	15	16	0.333		
y		3dresample	1009	100900	DIMG8	1	1	4	mouse	129S2/SvPas	VSFP-Butterfly & EMX1-Cre	m	11 months	27.1	m	y	y	n	y	isoflurane				Bruker	9.4		GE-EPI	1000	15	16	0.333		
y		3dresample	1009	100900	DIMG8	1	1	5	mouse	129S2/SvPas	VSFP-Butterfly & EMX1-Cre	m	11 months	27.1	m	y	y	n	y	isoflurane				Bruker	9.4		GE-EPI	1000	15	16	0.333		
		3dresample	1009	100900	DIMG8	1	1	6	mouse	129S2/SvPas	VSFP-Butterfly & EMX1-Cre	m	11 months	27.1	m	y	y	n	y	isoflurane				Bruker	9.4		GE-EPI	1000	15	16	0.333		
		3dresample	1009	100900	DIMG8	1	1	7	mouse	129S2/SvPas	VSFP-Butterfly & EMX1-Cre	m	11 months	27.1	m	y	y	n	y	isoflurane				Bruker	9.4		GE-EPI	1000	15	16	0.333		
		3dresample	1009	100900	DIMG8	1	1	8	mouse	129S2/SvPas	VSFP-Butterfly & EMX1-Cre	m	11 months	27.1	m	y	y	n	y	isoflurane				Bruker	9.4		GE-EPI	1000	15	16	0.333		
		3dresample	1009	100900	DIMG8	1	1	9	mouse	129S2/SvPas	VSFP-Butterfly & EMX1-Cre	m	11 months	27.1	m	y	y	n	y	isoflurane				Bruker	9.4		GE-EPI	1000	15	16	0.333		
		3dresample	1009	100900	DIMG8	1	1	10	mouse	129S2/SvPas	VSFP-Butterfly & EMX1-Cre	m	11 months	27.1	m	y	y	n	y	isoflurane				Bruker	9.4		GE-EPI	1000	15	16	0.333		
		3dresample	1009	100900	DIMG8	2	2	1	mouse	129S2/SvPas	VSFP-Butterfly & EMX1-Cre	m	13 months	27.1	m	y	y	n	y	isoflurane				Bruker	9.4		GE-EPI	1000	15	16	0.333		
		3dresample	1009	100900	DIMG8	2	2	2	mouse	129S2/SvPas	VSFP-Butterfly & EMX1-Cre	m	13 months	27.1	m	y	y	n	y	isoflurane				Bruker	9.4		GE-EPI	1000	15	16	0.333		
		3dresample	1009	100900	DIMG8	2	2	3	mouse	129S2/SvPas	VSFP-Butterfly & EMX1-Cre	m	13 months	27.1	m	y	y	n	y	isoflurane				Bruker	9.4		GE-EPI	1000	15	16	0.333		
		3dresample	1009	100900	DIMG8	2	2	4	mouse	129S2/SvPas	VSFP-Butterfly & EMX1-Cre	m	13 months	27.1	m	y	y	n	y	isoflurane				Bruker	9.4		GE-EPI	1000	15	16	0.333		
		3dresample	1009	100900	DIMG8	2	2	5	mouse	129S2/SvPas	VSFP-Butterfly & EMX1-Cre	m	13 months	27.1	m	y	y	n	y	isoflurane				Bruker	9.4		GE-EPI	1000	15	16	0.333		
y		3dresample	1009	100900	DIMG8	2	2	6	mouse	129S2/SvPas	VSFP-Butterfly & EMX1-Cre	m	13 months	27.1	m	y	y	n	y	isoflurane				Bruker	9.4		GE-EPI	1000	15	16	0.333		
		3dresample	1009	100900	DIMG8	2	2	7	mouse	129S2/SvPas	VSFP-Butterfly & EMX1-Cre	m	13 months	27.1	m	y	y	n	y	isoflurane				Bruker	9.4		GE-EPI	1000	15	16	0.333		
y		3dresample	1009	100900	DIMG8	2	2	8	mouse	129S2/SvPas	VSFP-Butterfly & EMX1-Cre	m	13 months	27.1	m	y	y	n	y	isoflurane				Bruker	9.4		GE-EPI	1000	15	16	0.333		
		3dresample	1009	100901	DIMG11	1	1	1	mouse	129S2/SvPas	VSFP-Butterfly & EMX1-Cre	f	15 months	25.3	m	y	y	n	y	isoflurane				Bruker	9.4		GE-EPI	1000	15	16	0.333		
		3dresample	1009	100901	DIMG11	1	1	2	mouse	129S2/SvPas	VSFP-Butterfly & EMX1-Cre	f	15 months	25.3	m	y	y	n	y	isoflurane				Bruker	9.4		GE-EPI	1000	15	16	0.333		
		3dresample	1009	100901	DIMG11	1	1	3	mouse	129S2/SvPas	VSFP-Butterfly & EMX1-Cre	f	15 months	25.3	m	y	y	n	y	isoflurane				Bruker	9.4		GE-EPI	1000	15	16	0.333		
y		3dresample	1009	100901	DIMG11	1	1	4	mouse	129S2/SvPas	VSFP-Butterfly & EMX1-Cre	f	15 months	25.3	m	y	y	n	y	isoflurane				Bruker	9.4		GE-EPI	1000	15	16	0.333		
		3dresample	1009	100901	DIMG11	1	1	5	mouse	129S2/SvPas	VSFP-Butterfly & EMX1-Cre	f	15 months	25.3	m	y	y	n	y	isoflurane				Bruker	9.4		GE-EPI	1000	15	16	0.333		
y		3dresample	1009	100901	DIMG11	1	1	6	mouse	129S2/SvPas	VSFP-Butterfly & EMX1-Cre	f	15 months	25.3	m	y	y	n	y	isoflurane				Bruker	9.4		GE-EPI	1000	15	16	0.333		
		3dresample	1009	100901	DIMG11	1	1	7	mouse	129S2/SvPas	VSFP-Butterfly & EMX1-Cre	f	15 months	25.3	m	y	y	n	y	isoflurane				Bruker	9.4		GE-EPI	1000	15	16	0.333		
y		3dresample	1009	100901	DIMG11	2	2	1	mouse	129S2/SvPas	VSFP-Butterfly & EMX1-Cre	f	15 months	25.3	m	y	y	n	y	isoflurane				Bruker	9.4		GE-EPI	1000	15	16	0.333		
		3dresample	1009	100901	DIMG11	2	2	2	mouse	129S2/SvPas	VSFP-Butterfly & EMX1-Cre	f	15 months	25.3	m	y	y	n	y	isoflurane				Bruker	9.4		GE-EPI	1000	15	16	0.333		
		3dresample	1009	100901	DIMG11	2	2	3	mouse	129S2/SvPas	VSFP-Butterfly & EMX1-Cre	f	15 months	25.3	m	y	y	n	y	isoflurane				Bruker	9.4		GE-EPI	1000	15	16	0.333		
		3dresample	1009	100901	DIMG11	2	2	4	mouse	129S2/SvPas	VSFP-Butterfly & EMX1-Cre	f	15 months	25.3	m	y	y	n	y	isoflurane				Bruker	9.4		GE-EPI	1000	15	16	0.333		
		3dresample	1009	100901	DIMG11	2	2	5	mouse	129S2/SvPas	VSFP-Butterfly & EMX1-Cre	f	15 months	25.3	m	y	y	n	y	isoflurane				Bruker	9.4		GE-EPI	1000	15	16	0.333		
		3dresample	1009	100901	DIMG11	2	2	6	mouse	129S2/SvPas	VSFP-Butterfly & EMX1-Cre	f	15 months	25.3	m	y	y	n	y	isoflurane				Bruker	9.4		GE-EPI	1000	15	16	0.333		
		3dresample	1009	100901	DIMG11	2	2	7	mouse	129S2/SvPas	VSFP-Butterfly & EMX1-Cre	f	15 months	25.3	m	y	y	n	y	isoflurane				Bruker	9.4		GE-EPI	1000	15	16	0.333		
y		3dresample	1009	100901	DIMG11	3	3	1	mouse	129S2/SvPas	VSFP-Butterfly & EMX1-Cre	f	23 months	25.3	m	y	y	n	y	isoflurane				Bruker	9.4		GE-EPI	1000	15	16	0.333		
y		3dresample	1009	100901	DIMG11	3	3	2	mouse	129S2/SvPas	VSFP-Butterfly & EMX1-Cre	f	23 months	25.3	m	y	y	n	y	isoflurane				Bruker	9.4		GE-EPI	1000	15	16	0.333		
y		3dresample	1009	100901	DIMG11	3	3	3	mouse	129S2/SvPas	VSFP-Butterfly & EMX1-Cre	f	23 months	25.3	m	y	y	n	y	isoflurane				Bruker	9.4		GE-EPI	1000	15	16	0.333		
y		3dresample	1009	100901	DIMG11	3	3	4	mouse	129S2/SvPas	VSFP-Butterfly & EMX1-Cre	f	23 months	25.3	m	y	y	n	y	isoflurane				Bruker	9.4		GE-EPI	1000	15	16	0.333		
		3dresample	1009	100901	DIMG11	3	3	5	mouse	129S2/SvPas	VSFP-Butterfly & EMX1-Cre	f	23 months	25.3	m	y	y	n	y	isoflurane				Bruker	9.4		GE-EPI	1000	15	16	0.333		
		3dresample	1009	100901	DIMG11	3	3	6	mouse	129S2/SvPas	VSFP-Butterfly & EMX1-Cre	f	23 months	25.3	m	y	y	n	y	isoflurane				Bruker	9.4		GE-EPI	1000	15	16	0.333		
y		3dresample	1009	100902	DIMG12	1	1	1	mouse	129S2/SvPas	VSFP-Butterfly & EMX1-Cre	f	15 months	25.3	m	y	y	n	y	isoflurane				Bruker	9.4		GE-EPI	1000	15	16	0.333		
y		3dresample	1009	100902	DIMG12	1	1	2	mouse	129S2/SvPas	VSFP-Butterfly & EMX1-Cre	f	15 months	25.3	m	y	y	n	y	isoflurane				Bruker	9.4		GE-EPI	1000	15	16	0.333		
y		3dresample	1009	100902	DIMG12	1	1	3	mouse	129S2/SvPas	VSFP-Butterfly & EMX1-Cre	f	15 months	25.3	m	y	y	n	y	isoflurane				Bruker	9.4		GE-EPI	1000	15	16	0.333		
y		3dresample	1009	100902	DIMG12	1	1	4	mouse	129S2/SvPas	VSFP-Butterfly & EMX1-Cre	f	15 months	25.3	m	y	y	n	y	isoflurane				Bruker	9.4		GE-EPI	1000	15	16	0.333		
y		3dresample	1009	100902	DIMG12	1	1	5	mouse	129S2/SvPas	VSFP-Butterfly & EMX1-Cre	f	15 months	25.3	m	y	y	n	y	isoflurane				Bruker	9.4		GE-EPI	1000	15	16	0.333		
y		3dresample	1009	100902	DIMG12	1	1	6	mouse	129S2/SvPas	VSFP-Butterfly & EMX1-Cre	f	15 months	25.3	m	y	y	n	y	isoflurane				Bruker	9.4		GE-EPI	1000	15	16	0.333		
y		3dresample	1009	100902	DIMG12	2	2	1	mouse	129S2/SvPas	VSFP-Butterfly & EMX1-Cre	f	15 months	25.3	m	y	y	n	y	isoflurane				Bruker	9.4		GE-EPI	1000	15	16	0.333		
y		3dresample	1009	100902	DIMG12	2	2	2	mouse	129S2/SvPas	VSFP-Butterfly & EMX1-Cre	f	15 months	25.3	m	y	y	n	y	isoflurane				Bruker	9.4		GE-EPI	1000	15	16	0.333		
		3dresample	1009	100902	DIMG12	2	2	3	mouse	129S2/SvPas	VSFP-Butterfly & EMX1-Cre	f	15 months	25.3	m	y	y	n	y	isoflurane				Bruker	9.4		GE-EPI	1000	15	16	0.333		
y		3dresample	1009	100902	DIMG12	2	2	4	mouse	129S2/SvPas	VSFP-Butterfly & EMX1-Cre	f	15 months	25.3	m	y	y	n	y	isoflurane				Bruker	9.4		GE-EPI	1000	15	16	0.333		
		3dresample	1009	100902	DIMG12	2	2	5	mouse	129S2/SvPas	VSFP-Butterfly & EMX1-Cre	f	15 months	25.3	m	y	y	n	y	isoflurane				Bruker	9.4		GE-EPI	1000	15	16	0.333		
y		3dresample	1009	100902	DIMG12	2	2	6	mouse	129S2/SvPas	VSFP-Butterfly & EMX1-Cre	f	15 months	25.3	m	y	y	n	y	isoflurane				Bruker	9.4		GE-EPI	1000	15	16	0.333		
		3dresample	1009	100902	DIMG12	2	2	7	mouse	129S2/SvPas	VSFP-Butterfly & EMX1-Cre	f	15 months	25.3	m	y	y	n	y	isoflurane				Bruker	9.4		GE-EPI	1000	15	16	0.333		
y		3dresample	1009	100902	DIMG12	3	3	1	mouse	129S2/SvPas	VSFP-Butterfly & EMX1-Cre	f	23 months	25.3	m	y	y	n	y	isoflurane				Bruker	9.4		GE-EPI	1000	15	16	0.333		
y		3dresample	1009	100902	DIMG12	3	3	2	mouse	129S2/SvPas	VSFP-Butterfly & EMX1-Cre	f	23 months	25.3	m	y	y	n	y	isoflurane				Bruker	9.4		GE-EPI	1000	15	16	0.333		
y		3dresample	1009	100902	DIMG12	3	3	3	mouse	129S2/SvPas	VSFP-Butterfly & EMX1-Cre	f	23 months	25.3	m	y	y	n	y	isoflurane				Bruker	9.4		GE-EPI	1000	15	16	0.333		
y		3dresample	1009	100902	DIMG12	3	3	4	mouse	129S2/SvPas	VSFP-Butterfly & EMX1-Cre	f	23 months	25.3	m	y	y	n	y	isoflurane				Bruker	9.4		GE-EPI	1000	15	16	0.333		
		3dresample	1009	100902	DIMG12	3	3	5	mouse	129S2/SvPas	VSFP-Butterfly & EMX1-Cre	f	23 months	25.3	m	y	y	n	y	isoflurane				Bruker	9.4		GE-EPI	1000	15	16	0.333		
		3dresample	1009	100902	DIMG12	3	3	6	mouse	129S2/SvPas	VSFP-Butterfly & EMX1-Cre	f	23 months	25.3	m	y	y	n	y	isoflurane				Bruker	9.4		GE-EPI	1000	15	16	0.333		
y		3dresample	1009	100903	DIMG13	1	1	1	mouse	129S2/SvPas	VSFP-Butterfly & EMX1-Cre	m	6 months	27.1	m	y	y	n	y	isoflurane				Bruker	9.4		GE-EPI	1000	15	16	0.333		
y		3dresample	1009	100903	DIMG13	1	1	2	mouse	129S2/SvPas	VSFP-Butterfly & EMX1-Cre	m	6 months	27.1	m	y	y	n	y	isoflurane				Bruker	9.4		GE-EPI	1000	15	16	0.333		
y		3dresample	1009	100903	DIMG13	1	1	3	mouse	129S2/SvPas	VSFP-Butterfly & EMX1-Cre	m	6 months	27.1	m	y	y	n	y	isoflurane				Bruker	9.4		GE-EPI	1000	15	16	0.333		
y		3dresample	1009	100903	DIMG13	1	1	4	mouse	129S2/SvPas	VSFP-Butterfly & EMX1-Cre	m	6 months	27.1	m	y	y	n	y	isoflurane				Bruker	9.4		GE-EPI	1000	15	16	0.333		
y		3dresample	1009	100903	DIMG13	1	1	5	mouse	129S2/SvPas	VSFP-Butterfly & EMX1-Cre	m	6 months	27.1	m	y	y	n	y	isoflurane				Bruker	9.4		GE-EPI	1000	15	16	0.333		
		3dresample	1009	100903	DIMG13	1	1	6	mouse	129S2/SvPas	VSFP-Butterfly & EMX1-Cre	m	6 months	27.1	m	y	y	n	y	isoflurane				Bruker	9.4		GE-EPI	1000	15	16	0.333		
y		3dresample	1009	100903	DIMG13	1	1	7	mouse	129S2/SvPas	VSFP-Butterfly & EMX1-Cre	m	6 months	27.1	m	y	y	n	y	isoflurane				Bruker	9.4		GE-EPI	1000	15	16	0.333		
		3dresample	1009	100903	DIMG13	2	2	1	mouse	129S2/SvPas	VSFP-Butterfly & EMX1-Cre	m	8 months	27.1	m	y	y	n	y	isoflurane				Bruker	9.4		GE-EPI	1000	15	16	0.333		
		3dresample	1009	100903	DIMG13	2	2	2	mouse	129S2/SvPas	VSFP-Butterfly & EMX1-Cre	m	8 months	27.1	m	y	y	n	y	isoflurane				Bruker	9.4		GE-EPI	1000	15	16	0.333		
y		3dresample	1009	100903	DIMG13	2	2	3	mouse	129S2/SvPas	VSFP-Butterfly & EMX1-Cre	m	8 months	27.1	m	y	y	n	y	isoflurane				Bruker	9.4		GE-EPI	1000	15	16	0.333		
y		3dresample	1009	100903	DIMG13	2	2	4	mouse	129S2/SvPas	VSFP-Butterfly & EMX1-Cre	m	8 months	27.1	m	y	y	n	y	isoflurane				Bruker	9.4		GE-EPI	1000	15	16	0.333		
y		3dresample	1009	100903	DIMG13	2	2	5	mouse	129S2/SvPas	VSFP-Butterfly & EMX1-Cre	m	8 months	27.1	m	y	y	n	y	isoflurane				Bruker	9.4		GE-EPI	1000	15	16	0.333		
		3dresample	1009	100903	DIMG13	2	2	6	mouse	129S2/SvPas	VSFP-Butterfly & EMX1-Cre	m	8 months	27.1	m	y	y	n	y	isoflurane				Bruker	9.4		GE-EPI	1000	15	16	0.333		
		3dresample	1009	100903	DIMG13	3	3	1	mouse	129S2/SvPas	VSFP-Butterfly & EMX1-Cre	m	10 months	27.1	m	y	y	n	y	isoflurane				Bruker	9.4		GE-EPI	1000	15	16	0.333		
y		3dresample	1009	100903	DIMG13	3	3	2	mouse	129S2/SvPas	VSFP-Butterfly & EMX1-Cre	m	10 months	27.1	m	y	y	n	y	isoflurane				Bruker	9.4		GE-EPI	1000	15	16	0.333		
		3dresample	1009	100903	DIMG13	3	3	3	mouse	129S2/SvPas	VSFP-Butterfly & EMX1-Cre	m	10 months	27.1	m	y	y	n	y	isoflurane				Bruker	9.4		GE-EPI	1000	15	16	0.333		
y		3dresample	1009	100903	DIMG13	3	3	4	mouse	129S2/SvPas	VSFP-Butterfly & EMX1-Cre	m	10 months	27.1	m	y	y	n	y	isoflurane				Bruker	9.4		GE-EPI	1000	15	16	0.333		
y		3dresample	1009	100903	DIMG13	3	3	5	mouse	129S2/SvPas	VSFP-Butterfly & EMX1-Cre	m	10 months	27.1	m	y	y	n	y	isoflurane				Bruker	9.4		GE-EPI	1000	15	16	0.333		
		3dresample	1009	100903	DIMG13	3	3	6	mouse	129S2/SvPas	VSFP-Butterfly & EMX1-Cre	m	10 months	27.1	m	y	y	n	y	isoflurane				Bruker	9.4		GE-EPI	1000	15	16	0.333		
		3dresample	1009	100903	DIMG13	4	4	1	mouse	129S2/SvPas	VSFP-Butterfly & EMX1-Cre	m	11 months	27.1	m	y	y	n	y	isoflurane				Bruker	9.4		GE-EPI	1000	15	16	0.333		
y		3dresample	1009	100903	DIMG13	4	4	2	mouse	129S2/SvPas	VSFP-Butterfly & EMX1-Cre	m	11 months	27.1	m	y	y	n	y	isoflurane				Bruker	9.4		GE-EPI	1000	15	16	0.333		
y		3dresample	1009	100903	DIMG13	4	4	3	mouse	129S2/SvPas	VSFP-Butterfly & EMX1-Cre	m	11 months	27.1	m	y	y	n	y	isoflurane				Bruker	9.4		GE-EPI	1000	15	16	0.333		
y		3dresample	1009	100903	DIMG13	4	4	4	mouse	129S2/SvPas	VSFP-Butterfly & EMX1-Cre	m	11 months	27.1	m	y	y	n	y	isoflurane				Bruker	9.4		GE-EPI	1000	15	16	0.333		
y		3dresample	1009	100903	DIMG13	4	4	5	mouse	129S2/SvPas	VSFP-Butterfly & EMX1-Cre	m	11 months	27.1	m	y	y	n	y	isoflurane				Bruker	9.4		GE-EPI	1000	15	16	0.333		
		3dresample	1009	100903	DIMG13	4	4	6	mouse	129S2/SvPas	VSFP-Butterfly & EMX1-Cre	m	11 months	27.1	m	y	y	n	y	isoflurane				Bruker	9.4		GE-EPI	1000	15	16	0.333		
y		3dresample	1009	100904	DIMG14	1	1	1	mouse	129S2/SvPas	VSFP-Butterfly & EMX1-Cre	m	8 months	28.1	m	y	y	n	y	isoflurane				Bruker	9.4		GE-EPI	1000	15	16	0.333		
y		3dresample	1009	100904	DIMG14	1	1	2	mouse	129S2/SvPas	VSFP-Butterfly & EMX1-Cre	m	8 months	28.1	m	y	y	n	y	isoflurane				Bruker	9.4		GE-EPI	1000	15	16	0.333		
		3dresample	1009	100904	DIMG14	1	1	3	mouse	129S2/SvPas	VSFP-Butterfly & EMX1-Cre	m	8 months	28.1	m	y	y	n	y	isoflurane				Bruker	9.4		GE-EPI	1000	15	16	0.333		
		3dresample	1009	100904	DIMG14	1	1	4	mouse	129S2/SvPas	VSFP-Butterfly & EMX1-Cre	m	8 months	28.1	m	y	y	n	y	isoflurane				Bruker	9.4		GE-EPI	1000	15	16	0.333		
y		3dresample	1009	100904	DIMG14	1	1	5	mouse	129S2/SvPas	VSFP-Butterfly & EMX1-Cre	m	8 months	28.1	m	y	y	n	y	isoflurane				Bruker	9.4		GE-EPI	1000	15	16	0.333		
y		3dresample	1009	100904	DIMG14	1	1	6	mouse	129S2/SvPas	VSFP-Butterfly & EMX1-Cre	m	8 months	28.1	m	y	y	n	y	isoflurane				Bruker	9.4		GE-EPI	1000	15	16	0.333		
		3dresample	1009	100904	DIMG14	1	1	7	mouse	129S2/SvPas	VSFP-Butterfly & EMX1-Cre	m	8 months	28.1	m	y	y	n	y	isoflurane				Bruker	9.4		GE-EPI	1000	15	16	0.333		
y		3dresample	1009	100904	DIMG14	2	2	1	mouse	129S2/SvPas	VSFP-Butterfly & EMX1-Cre	m	9 months	28.1	m	y	y	n	y	isoflurane				Bruker	9.4		GE-EPI	1000	15	16	0.333		
		3dresample	1009	100904	DIMG14	2	2	2	mouse	129S2/SvPas	VSFP-Butterfly & EMX1-Cre	m	9 months	28.1	m	y	y	n	y	isoflurane				Bruker	9.4		GE-EPI	1000	15	16	0.333		
y		3dresample	1009	100904	DIMG14	2	2	3	mouse	129S2/SvPas	VSFP-Butterfly & EMX1-Cre	m	9 months	28.1	m	y	y	n	y	isoflurane				Bruker	9.4		GE-EPI	1000	15	16	0.333		
y		3dresample	1009	100904	DIMG14	2	2	4	mouse	129S2/SvPas	VSFP-Butterfly & EMX1-Cre	m	9 months	28.1	m	y	y	n	y	isoflurane				Bruker	9.4		GE-EPI	1000	15	16	0.333		
y		3dresample	1009	100904	DIMG14	2	2	5	mouse	129S2/SvPas	VSFP-Butterfly & EMX1-Cre	m	9 months	28.1	m	y	y	n	y	isoflurane				Bruker	9.4		GE-EPI	1000	15	16	0.333		
y		3dresample	1009	100904	DIMG14	3	3	1	mouse	129S2/SvPas	VSFP-Butterfly & EMX1-Cre	m	11 months	28.1	m	y	y	n	y	isoflurane				Bruker	9.4		GE-EPI	1000	15	16	0.333		
		3dresample	1009	100904	DIMG14	3	3	2	mouse	129S2/SvPas	VSFP-Butterfly & EMX1-Cre	m	11 months	28.1	m	y	y	n	y	isoflurane				Bruker	9.4		GE-EPI	1000	15	16	0.333		
y		3dresample	1009	100904	DIMG14	3	3	3	mouse	129S2/SvPas	VSFP-Butterfly & EMX1-Cre	m	11 months	28.1	m	y	y	n	y	isoflurane				Bruker	9.4		GE-EPI	1000	15	16	0.333		
y		3dresample	1009	100904	DIMG14	3	3	4	mouse	129S2/SvPas	VSFP-Butterfly & EMX1-Cre	m	11 months	28.1	m	y	y	n	y	isoflurane				Bruker	9.4		GE-EPI	1000	15	16	0.333		
y		3dresample	1009	100904	DIMG14	3	3	5	mouse	129S2/SvPas	VSFP-Butterfly & EMX1-Cre	m	11 months	28.1	m	y	y	n	y	isoflurane				Bruker	9.4		GE-EPI	1000	15	16	0.333		
		3dresample	1009	100904	DIMG14	3	3	6	mouse	129S2/SvPas	VSFP-Butterfly & EMX1-Cre	m	11 months	28.1	m	y	y	n	y	isoflurane				Bruker	9.4		GE-EPI	1000	15	16	0.333		
y		3dresample	1009	100904	DIMG14	4	4	1	mouse	129S2/SvPas	VSFP-Butterfly & EMX1-Cre	m	12 months	28.1	m	y	y	n	y	isoflurane				Bruker	9.4		GE-EPI	1000	15	16	0.333		
y		3dresample	1009	100904	DIMG14	4	4	2	mouse	129S2/SvPas	VSFP-Butterfly & EMX1-Cre	m	12 months	28.1	m	y	y	n	y	isoflurane				Bruker	9.4		GE-EPI	1000	15	16	0.333		
y		3dresample	1009	100904	DIMG14	4	4	3	mouse	129S2/SvPas	VSFP-Butterfly & EMX1-Cre	m	12 months	28.1	m	y	y	n	y	isoflurane				Bruker	9.4		GE-EPI	1000	15	16	0.333		
y		3dresample	1009	100904	DIMG14	4	4	4	mouse	129S2/SvPas	VSFP-Butterfly & EMX1-Cre	m	12 months	28.1	m	y	y	n	y	isoflurane				Bruker	9.4		GE-EPI	1000	15	16	0.333		
y		3dresample	1009	100904	DIMG14	4	4	6	mouse	129S2/SvPas	VSFP-Butterfly & EMX1-Cre	m	12 months	28.1	m	y	y	n	y	isoflurane				Bruker	9.4		GE-EPI	1000	15	16	0.333		
		3dresample	1009	100904	DIMG14	4	4	7	mouse	129S2/SvPas	VSFP-Butterfly & EMX1-Cre	m	12 months	28.1	m	y	y	n	y	isoflurane				Bruker	9.4		GE-EPI	1000	15	16	0.333		
		3dresample	1009	100904	DIMG14	4	4	8	mouse	129S2/SvPas	VSFP-Butterfly & EMX1-Cre	m	12 months	28.1	m	y	y	n	y	isoflurane				Bruker	9.4		GE-EPI	1000	15	16	0.333		
y	sordino	3dresample	1010	101000	Subj01	1		1	mouse	C57BL/6	C57BL/6J 	m	5 month	28-32g		y	n	y	n	n	n/a	n/a	n/a	Bruker	9.4	n	SORDINO	62	0	0.4	0.4		
y	sordino	3dresample	1010	101001	Subj02	1		1	mouse	C57BL/6	C57BL/6J 	m	5 month	28-32g		y	n	y	n	n	n/a	n/a	n/a	Bruker	9.4	n	SORDINO	62	0	0.4	0.4		
y	sordino	3dresample	1010	101002	Subj03	1		1	mouse	C57BL/6	C57BL/6J 	m	5 month	28-32g		y	n	y	n	n	n/a	n/a	n/a	Bruker	9.4	n	SORDINO	62	0	0.4	0.4		
y	sordino	3dresample	1010	101003	Subj04	1		1	mouse	C57BL/6	C57BL/6J 	m	5 month	28-32g		y	n	y	n	n	n/a	n/a	n/a	Bruker	9.4	n	SORDINO	62	0	0.4	0.4		
y	sordino	3dresample	1010	101004	Subj05	1		1	mouse	C57BL/6	C57BL/6J 	m	5 month	28-32g		y	n	y	n	n	n/a	n/a	n/a	Bruker	9.4	n	SORDINO	62	0	0.4	0.4		
y	sordino	3dresample	1010	101005	Subj06	1		1	mouse	C57BL/6	C57BL/6J 	m	5 month	28-32g		y	n	y	n	n	n/a	n/a	n/a	Bruker	9.4	n	SORDINO	62	0	0.4	0.4		
y	sordino	3dresample	1010	101006	Subj07	1		1	mouse	C57BL/6	C57BL/6J 	m	5 month	28-32g		y	n	y	n	n	n/a	n/a	n/a	Bruker	9.4	n	SORDINO	62	0	0.4	0.4		
y	sordino	3dresample	1010	101007	Subj08	1		1	mouse	C57BL/6	C57BL/6J 	m	5 month	28-32g		y	n	y	n	n	n/a	n/a	n/a	Bruker	9.4	n	SORDINO	62	0	0.4	0.4		
y	sordino	3dresample	1010	101008	Subj09	1		1	mouse	C57BL/6	C57BL/6J 	m	5 month	28-32g		y	n	y	n	n	n/a	n/a	n/a	Bruker	9.4	n	SORDINO	62	0	0.4	0.4		
y	sordino	3dresample	1010	101009	Subj10	1		1	mouse	C57BL/6	C57BL/6J 	m	5 month	28-32g		y	n	y	n	n	n/a	n/a	n/a	Bruker	9.4	n	SORDINO	62	0	0.4	0.4		
		data is the same BIDS_raw and BIDS_input-RABIES	1011	101100	Awake01	1	1	1	mouse	C57BL/6	C57BL/6	m	25	32.2	m	y	y	n	y	Isoflurane (2~4% ~20min), Blocked 30 minutes before acquisition				Bruker	15.2	n	GE-EPI	1000	11.7	0.156	0.5		
		data is the same BIDS_raw and BIDS_input-RABIES	1011	101100	Awake01	1	1	2	mouse	C57BL/6	C57BL/6	m	25	32.2	m	y	y	n	y	Isoflurane (2~4% ~20min), Blocked 30 minutes before acquisition				Bruker	15.2	n	GE-EPI	1000	11.7	0.156	0.5		
		data is the same BIDS_raw and BIDS_input-RABIES	1011	101100	Awake01	1	1	3	mouse	C57BL/6	C57BL/6	m	25	32.2	m	y	y	n	y	Isoflurane (2~4% ~20min), Blocked 30 minutes before acquisition				Bruker	15.2	n	GE-EPI	1000	11.7	0.156	0.5		
		data is the same BIDS_raw and BIDS_input-RABIES	1011	101101	Awake02	1	1	1	mouse	C57BL/6	C57BL/6	m	25	31.0	m	y	y	n	y	Isoflurane (2~4% ~20min), Blocked 30 minutes before acquisition				Bruker	15.2	n	GE-EPI	1000	11.7	0.156	0.5		
		data is the same BIDS_raw and BIDS_input-RABIES	1011	101101	Awake02	1	1	2	mouse	C57BL/6	C57BL/6	m	25	31.0	m	y	y	n	y	Isoflurane (2~4% ~20min), Blocked 30 minutes before acquisition				Bruker	15.2	n	GE-EPI	1000	11.7	0.156	0.5		
		data is the same BIDS_raw and BIDS_input-RABIES	1011	101101	Awake02	1	1	3	mouse	C57BL/6	C57BL/6	m	25	31.0	m	y	y	n	y	Isoflurane (2~4% ~20min), Blocked 30 minutes before acquisition				Bruker	15.2	n	GE-EPI	1000	11.7	0.156	0.5		
		data is the same BIDS_raw and BIDS_input-RABIES	1011	101102	Awake03	1	1	1	mouse	C57BL/6	C57BL/6	m	25	31.2	m	y	y	n	y	Isoflurane (2~4% ~20min), Blocked 30 minutes before acquisition			37	Bruker	15.2	n	GE-EPI	1000	11.7	0.156	0.5		
		data is the same BIDS_raw and BIDS_input-RABIES	1011	101102	Awake03	1	1	2	mouse	C57BL/6	C57BL/6	m	25	31.2	m	y	y	n	y	Isoflurane (2~4% ~20min), Blocked 30 minutes before acquisition			37	Bruker	15.2	n	GE-EPI	1000	11.7	0.156	0.5		
		data is the same BIDS_raw and BIDS_input-RABIES	1011	101102	Awake03	1	1	3	mouse	C57BL/6	C57BL/6	m	25	31.2	m	y	y	n	y	Isoflurane (2~4% ~20min), Blocked 30 minutes before acquisition			37	Bruker	15.2	n	GE-EPI	1000	11.7	0.156	0.5		
		data is the same BIDS_raw and BIDS_input-RABIES	1011	101103	Awake04	1	1	1	mouse	C57BL/6	C57BL/6	m	19	29.2	m	y	y	n	y	Isoflurane (2~4% ~20min), Blocked 30 minutes before acquisition			37.2	Bruker	15.2	n	GE-EPI	1000	11.7	0.156	0.5		
		data is the same BIDS_raw and BIDS_input-RABIES	1011	101103	Awake04	1	1	2	mouse	C57BL/6	C57BL/6	m	19	29.2	m	y	y	n	y	Isoflurane (2~4% ~20min), Blocked 30 minutes before acquisition			37.2	Bruker	15.2	n	GE-EPI	1000	11.7	0.156	0.5		
		data is the same BIDS_raw and BIDS_input-RABIES	1011	101103	Awake04	1	1	3	mouse	C57BL/6	C57BL/6	m	19	29.2	m	y	y	n	y	Isoflurane (2~4% ~20min), Blocked 30 minutes before acquisition			37.2	Bruker	15.2	n	GE-EPI	1000	11.7	0.156	0.5		
		data is the same BIDS_raw and BIDS_input-RABIES	1011	101104	Awake05	1	1	1	mouse	C57BL/6	C57BL/6	m	19	29.0	m	y	y	n	y	Isoflurane (2~4% ~20min), Blocked 30 minutes before acquisition			37	Bruker	15.2	n	GE-EPI	1000	11.7	0.156	0.5		
		data is the same BIDS_raw and BIDS_input-RABIES	1011	101104	Awake05	1	1	2	mouse	C57BL/6	C57BL/6	m	19	29.0	m	y	y	n	y	Isoflurane (2~4% ~20min), Blocked 30 minutes before acquisition			37	Bruker	15.2	n	GE-EPI	1000	11.7	0.156	0.5		
		data is the same BIDS_raw and BIDS_input-RABIES	1011	101104	Awake05	1	1	3	mouse	C57BL/6	C57BL/6	m	19	29.0	m	y	y	n	y	Isoflurane (2~4% ~20min), Blocked 30 minutes before acquisition			37	Bruker	15.2	n	GE-EPI	1000	11.7	0.156	0.5		
		data is the same BIDS_raw and BIDS_input-RABIES	1011	101105	Awake06	1	1	1	mouse	C57BL/6	C57BL/6	m	19	32.1	m	y	y	n	y	Isoflurane (2~4% ~20min), Blocked 30 minutes before acquisition			37	Bruker	15.2	n	GE-EPI	1000	11.7	0.156	0.5		
		data is the same BIDS_raw and BIDS_input-RABIES	1011	101105	Awake06	1	1	2	mouse	C57BL/6	C57BL/6	m	19	32.1	m	y	y	n	y	Isoflurane (2~4% ~20min), Blocked 30 minutes before acquisition			37	Bruker	15.2	n	GE-EPI	1000	11.7	0.156	0.5		
		data is the same BIDS_raw and BIDS_input-RABIES	1011	101105	Awake06	1	1	3	mouse	C57BL/6	C57BL/6	m	19	32.1	m	y	y	n	y	Isoflurane (2~4% ~20min), Blocked 30 minutes before acquisition			37	Bruker	15.2	n	GE-EPI	1000	11.7	0.156	0.5		
		data is the same BIDS_raw and BIDS_input-RABIES	1011	101106	Awake07	1	1	1	mouse	C57BL/6	C57BL/6	m	11	24.2	m	y	y	n	y	Isoflurane (2~4% ~20min), Blocked 30 minutes before acquisition			36.9	Bruker	15.2	n	GE-EPI	1000	11.7	0.156	0.5		
		data is the same BIDS_raw and BIDS_input-RABIES	1011	101106	Awake07	1	1	2	mouse	C57BL/6	C57BL/6	m	11	24.2	m	y	y	n	y	Isoflurane (2~4% ~20min), Blocked 30 minutes before acquisition			36.9	Bruker	15.2	n	GE-EPI	1000	11.7	0.156	0.5		
		data is the same BIDS_raw and BIDS_input-RABIES	1011	101106	Awake07	1	1	3	mouse	C57BL/6	C57BL/6	m	11	24.2	m	y	y	n	y	Isoflurane (2~4% ~20min), Blocked 30 minutes before acquisition			36.9	Bruker	15.2	n	GE-EPI	1000	11.7	0.156	0.5		
		data is the same BIDS_raw and BIDS_input-RABIES	1011	101107	Awake08	1	1	1	mouse	C57BL/6	C57BL/6	m	11	24.8	m	y	y	n	y	Isoflurane (2~4% ~20min), Blocked 30 minutes before acquisition			36.8	Bruker	15.2	n	GE-EPI	1000	11.7	0.156	0.5		
		data is the same BIDS_raw and BIDS_input-RABIES	1011	101107	Awake08	1	1	2	mouse	C57BL/6	C57BL/6	m	11	24.8	m	y	y	n	y	Isoflurane (2~4% ~20min), Blocked 30 minutes before acquisition			36.8	Bruker	15.2	n	GE-EPI	1000	11.7	0.156	0.5		
		data is the same BIDS_raw and BIDS_input-RABIES	1011	101107	Awake08	1	1	3	mouse	C57BL/6	C57BL/6	m	11	24.8	m	y	y	n	y	Isoflurane (2~4% ~20min), Blocked 30 minutes before acquisition			36.8	Bruker	15.2	n	GE-EPI	1000	11.7	0.156	0.5		
		data is the same BIDS_raw and BIDS_input-RABIES	1011	101108	Awake09	1	1	1	mouse	C57BL/6	C57BL/6	m	11	25.7	m	y	y	n	y	Isoflurane (2~4% ~20min), Blocked 30 minutes before acquisition			36.7	Bruker	15.2	n	GE-EPI	1000	11.7	0.156	0.5		
		data is the same BIDS_raw and BIDS_input-RABIES	1011	101108	Awake09	1	1	2	mouse	C57BL/6	C57BL/6	m	11	25.7	m	y	y	n	y	Isoflurane (2~4% ~20min), Blocked 30 minutes before acquisition			36.7	Bruker	15.2	n	GE-EPI	1000	11.7	0.156	0.5		
		data is the same BIDS_raw and BIDS_input-RABIES	1011	101108	Awake09	1	1	3	mouse	C57BL/6	C57BL/6	m	11	25.7	m	y	y	n	y	Isoflurane (2~4% ~20min), Blocked 30 minutes before acquisition			36.7	Bruker	15.2	n	GE-EPI	1000	11.7	0.156	0.5		
		data is the same BIDS_raw and BIDS_input-RABIES	1011	101109	Awake10	1	1	1	mouse	C57BL/6	C57BL/6	m	12	26.1	m	y	y	n	y	Isoflurane (2~4% ~20min), Blocked 30 minutes before acquisition			37.3	Bruker	15.2	n	GE-EPI	1000	11.7	0.156	0.5		
		data is the same BIDS_raw and BIDS_input-RABIES	1011	101109	Awake10	1	1	2	mouse	C57BL/6	C57BL/6	m	12	26.1	m	y	y	n	y	Isoflurane (2~4% ~20min), Blocked 30 minutes before acquisition			37.3	Bruker	15.2	n	GE-EPI	1000	11.7	0.156	0.5		
		data is the same BIDS_raw and BIDS_input-RABIES	1011	101109	Awake10	1	1	3	mouse	C57BL/6	C57BL/6	m	12	26.1	m	y	y	n	y	Isoflurane (2~4% ~20min), Blocked 30 minutes before acquisition			37.3	Bruker	15.2	n	GE-EPI	1000	11.7	0.156	0.5		
		data is the same BIDS_raw and BIDS_input-RABIES	1011	101110	Awake11	1	1	1	mouse	C57BL/6	C57BL/6	m	12	25.2	m	y	y	n	y	Isoflurane (2~4% ~20min), Blocked 30 minutes before acquisition			35.5	Bruker	15.2	n	GE-EPI	1000	11.7	0.156	0.5		
		data is the same BIDS_raw and BIDS_input-RABIES	1011	101110	Awake11	1	1	2	mouse	C57BL/6	C57BL/6	m	12	25.2	m	y	y	n	y	Isoflurane (2~4% ~20min), Blocked 30 minutes before acquisition			35.5	Bruker	15.2	n	GE-EPI	1000	11.7	0.156	0.5		
		data is the same BIDS_raw and BIDS_input-RABIES	1011	101110	Awake11	1	1	3	mouse	C57BL/6	C57BL/6	m	12	25.2	m	y	y	n	y	Isoflurane (2~4% ~20min), Blocked 30 minutes before acquisition			35.5	Bruker	15.2	n	GE-EPI	1000	11.7	0.156	0.5		
		data is the same BIDS_raw and BIDS_input-RABIES	1011	101111	Awake12	1	1	1	mouse	C57BL/6	C57BL/6	m	17	26.5	m	y	y	n	y	Isoflurane (2~4% ~20min), Blocked 30 minutes before acquisition			37	Bruker	15.2	n	GE-EPI	1000	11.7	0.156	0.5		
		data is the same BIDS_raw and BIDS_input-RABIES	1011	101111	Awake12	1	1	2	mouse	C57BL/6	C57BL/6	m	17	26.5	m	y	y	n	y	Isoflurane (2~4% ~20min), Blocked 30 minutes before acquisition			37	Bruker	15.2	n	GE-EPI	1000	11.7	0.156	0.5		
		data is the same BIDS_raw and BIDS_input-RABIES	1011	101111	Awake12	1	1	3	mouse	C57BL/6	C57BL/6	m	17	26.5	m	y	y	n	y	Isoflurane (2~4% ~20min), Blocked 30 minutes before acquisition			37	Bruker	15.2	n	GE-EPI	1000	11.7	0.156	0.5		
		data is the same BIDS_raw and BIDS_input-RABIES	1011	101112	Awake13	1	1	1	mouse	C57BL/6	C57BL/6	m	18	29.8	m	y	y	n	y	Isoflurane (2~4% ~20min), Blocked 30 minutes before acquisition			36.3	Bruker	15.2	n	GE-EPI	1000	11.7	0.156	0.5		
		data is the same BIDS_raw and BIDS_input-RABIES	1011	101112	Awake13	1	1	2	mouse	C57BL/6	C57BL/6	m	18	29.8	m	y	y	n	y	Isoflurane (2~4% ~20min), Blocked 30 minutes before acquisition			36.3	Bruker	15.2	n	GE-EPI	1000	11.7	0.156	0.5		
		data is the same BIDS_raw and BIDS_input-RABIES	1011	101112	Awake13	1	1	3	mouse	C57BL/6	C57BL/6	m	18	29.8	m	y	y	n	y	Isoflurane (2~4% ~20min), Blocked 30 minutes before acquisition			36.3	Bruker	15.2	n	GE-EPI	1000	11.7	0.156	0.5		
		data is the same BIDS_raw and BIDS_input-RABIES	1011	101113	Awake14	1	1	1	mouse	C57BL/6	C57BL/6	m	18	32.1	m	y	y	n	y	Isoflurane (2~4% ~20min), Blocked 30 minutes before acquisition			36.5	Bruker	15.2	n	GE-EPI	1000	11.7	0.156	0.5		
		data is the same BIDS_raw and BIDS_input-RABIES	1011	101113	Awake14	1	1	2	mouse	C57BL/6	C57BL/6	m	18	32.1	m	y	y	n	y	Isoflurane (2~4% ~20min), Blocked 30 minutes before acquisition			36.5	Bruker	15.2	n	GE-EPI	1000	11.7	0.156	0.5		
		data is the same BIDS_raw and BIDS_input-RABIES	1011	101113	Awake14	1	1	3	mouse	C57BL/6	C57BL/6	m	18	32.1	m	y	y	n	y	Isoflurane (2~4% ~20min), Blocked 30 minutes before acquisition			36.5	Bruker	15.2	n	GE-EPI	1000	11.7	0.156	0.5		
		data is the same BIDS_raw and BIDS_input-RABIES	1011	101114	Awake15	1	1	1	mouse	C57BL/6	C57BL/6	m	18	27.6	m	y	y	n	y	Isoflurane (2~4% ~20min), Blocked 30 minutes before acquisition			36	Bruker	15.2	n	GE-EPI	1000	11.7	0.156	0.5		
		data is the same BIDS_raw and BIDS_input-RABIES	1011	101114	Awake15	1	1	2	mouse	C57BL/6	C57BL/6	m	18	27.6	m	y	y	n	y	Isoflurane (2~4% ~20min), Blocked 30 minutes before acquisition			36	Bruker	15.2	n	GE-EPI	1000	11.7	0.156	0.5		
		data is the same BIDS_raw and BIDS_input-RABIES	1011	101114	Awake15	1	1	3	mouse	C57BL/6	C57BL/6	m	18	27.6	m	y	y	n	y	Isoflurane (2~4% ~20min), Blocked 30 minutes before acquisition			36	Bruker	15.2	n	GE-EPI	1000	11.7	0.156	0.5		
		data is the same BIDS_raw and BIDS_input-RABIES	1011	101115	Awake16	1	1	1	mouse	C57BL/6	C57BL/6	m	18	29.2	m	y	y	n	y	Isoflurane (2~4% ~20min), Blocked 30 minutes before acquisition			36.2	Bruker	15.2	n	GE-EPI	1000	11.7	0.156	0.5		
		data is the same BIDS_raw and BIDS_input-RABIES	1011	101115	Awake16	1	1	2	mouse	C57BL/6	C57BL/6	m	18	29.2	m	y	y	n	y	Isoflurane (2~4% ~20min), Blocked 30 minutes before acquisition			36.2	Bruker	15.2	n	GE-EPI	1000	11.7	0.156	0.5		
		data is the same BIDS_raw and BIDS_input-RABIES	1011	101115	Awake16	1	1	3	mouse	C57BL/6	C57BL/6	m	18	29.2	m	y	y	n	y	Isoflurane (2~4% ~20min), Blocked 30 minutes before acquisition			36.2	Bruker	15.2	n	GE-EPI	1000	11.7	0.156	0.5		
		data is the same BIDS_raw and BIDS_input-RABIES	1011	101116	Awake18	1	1	1	mouse	C57BL/6	C57BL/6	m	21	31.4	m	y	y	n	y	Isoflurane (2~4% ~20min), Blocked 30 minutes before acquisition			36.6	Bruker	15.2	n	GE-EPI	1000	11.7	0.156	0.5		
		data is the same BIDS_raw and BIDS_input-RABIES	1011	101116	Awake18	1	1	2	mouse	C57BL/6	C57BL/6	m	21	31.4	m	y	y	n	y	Isoflurane (2~4% ~20min), Blocked 30 minutes before acquisition			36.6	Bruker	15.2	n	GE-EPI	1000	11.7	0.156	0.5		
		data is the same BIDS_raw and BIDS_input-RABIES	1011	101116	Awake18	1	1	3	mouse	C57BL/6	C57BL/6	m	21	31.4	m	y	y	n	y	Isoflurane (2~4% ~20min), Blocked 30 minutes before acquisition			36.6	Bruker	15.2	n	GE-EPI	1000	11.7	0.156	0.5		
		fslorient_fslchpixdim	3001	300100	Na027	1	1	1	mouse	C57BL/6	C57BL/125		NA	NA	m	y	y		y	Isoflurane				Bruker BioSpin MRI	9.4		SE-EPI	2500	18.398	0.15 x 0.134	0.45	https://www.ncbi.nlm.nih.gov/pmc/articles/PMC7486714/	https://openneuro.org/datasets/ds003146
		fslorient_fslchpixdim	3001	300100	Na027	1	1	2	mouse	C57BL/6	C57BL/126		NA	NA	m	y	y		y	Isoflurane				Bruker BioSpin MRI	9.4		SE-EPI	2500	18.398	0.15 x 0.135	0.45	https://www.ncbi.nlm.nih.gov/pmc/articles/PMC7486714/	https://openneuro.org/datasets/ds003147
		fslorient_fslchpixdim	3001	300100	Na027	1	1	3	mouse	C57BL/6	C57BL/127		NA	NA	m	y	y		y	Isoflurane				Bruker BioSpin MRI	9.4		SE-EPI	2500	18.398	0.15 x 0.136	0.45	https://www.ncbi.nlm.nih.gov/pmc/articles/PMC7486714/	https://openneuro.org/datasets/ds003148
		fslorient_fslchpixdim	3001	300100	Na027	1	1	4	mouse	C57BL/6	C57BL/128		NA	NA	m	y	y		y	Isoflurane				Bruker BioSpin MRI	9.4		SE-EPI	2500	18.398	0.15 x 0.137	0.45	https://www.ncbi.nlm.nih.gov/pmc/articles/PMC7486714/	https://openneuro.org/datasets/ds003149
		fslorient_fslchpixdim	3001	300100	Na027	2	2	1	mouse	C57BL/6	C57BL/129		NA	NA	m	y	y		y	Isoflurane				Bruker BioSpin MRI	9.4		SE-EPI	2500	18.398	0.15 x 0.138	0.45	https://www.ncbi.nlm.nih.gov/pmc/articles/PMC7486714/	https://openneuro.org/datasets/ds003150
		fslorient_fslchpixdim	3001	300100	Na027	2	2	2	mouse	C57BL/6	C57BL/130		NA	NA	m	y	y		y	Isoflurane				Bruker BioSpin MRI	9.4		SE-EPI	2500	18.398	0.15 x 0.139	0.45	https://www.ncbi.nlm.nih.gov/pmc/articles/PMC7486714/	https://openneuro.org/datasets/ds003151
		fslorient_fslchpixdim	3001	300100	Na027	2	2	3	mouse	C57BL/6	C57BL/131		NA	NA	m	y	y		y	Isoflurane				Bruker BioSpin MRI	9.4		SE-EPI	2500	18.398	0.15 x 0.140	0.45	https://www.ncbi.nlm.nih.gov/pmc/articles/PMC7486714/	https://openneuro.org/datasets/ds003152
		fslorient_fslchpixdim	3001	300100	Na027	2	2	4	mouse	C57BL/6	C57BL/132		NA	NA	m	y	y		y	Isoflurane				Bruker BioSpin MRI	9.4		SE-EPI	2500	18.398	0.15 x 0.141	0.45	https://www.ncbi.nlm.nih.gov/pmc/articles/PMC7486714/	https://openneuro.org/datasets/ds003153
		fslorient_fslchpixdim	3001	300100	Na027	3	3	1	mouse	C57BL/6	C57BL/133		NA	NA	m	y	y		y	Isoflurane				Bruker BioSpin MRI	9.4		SE-EPI	2500	18.398	0.15 x 0.142	0.45	https://www.ncbi.nlm.nih.gov/pmc/articles/PMC7486714/	https://openneuro.org/datasets/ds003154
		fslorient_fslchpixdim	3001	300100	Na027	3	3	2	mouse	C57BL/6	C57BL/134		NA	NA	m	y	y		y	Isoflurane				Bruker BioSpin MRI	9.4		SE-EPI	2500	18.398	0.15 x 0.143	0.45	https://www.ncbi.nlm.nih.gov/pmc/articles/PMC7486714/	https://openneuro.org/datasets/ds003155
		fslorient_fslchpixdim	3001	300100	Na027	3	3	3	mouse	C57BL/6	C57BL/135		NA	NA	m	y	y		y	Isoflurane				Bruker BioSpin MRI	9.4		SE-EPI	2500	18.398	0.15 x 0.144	0.45	https://www.ncbi.nlm.nih.gov/pmc/articles/PMC7486714/	https://openneuro.org/datasets/ds003156
		fslorient_fslchpixdim	3001	300100	Na027	3	3	4	mouse	C57BL/6	C57BL/136		NA	NA	m	y	y		y	Isoflurane				Bruker BioSpin MRI	9.4		SE-EPI	2500	18.398	0.15 x 0.145	0.45	https://www.ncbi.nlm.nih.gov/pmc/articles/PMC7486714/	https://openneuro.org/datasets/ds003157
		fslorient_fslchpixdim	3001	300100	Na027	4	4	1	mouse	C57BL/6	C57BL/137		NA	NA	m	y	y		y	Isoflurane				Bruker BioSpin MRI	9.4		SE-EPI	2500	18.398	0.15 x 0.146	0.45	https://www.ncbi.nlm.nih.gov/pmc/articles/PMC7486714/	https://openneuro.org/datasets/ds003158
		fslorient_fslchpixdim	3001	300100	Na027	4	4	2	mouse	C57BL/6	C57BL/138		NA	NA	m	y	y		y	Isoflurane				Bruker BioSpin MRI	9.4		SE-EPI	2500	18.398	0.15 x 0.147	0.45	https://www.ncbi.nlm.nih.gov/pmc/articles/PMC7486714/	https://openneuro.org/datasets/ds003159
		fslorient_fslchpixdim	3001	300100	Na027	4	4	3	mouse	C57BL/6	C57BL/139		NA	NA	m	y	y		y	Isoflurane				Bruker BioSpin MRI	9.4		SE-EPI	2500	18.398	0.15 x 0.148	0.45	https://www.ncbi.nlm.nih.gov/pmc/articles/PMC7486714/	https://openneuro.org/datasets/ds003160
		fslorient_fslchpixdim	3001	300100	Na027	4	4	4	mouse	C57BL/6	C57BL/140		NA	NA	m	y	y		y	Isoflurane				Bruker BioSpin MRI	9.4		SE-EPI	2500	18.398	0.15 x 0.149	0.45	https://www.ncbi.nlm.nih.gov/pmc/articles/PMC7486714/	https://openneuro.org/datasets/ds003161
		fslorient_fslchpixdim	3001	300100	Na027	5	5	1	mouse	C57BL/6	C57BL/141		NA	NA	m	y	y		y	Isoflurane				Bruker BioSpin MRI	9.4		SE-EPI	2500	18.398	0.15 x 0.150	0.45	https://www.ncbi.nlm.nih.gov/pmc/articles/PMC7486714/	https://openneuro.org/datasets/ds003162
		fslorient_fslchpixdim	3001	300100	Na027	5	5	2	mouse	C57BL/6	C57BL/142		NA	NA	m	y	y		y	Isoflurane				Bruker BioSpin MRI	9.4		SE-EPI	2500	18.398	0.15 x 0.151	0.45	https://www.ncbi.nlm.nih.gov/pmc/articles/PMC7486714/	https://openneuro.org/datasets/ds003163
		fslorient_fslchpixdim	3001	300100	Na027	5	5	3	mouse	C57BL/6	C57BL/143		NA	NA	m	y	y		y	Isoflurane				Bruker BioSpin MRI	9.4		SE-EPI	2500	18.398	0.15 x 0.152	0.45	https://www.ncbi.nlm.nih.gov/pmc/articles/PMC7486714/	https://openneuro.org/datasets/ds003164
		fslorient_fslchpixdim	3001	300100	Na027	5	5	4	mouse	C57BL/6	C57BL/144		NA	NA	m	y	y		y	Isoflurane				Bruker BioSpin MRI	9.4		SE-EPI	2500	18.398	0.15 x 0.153	0.45	https://www.ncbi.nlm.nih.gov/pmc/articles/PMC7486714/	https://openneuro.org/datasets/ds003165
		fslorient_fslchpixdim	3001	300101	Na029	2	2	1	mouse	C57BL/6	C57BL/221		NA	NA	m	y	y		y	Isoflurane				Bruker BioSpin MRI	9.4		SE-EPI	2500	18.398	0.15 x 0.230	0.45	https://www.ncbi.nlm.nih.gov/pmc/articles/PMC7486714/	https://openneuro.org/datasets/ds003242
		fslorient_fslchpixdim	3001	300101	Na029	2	2	2	mouse	C57BL/6	C57BL/222		NA	NA	m	y	y		y	Isoflurane				Bruker BioSpin MRI	9.4		SE-EPI	2500	18.398	0.15 x 0.231	0.45	https://www.ncbi.nlm.nih.gov/pmc/articles/PMC7486714/	https://openneuro.org/datasets/ds003243
		fslorient_fslchpixdim	3001	300101	Na029	2	2	3	mouse	C57BL/6	C57BL/223		NA	NA	m	y	y		y	Isoflurane				Bruker BioSpin MRI	9.4		SE-EPI	2500	18.398	0.15 x 0.232	0.45	https://www.ncbi.nlm.nih.gov/pmc/articles/PMC7486714/	https://openneuro.org/datasets/ds003244
		fslorient_fslchpixdim	3001	300101	Na029	2	2	4	mouse	C57BL/6	C57BL/224		NA	NA	m	y	y		y	Isoflurane				Bruker BioSpin MRI	9.4		SE-EPI	2500	18.398	0.15 x 0.233	0.45	https://www.ncbi.nlm.nih.gov/pmc/articles/PMC7486714/	https://openneuro.org/datasets/ds003245
		fslorient_fslchpixdim	3001	300101	Na029	3	3	1	mouse	C57BL/6	C57BL/225		NA	NA	m	y	y		y	Isoflurane				Bruker BioSpin MRI	9.4		SE-EPI	2500	18.398	0.15 x 0.234	0.45	https://www.ncbi.nlm.nih.gov/pmc/articles/PMC7486714/	https://openneuro.org/datasets/ds003246
		fslorient_fslchpixdim	3001	300101	Na029	3	3	2	mouse	C57BL/6	C57BL/226		NA	NA	m	y	y		y	Isoflurane				Bruker BioSpin MRI	9.4		SE-EPI	2500	18.398	0.15 x 0.235	0.45	https://www.ncbi.nlm.nih.gov/pmc/articles/PMC7486714/	https://openneuro.org/datasets/ds003247
		fslorient_fslchpixdim	3001	300101	Na029	3	3	3	mouse	C57BL/6	C57BL/227		NA	NA	m	y	y		y	Isoflurane				Bruker BioSpin MRI	9.4		SE-EPI	2500	18.398	0.15 x 0.236	0.45	https://www.ncbi.nlm.nih.gov/pmc/articles/PMC7486714/	https://openneuro.org/datasets/ds003248
		fslorient_fslchpixdim	3001	300101	Na029	3	3	4	mouse	C57BL/6	C57BL/228		NA	NA	m	y	y		y	Isoflurane				Bruker BioSpin MRI	9.4		SE-EPI	2500	18.398	0.15 x 0.237	0.45	https://www.ncbi.nlm.nih.gov/pmc/articles/PMC7486714/	https://openneuro.org/datasets/ds003249
		fslorient_fslchpixdim	3001	300101	Na029	4	4	1	mouse	C57BL/6	C57BL/229		NA	NA	m	y	y		y	Isoflurane				Bruker BioSpin MRI	9.4		SE-EPI	2500	18.398	0.15 x 0.238	0.45	https://www.ncbi.nlm.nih.gov/pmc/articles/PMC7486714/	https://openneuro.org/datasets/ds003250
		fslorient_fslchpixdim	3001	300101	Na029	4	4	2	mouse	C57BL/6	C57BL/230		NA	NA	m	y	y		y	Isoflurane				Bruker BioSpin MRI	9.4		SE-EPI	2500	18.398	0.15 x 0.239	0.45	https://www.ncbi.nlm.nih.gov/pmc/articles/PMC7486714/	https://openneuro.org/datasets/ds003251
		fslorient_fslchpixdim	3001	300101	Na029	4	4	3	mouse	C57BL/6	C57BL/231		NA	NA	m	y	y		y	Isoflurane				Bruker BioSpin MRI	9.4		SE-EPI	2500	18.398	0.15 x 0.240	0.45	https://www.ncbi.nlm.nih.gov/pmc/articles/PMC7486714/	https://openneuro.org/datasets/ds003252
		fslorient_fslchpixdim	3001	300101	Na029	4	4	4	mouse	C57BL/6	C57BL/232		NA	NA	m	y	y		y	Isoflurane				Bruker BioSpin MRI	9.4		SE-EPI	2500	18.398	0.15 x 0.241	0.45	https://www.ncbi.nlm.nih.gov/pmc/articles/PMC7486714/	https://openneuro.org/datasets/ds003253
		fslorient_fslchpixdim	3001	300101	Na029	5	5	1	mouse	C57BL/6	C57BL/233		NA	NA	m	y	y		y	Isoflurane				Bruker BioSpin MRI	9.4		SE-EPI	2500	18.398	0.15 x 0.242	0.45	https://www.ncbi.nlm.nih.gov/pmc/articles/PMC7486714/	https://openneuro.org/datasets/ds003254
		fslorient_fslchpixdim	3001	300101	Na029	5	5	2	mouse	C57BL/6	C57BL/234		NA	NA	m	y	y		y	Isoflurane				Bruker BioSpin MRI	9.4		SE-EPI	2500	18.398	0.15 x 0.243	0.45	https://www.ncbi.nlm.nih.gov/pmc/articles/PMC7486714/	https://openneuro.org/datasets/ds003255
		fslorient_fslchpixdim	3001	300101	Na029	5	5	3	mouse	C57BL/6	C57BL/235		NA	NA	m	y	y		y	Isoflurane				Bruker BioSpin MRI	9.4		SE-EPI	2500	18.398	0.15 x 0.244	0.45	https://www.ncbi.nlm.nih.gov/pmc/articles/PMC7486714/	https://openneuro.org/datasets/ds003256
		fslorient_fslchpixdim	3001	300101	Na029	5	5	4	mouse	C57BL/6	C57BL/236		NA	NA	m	y	y		y	Isoflurane				Bruker BioSpin MRI	9.4		SE-EPI	2500	18.398	0.15 x 0.245	0.45	https://www.ncbi.nlm.nih.gov/pmc/articles/PMC7486714/	https://openneuro.org/datasets/ds003257
		fslorient_fslchpixdim	3001	300101	Na029	6	6	1	mouse	C57BL/6	C57BL/237		NA	NA	m	y	y		y	Isoflurane				Bruker BioSpin MRI	9.4		SE-EPI	2500	18.398	0.15 x 0.246	0.45	https://www.ncbi.nlm.nih.gov/pmc/articles/PMC7486714/	https://openneuro.org/datasets/ds003258
		fslorient_fslchpixdim	3001	300101	Na029	6	6	2	mouse	C57BL/6	C57BL/238		NA	NA	m	y	y		y	Isoflurane				Bruker BioSpin MRI	9.4		SE-EPI	2500	18.398	0.15 x 0.247	0.45	https://www.ncbi.nlm.nih.gov/pmc/articles/PMC7486714/	https://openneuro.org/datasets/ds003259
		fslorient_fslchpixdim	3001	300101	Na029	6	6	3	mouse	C57BL/6	C57BL/239		NA	NA	m	y	y		y	Isoflurane				Bruker BioSpin MRI	9.4		SE-EPI	2500	18.398	0.15 x 0.248	0.45	https://www.ncbi.nlm.nih.gov/pmc/articles/PMC7486714/	https://openneuro.org/datasets/ds003260
		fslorient_fslchpixdim	3001	300101	Na029	6	6	4	mouse	C57BL/6	C57BL/240		NA	NA	m	y	y		y	Isoflurane				Bruker BioSpin MRI	9.4		SE-EPI	2500	18.398	0.15 x 0.249	0.45	https://www.ncbi.nlm.nih.gov/pmc/articles/PMC7486714/	https://openneuro.org/datasets/ds003261
		fslorient_fslchpixdim	3001	300102	Na033	2	2	1	mouse	C57BL/6	C57BL/349		NA	NA	m	y	y		y	Isoflurane				Bruker BioSpin MRI	9.4		SE-EPI	2500	18.398	0.15 x 0.358	0.45	https://www.ncbi.nlm.nih.gov/pmc/articles/PMC7486714/	https://openneuro.org/datasets/ds003370
		fslorient_fslchpixdim	3001	300102	Na033	2	2	2	mouse	C57BL/6	C57BL/350		NA	NA	m	y	y		y	Isoflurane				Bruker BioSpin MRI	9.4		SE-EPI	2500	18.398	0.15 x 0.359	0.45	https://www.ncbi.nlm.nih.gov/pmc/articles/PMC7486714/	https://openneuro.org/datasets/ds003371
		fslorient_fslchpixdim	3001	300102	Na033	2	2	3	mouse	C57BL/6	C57BL/351		NA	NA	m	y	y		y	Isoflurane				Bruker BioSpin MRI	9.4		SE-EPI	2500	18.398	0.15 x 0.360	0.45	https://www.ncbi.nlm.nih.gov/pmc/articles/PMC7486714/	https://openneuro.org/datasets/ds003372
		fslorient_fslchpixdim	3001	300102	Na033	2	2	4	mouse	C57BL/6	C57BL/352		NA	NA	m	y	y		y	Isoflurane				Bruker BioSpin MRI	9.4		SE-EPI	2500	18.398	0.15 x 0.361	0.45	https://www.ncbi.nlm.nih.gov/pmc/articles/PMC7486714/	https://openneuro.org/datasets/ds003373
		fslorient_fslchpixdim	3001	300102	Na033	3	3	1	mouse	C57BL/6	C57BL/353		NA	NA	m	y	y		y	Isoflurane				Bruker BioSpin MRI	9.4		SE-EPI	2500	18.398	0.15 x 0.362	0.45	https://www.ncbi.nlm.nih.gov/pmc/articles/PMC7486714/	https://openneuro.org/datasets/ds003374
		fslorient_fslchpixdim	3001	300102	Na033	3	3	2	mouse	C57BL/6	C57BL/354		NA	NA	m	y	y		y	Isoflurane				Bruker BioSpin MRI	9.4		SE-EPI	2500	18.398	0.15 x 0.363	0.45	https://www.ncbi.nlm.nih.gov/pmc/articles/PMC7486714/	https://openneuro.org/datasets/ds003375
		fslorient_fslchpixdim	3001	300102	Na033	3	3	3	mouse	C57BL/6	C57BL/355		NA	NA	m	y	y		y	Isoflurane				Bruker BioSpin MRI	9.4		SE-EPI	2500	18.398	0.15 x 0.364	0.45	https://www.ncbi.nlm.nih.gov/pmc/articles/PMC7486714/	https://openneuro.org/datasets/ds003376
		fslorient_fslchpixdim	3001	300102	Na033	3	3	4	mouse	C57BL/6	C57BL/356		NA	NA	m	y	y		y	Isoflurane				Bruker BioSpin MRI	9.4		SE-EPI	2500	18.398	0.15 x 0.365	0.45	https://www.ncbi.nlm.nih.gov/pmc/articles/PMC7486714/	https://openneuro.org/datasets/ds003377
		fslorient_fslchpixdim	3001	300102	Na033	4	4	1	mouse	C57BL/6	C57BL/357		NA	NA	m	y	y		y	Isoflurane				Bruker BioSpin MRI	9.4		SE-EPI	2500	18.398	0.15 x 0.366	0.45	https://www.ncbi.nlm.nih.gov/pmc/articles/PMC7486714/	https://openneuro.org/datasets/ds003378
		fslorient_fslchpixdim	3001	300102	Na033	4	4	2	mouse	C57BL/6	C57BL/358		NA	NA	m	y	y		y	Isoflurane				Bruker BioSpin MRI	9.4		SE-EPI	2500	18.398	0.15 x 0.367	0.45	https://www.ncbi.nlm.nih.gov/pmc/articles/PMC7486714/	https://openneuro.org/datasets/ds003379
		fslorient_fslchpixdim	3001	300102	Na033	4	4	3	mouse	C57BL/6	C57BL/359		NA	NA	m	y	y		y	Isoflurane				Bruker BioSpin MRI	9.4		SE-EPI	2500	18.398	0.15 x 0.368	0.45	https://www.ncbi.nlm.nih.gov/pmc/articles/PMC7486714/	https://openneuro.org/datasets/ds003380
		fslorient_fslchpixdim	3001	300102	Na033	4	4	4	mouse	C57BL/6	C57BL/360		NA	NA	m	y	y		y	Isoflurane				Bruker BioSpin MRI	9.4		SE-EPI	2500	18.398	0.15 x 0.369	0.45	https://www.ncbi.nlm.nih.gov/pmc/articles/PMC7486714/	https://openneuro.org/datasets/ds003381
		fslorient_fslchpixdim	3001	300102	Na033	5	5	1	mouse	C57BL/6	C57BL/361		NA	NA	m	y	y		y	Isoflurane				Bruker BioSpin MRI	9.4		SE-EPI	2500	18.398	0.15 x 0.370	0.45	https://www.ncbi.nlm.nih.gov/pmc/articles/PMC7486714/	https://openneuro.org/datasets/ds003382
		fslorient_fslchpixdim	3001	300102	Na033	5	5	2	mouse	C57BL/6	C57BL/362		NA	NA	m	y	y		y	Isoflurane				Bruker BioSpin MRI	9.4		SE-EPI	2500	18.398	0.15 x 0.371	0.45	https://www.ncbi.nlm.nih.gov/pmc/articles/PMC7486714/	https://openneuro.org/datasets/ds003383
		fslorient_fslchpixdim	3001	300102	Na033	5	5	3	mouse	C57BL/6	C57BL/363		NA	NA	m	y	y		y	Isoflurane				Bruker BioSpin MRI	9.4		SE-EPI	2500	18.398	0.15 x 0.372	0.45	https://www.ncbi.nlm.nih.gov/pmc/articles/PMC7486714/	https://openneuro.org/datasets/ds003384
		fslorient_fslchpixdim	3001	300102	Na033	5	5	4	mouse	C57BL/6	C57BL/364		NA	NA	m	y	y		y	Isoflurane				Bruker BioSpin MRI	9.4		SE-EPI	2500	18.398	0.15 x 0.373	0.45	https://www.ncbi.nlm.nih.gov/pmc/articles/PMC7486714/	https://openneuro.org/datasets/ds003385
		fslorient_fslchpixdim	3001	300103	Na034	2	2	1	mouse	C57BL/6	C57BL/385		NA	NA	m	y	y		y	Isoflurane				Bruker BioSpin MRI	9.4		SE-EPI	2500	18.398	0.15 x 0.394	0.45	https://www.ncbi.nlm.nih.gov/pmc/articles/PMC7486714/	https://openneuro.org/datasets/ds003406
		fslorient_fslchpixdim	3001	300103	Na034	2	2	2	mouse	C57BL/6	C57BL/386		NA	NA	m	y	y		y	Isoflurane				Bruker BioSpin MRI	9.4		SE-EPI	2500	18.398	0.15 x 0.395	0.45	https://www.ncbi.nlm.nih.gov/pmc/articles/PMC7486714/	https://openneuro.org/datasets/ds003407
		fslorient_fslchpixdim	3001	300103	Na034	2	2	3	mouse	C57BL/6	C57BL/387		NA	NA	m	y	y		y	Isoflurane				Bruker BioSpin MRI	9.4		SE-EPI	2500	18.398	0.15 x 0.396	0.45	https://www.ncbi.nlm.nih.gov/pmc/articles/PMC7486714/	https://openneuro.org/datasets/ds003408
		fslorient_fslchpixdim	3001	300103	Na034	2	2	4	mouse	C57BL/6	C57BL/388		NA	NA	m	y	y		y	Isoflurane				Bruker BioSpin MRI	9.4		SE-EPI	2500	18.398	0.15 x 0.397	0.45	https://www.ncbi.nlm.nih.gov/pmc/articles/PMC7486714/	https://openneuro.org/datasets/ds003409
		fslorient_fslchpixdim	3001	300103	Na034	3	3	1	mouse	C57BL/6	C57BL/389		NA	NA	m	y	y		y	Isoflurane				Bruker BioSpin MRI	9.4		SE-EPI	2500	18.398	0.15 x 0.398	0.45	https://www.ncbi.nlm.nih.gov/pmc/articles/PMC7486714/	https://openneuro.org/datasets/ds003410
		fslorient_fslchpixdim	3001	300103	Na034	3	3	2	mouse	C57BL/6	C57BL/390		NA	NA	m	y	y		y	Isoflurane				Bruker BioSpin MRI	9.4		SE-EPI	2500	18.398	0.15 x 0.399	0.45	https://www.ncbi.nlm.nih.gov/pmc/articles/PMC7486714/	https://openneuro.org/datasets/ds003411
		fslorient_fslchpixdim	3001	300103	Na034	3	3	3	mouse	C57BL/6	C57BL/391		NA	NA	m	y	y		y	Isoflurane				Bruker BioSpin MRI	9.4		SE-EPI	2500	18.398	0.15 x 0.400	0.45	https://www.ncbi.nlm.nih.gov/pmc/articles/PMC7486714/	https://openneuro.org/datasets/ds003412
		fslorient_fslchpixdim	3001	300103	Na034	3	3	4	mouse	C57BL/6	C57BL/392		NA	NA	m	y	y		y	Isoflurane				Bruker BioSpin MRI	9.4		SE-EPI	2500	18.398	0.15 x 0.401	0.45	https://www.ncbi.nlm.nih.gov/pmc/articles/PMC7486714/	https://openneuro.org/datasets/ds003413
		fslorient_fslchpixdim	3001	300103	Na034	4	4	1	mouse	C57BL/6	C57BL/393		NA	NA	m	y	y		y	Isoflurane				Bruker BioSpin MRI	9.4		SE-EPI	2500	18.398	0.15 x 0.402	0.45	https://www.ncbi.nlm.nih.gov/pmc/articles/PMC7486714/	https://openneuro.org/datasets/ds003414
		fslorient_fslchpixdim	3001	300103	Na034	4	4	2	mouse	C57BL/6	C57BL/394		NA	NA	m	y	y		y	Isoflurane				Bruker BioSpin MRI	9.4		SE-EPI	2500	18.398	0.15 x 0.403	0.45	https://www.ncbi.nlm.nih.gov/pmc/articles/PMC7486714/	https://openneuro.org/datasets/ds003415
		fslorient_fslchpixdim	3001	300103	Na034	4	4	3	mouse	C57BL/6	C57BL/395		NA	NA	m	y	y		y	Isoflurane				Bruker BioSpin MRI	9.4		SE-EPI	2500	18.398	0.15 x 0.404	0.45	https://www.ncbi.nlm.nih.gov/pmc/articles/PMC7486714/	https://openneuro.org/datasets/ds003416
		fslorient_fslchpixdim	3001	300103	Na034	4	4	4	mouse	C57BL/6	C57BL/396		NA	NA	m	y	y		y	Isoflurane				Bruker BioSpin MRI	9.4		SE-EPI	2500	18.398	0.15 x 0.405	0.45	https://www.ncbi.nlm.nih.gov/pmc/articles/PMC7486714/	https://openneuro.org/datasets/ds003417
		fslorient_fslchpixdim	3001	300103	Na034	5	5	1	mouse	C57BL/6	C57BL/397		NA	NA	m	y	y		y	Isoflurane				Bruker BioSpin MRI	9.4		SE-EPI	2500	18.398	0.15 x 0.406	0.45	https://www.ncbi.nlm.nih.gov/pmc/articles/PMC7486714/	https://openneuro.org/datasets/ds003418
		fslorient_fslchpixdim	3001	300103	Na034	5	5	2	mouse	C57BL/6	C57BL/398		NA	NA	m	y	y		y	Isoflurane				Bruker BioSpin MRI	9.4		SE-EPI	2500	18.398	0.15 x 0.407	0.45	https://www.ncbi.nlm.nih.gov/pmc/articles/PMC7486714/	https://openneuro.org/datasets/ds003419
		fslorient_fslchpixdim	3001	300103	Na034	5	5	3	mouse	C57BL/6	C57BL/399		NA	NA	m	y	y		y	Isoflurane				Bruker BioSpin MRI	9.4		SE-EPI	2500	18.398	0.15 x 0.408	0.45	https://www.ncbi.nlm.nih.gov/pmc/articles/PMC7486714/	https://openneuro.org/datasets/ds003420
		fslorient_fslchpixdim	3001	300103	Na034	5	5	4	mouse	C57BL/6	C57BL/400		NA	NA	m	y	y		y	Isoflurane				Bruker BioSpin MRI	9.4		SE-EPI	2500	18.398	0.15 x 0.409	0.45	https://www.ncbi.nlm.nih.gov/pmc/articles/PMC7486714/	https://openneuro.org/datasets/ds003421
		fslorient_fslchpixdim	3001	300103	Na034	6	6	1	mouse	C57BL/6	C57BL/401		NA	NA	m	y	y		y	Isoflurane				Bruker BioSpin MRI	9.4		SE-EPI	2500	18.398	0.15 x 0.410	0.45	https://www.ncbi.nlm.nih.gov/pmc/articles/PMC7486714/	https://openneuro.org/datasets/ds003422
		fslorient_fslchpixdim	3001	300103	Na034	6	6	2	mouse	C57BL/6	C57BL/402		NA	NA	m	y	y		y	Isoflurane				Bruker BioSpin MRI	9.4		SE-EPI	2500	18.398	0.15 x 0.411	0.45	https://www.ncbi.nlm.nih.gov/pmc/articles/PMC7486714/	https://openneuro.org/datasets/ds003423
		fslorient_fslchpixdim	3001	300103	Na034	6	6	3	mouse	C57BL/6	C57BL/403		NA	NA	m	y	y		y	Isoflurane				Bruker BioSpin MRI	9.4		SE-EPI	2500	18.398	0.15 x 0.412	0.45	https://www.ncbi.nlm.nih.gov/pmc/articles/PMC7486714/	https://openneuro.org/datasets/ds003424
		fslorient_fslchpixdim	3001	300103	Na034	6	6	4	mouse	C57BL/6	C57BL/404		NA	NA	m	y	y		y	Isoflurane				Bruker BioSpin MRI	9.4		SE-EPI	2500	18.398	0.15 x 0.413	0.45	https://www.ncbi.nlm.nih.gov/pmc/articles/PMC7486714/	https://openneuro.org/datasets/ds003425
		fslorient_fslchpixdim	3001	300104	Na055	2	2	1	mouse	C57BL/6	C57BL/649		NA	NA	m	y	y		y	Isoflurane				Bruker BioSpin MRI	9.4		SE-EPI	2500	18.398	0.15 x 0.658	0.45	https://www.ncbi.nlm.nih.gov/pmc/articles/PMC7486714/	https://openneuro.org/datasets/ds003670
		fslorient_fslchpixdim	3001	300104	Na055	2	2	2	mouse	C57BL/6	C57BL/650		NA	NA	m	y	y		y	Isoflurane				Bruker BioSpin MRI	9.4		SE-EPI	2500	18.398	0.15 x 0.659	0.45	https://www.ncbi.nlm.nih.gov/pmc/articles/PMC7486714/	https://openneuro.org/datasets/ds003671
		fslorient_fslchpixdim	3001	300104	Na055	2	2	3	mouse	C57BL/6	C57BL/651		NA	NA	m	y	y		y	Isoflurane				Bruker BioSpin MRI	9.4		SE-EPI	2500	18.398	0.15 x 0.660	0.45	https://www.ncbi.nlm.nih.gov/pmc/articles/PMC7486714/	https://openneuro.org/datasets/ds003672
		fslorient_fslchpixdim	3001	300104	Na055	2	2	4	mouse	C57BL/6	C57BL/652		NA	NA	m	y	y		y	Isoflurane				Bruker BioSpin MRI	9.4		SE-EPI	2500	18.398	0.15 x 0.661	0.45	https://www.ncbi.nlm.nih.gov/pmc/articles/PMC7486714/	https://openneuro.org/datasets/ds003673
		fslorient_fslchpixdim	3001	300104	Na055	3	3	1	mouse	C57BL/6	C57BL/653		NA	NA	m	y	y		y	Isoflurane				Bruker BioSpin MRI	9.4		SE-EPI	2500	18.398	0.15 x 0.662	0.45	https://www.ncbi.nlm.nih.gov/pmc/articles/PMC7486714/	https://openneuro.org/datasets/ds003674
		fslorient_fslchpixdim	3001	300104	Na055	3	3	2	mouse	C57BL/6	C57BL/654		NA	NA	m	y	y		y	Isoflurane				Bruker BioSpin MRI	9.4		SE-EPI	2500	18.398	0.15 x 0.663	0.45	https://www.ncbi.nlm.nih.gov/pmc/articles/PMC7486714/	https://openneuro.org/datasets/ds003675
		fslorient_fslchpixdim	3001	300104	Na055	3	3	3	mouse	C57BL/6	C57BL/655		NA	NA	m	y	y		y	Isoflurane				Bruker BioSpin MRI	9.4		SE-EPI	2500	18.398	0.15 x 0.664	0.45	https://www.ncbi.nlm.nih.gov/pmc/articles/PMC7486714/	https://openneuro.org/datasets/ds003676
		fslorient_fslchpixdim	3001	300104	Na055	3	3	4	mouse	C57BL/6	C57BL/656		NA	NA	m	y	y		y	Isoflurane				Bruker BioSpin MRI	9.4		SE-EPI	2500	18.398	0.15 x 0.665	0.45	https://www.ncbi.nlm.nih.gov/pmc/articles/PMC7486714/	https://openneuro.org/datasets/ds003677
		fslorient_fslchpixdim	3001	300104	Na055	4	4	1	mouse	C57BL/6	C57BL/657		NA	NA	m	y	y		y	Isoflurane				Bruker BioSpin MRI	9.4		SE-EPI	2500	18.398	0.15 x 0.666	0.45	https://www.ncbi.nlm.nih.gov/pmc/articles/PMC7486714/	https://openneuro.org/datasets/ds003678
		fslorient_fslchpixdim	3001	300104	Na055	4	4	2	mouse	C57BL/6	C57BL/658		NA	NA	m	y	y		y	Isoflurane				Bruker BioSpin MRI	9.4		SE-EPI	2500	18.398	0.15 x 0.667	0.45	https://www.ncbi.nlm.nih.gov/pmc/articles/PMC7486714/	https://openneuro.org/datasets/ds003679
		fslorient_fslchpixdim	3001	300104	Na055	4	4	3	mouse	C57BL/6	C57BL/659		NA	NA	m	y	y		y	Isoflurane				Bruker BioSpin MRI	9.4		SE-EPI	2500	18.398	0.15 x 0.668	0.45	https://www.ncbi.nlm.nih.gov/pmc/articles/PMC7486714/	https://openneuro.org/datasets/ds003680
		fslorient_fslchpixdim	3001	300104	Na055	4	4	4	mouse	C57BL/6	C57BL/660		NA	NA	m	y	y		y	Isoflurane				Bruker BioSpin MRI	9.4		SE-EPI	2500	18.398	0.15 x 0.669	0.45	https://www.ncbi.nlm.nih.gov/pmc/articles/PMC7486714/	https://openneuro.org/datasets/ds003681
		fslorient_fslchpixdim	3001	300104	Na055	5	5	1	mouse	C57BL/6	C57BL/661		NA	NA	m	y	y		y	Isoflurane				Bruker BioSpin MRI	9.4		SE-EPI	2500	18.398	0.15 x 0.670	0.45	https://www.ncbi.nlm.nih.gov/pmc/articles/PMC7486714/	https://openneuro.org/datasets/ds003682
		fslorient_fslchpixdim	3001	300104	Na055	5	5	2	mouse	C57BL/6	C57BL/662		NA	NA	m	y	y		y	Isoflurane				Bruker BioSpin MRI	9.4		SE-EPI	2500	18.398	0.15 x 0.671	0.45	https://www.ncbi.nlm.nih.gov/pmc/articles/PMC7486714/	https://openneuro.org/datasets/ds003683
		fslorient_fslchpixdim	3001	300104	Na055	5	5	3	mouse	C57BL/6	C57BL/663		NA	NA	m	y	y		y	Isoflurane				Bruker BioSpin MRI	9.4		SE-EPI	2500	18.398	0.15 x 0.672	0.45	https://www.ncbi.nlm.nih.gov/pmc/articles/PMC7486714/	https://openneuro.org/datasets/ds003684
		fslorient_fslchpixdim	3001	300104	Na055	5	5	4	mouse	C57BL/6	C57BL/664		NA	NA	m	y	y		y	Isoflurane				Bruker BioSpin MRI	9.4		SE-EPI	2500	18.398	0.15 x 0.673	0.45	https://www.ncbi.nlm.nih.gov/pmc/articles/PMC7486714/	https://openneuro.org/datasets/ds003685
		fslorient_fslchpixdim	3001	300104	Na055	6	6	1	mouse	C57BL/6	C57BL/665		NA	NA	m	y	y		y	Isoflurane				Bruker BioSpin MRI	9.4		SE-EPI	2500	18.398	0.15 x 0.674	0.45	https://www.ncbi.nlm.nih.gov/pmc/articles/PMC7486714/	https://openneuro.org/datasets/ds003686
		fslorient_fslchpixdim	3001	300104	Na055	6	6	2	mouse	C57BL/6	C57BL/666		NA	NA	m	y	y		y	Isoflurane				Bruker BioSpin MRI	9.4		SE-EPI	2500	18.398	0.15 x 0.675	0.45	https://www.ncbi.nlm.nih.gov/pmc/articles/PMC7486714/	https://openneuro.org/datasets/ds003687
		fslorient_fslchpixdim	3001	300104	Na055	6	6	3	mouse	C57BL/6	C57BL/667		NA	NA	m	y	y		y	Isoflurane				Bruker BioSpin MRI	9.4		SE-EPI	2500	18.398	0.15 x 0.676	0.45	https://www.ncbi.nlm.nih.gov/pmc/articles/PMC7486714/	https://openneuro.org/datasets/ds003688
		fslorient_fslchpixdim	3001	300104	Na055	6	6	4	mouse	C57BL/6	C57BL/668		NA	NA	m	y	y		y	Isoflurane				Bruker BioSpin MRI	9.4		SE-EPI	2500	18.398	0.15 x 0.677	0.45	https://www.ncbi.nlm.nih.gov/pmc/articles/PMC7486714/	https://openneuro.org/datasets/ds003689
		fslorient_fslchpixdim	3001	300105	Na056	2	2	1	mouse	C57BL/6	C57BL/689		NA	NA	m	y	y		y	Isoflurane				Bruker BioSpin MRI	9.4		SE-EPI	2500	18.398	0.15 x 0.698	0.45	https://www.ncbi.nlm.nih.gov/pmc/articles/PMC7486714/	https://openneuro.org/datasets/ds003710
		fslorient_fslchpixdim	3001	300105	Na056	2	2	2	mouse	C57BL/6	C57BL/690		NA	NA	m	y	y		y	Isoflurane				Bruker BioSpin MRI	9.4		SE-EPI	2500	18.398	0.15 x 0.699	0.45	https://www.ncbi.nlm.nih.gov/pmc/articles/PMC7486714/	https://openneuro.org/datasets/ds003711
		fslorient_fslchpixdim	3001	300105	Na056	2	2	3	mouse	C57BL/6	C57BL/691		NA	NA	m	y	y		y	Isoflurane				Bruker BioSpin MRI	9.4		SE-EPI	2500	18.398	0.15 x 0.700	0.45	https://www.ncbi.nlm.nih.gov/pmc/articles/PMC7486714/	https://openneuro.org/datasets/ds003712
		fslorient_fslchpixdim	3001	300105	Na056	2	2	4	mouse	C57BL/6	C57BL/692		NA	NA	m	y	y		y	Isoflurane				Bruker BioSpin MRI	9.4		SE-EPI	2500	18.398	0.15 x 0.701	0.45	https://www.ncbi.nlm.nih.gov/pmc/articles/PMC7486714/	https://openneuro.org/datasets/ds003713
		fslorient_fslchpixdim	3001	300105	Na056	3	3	1	mouse	C57BL/6	C57BL/693		NA	NA	m	y	y		y	Isoflurane				Bruker BioSpin MRI	9.4		SE-EPI	2500	18.398	0.15 x 0.702	0.45	https://www.ncbi.nlm.nih.gov/pmc/articles/PMC7486714/	https://openneuro.org/datasets/ds003714
		fslorient_fslchpixdim	3001	300105	Na056	3	3	2	mouse	C57BL/6	C57BL/694		NA	NA	m	y	y		y	Isoflurane				Bruker BioSpin MRI	9.4		SE-EPI	2500	18.398	0.15 x 0.703	0.45	https://www.ncbi.nlm.nih.gov/pmc/articles/PMC7486714/	https://openneuro.org/datasets/ds003715
		fslorient_fslchpixdim	3001	300105	Na056	3	3	3	mouse	C57BL/6	C57BL/695		NA	NA	m	y	y		y	Isoflurane				Bruker BioSpin MRI	9.4		SE-EPI	2500	18.398	0.15 x 0.704	0.45	https://www.ncbi.nlm.nih.gov/pmc/articles/PMC7486714/	https://openneuro.org/datasets/ds003716
		fslorient_fslchpixdim	3001	300105	Na056	3	3	4	mouse	C57BL/6	C57BL/696		NA	NA	m	y	y		y	Isoflurane				Bruker BioSpin MRI	9.4		SE-EPI	2500	18.398	0.15 x 0.705	0.45	https://www.ncbi.nlm.nih.gov/pmc/articles/PMC7486714/	https://openneuro.org/datasets/ds003717
		fslorient_fslchpixdim	3001	300105	Na056	4	4	1	mouse	C57BL/6	C57BL/697		NA	NA	m	y	y		y	Isoflurane				Bruker BioSpin MRI	9.4		SE-EPI	2500	18.398	0.15 x 0.706	0.45	https://www.ncbi.nlm.nih.gov/pmc/articles/PMC7486714/	https://openneuro.org/datasets/ds003718
		fslorient_fslchpixdim	3001	300105	Na056	4	4	2	mouse	C57BL/6	C57BL/698		NA	NA	m	y	y		y	Isoflurane				Bruker BioSpin MRI	9.4		SE-EPI	2500	18.398	0.15 x 0.707	0.45	https://www.ncbi.nlm.nih.gov/pmc/articles/PMC7486714/	https://openneuro.org/datasets/ds003719
		fslorient_fslchpixdim	3001	300105	Na056	4	4	3	mouse	C57BL/6	C57BL/699		NA	NA	m	y	y		y	Isoflurane				Bruker BioSpin MRI	9.4		SE-EPI	2500	18.398	0.15 x 0.708	0.45	https://www.ncbi.nlm.nih.gov/pmc/articles/PMC7486714/	https://openneuro.org/datasets/ds003720
		fslorient_fslchpixdim	3001	300105	Na056	4	4	4	mouse	C57BL/6	C57BL/700		NA	NA	m	y	y		y	Isoflurane				Bruker BioSpin MRI	9.4		SE-EPI	2500	18.398	0.15 x 0.709	0.45	https://www.ncbi.nlm.nih.gov/pmc/articles/PMC7486714/	https://openneuro.org/datasets/ds003721
		fslorient_fslchpixdim	3001	300105	Na056	5	5	1	mouse	C57BL/6	C57BL/701		NA	NA	m	y	y		y	Isoflurane				Bruker BioSpin MRI	9.4		SE-EPI	2500	18.398	0.15 x 0.710	0.45	https://www.ncbi.nlm.nih.gov/pmc/articles/PMC7486714/	https://openneuro.org/datasets/ds003722
		fslorient_fslchpixdim	3001	300105	Na056	5	5	2	mouse	C57BL/6	C57BL/702		NA	NA	m	y	y		y	Isoflurane				Bruker BioSpin MRI	9.4		SE-EPI	2500	18.398	0.15 x 0.711	0.45	https://www.ncbi.nlm.nih.gov/pmc/articles/PMC7486714/	https://openneuro.org/datasets/ds003723
		fslorient_fslchpixdim	3001	300105	Na056	5	5	3	mouse	C57BL/6	C57BL/703		NA	NA	m	y	y		y	Isoflurane				Bruker BioSpin MRI	9.4		SE-EPI	2500	18.398	0.15 x 0.712	0.45	https://www.ncbi.nlm.nih.gov/pmc/articles/PMC7486714/	https://openneuro.org/datasets/ds003724
		fslorient_fslchpixdim	3001	300105	Na056	5	5	4	mouse	C57BL/6	C57BL/704		NA	NA	m	y	y		y	Isoflurane				Bruker BioSpin MRI	9.4		SE-EPI	2500	18.398	0.15 x 0.713	0.45	https://www.ncbi.nlm.nih.gov/pmc/articles/PMC7486714/	https://openneuro.org/datasets/ds003725
		authors suggestion: remove the first 120 scans (2 minutes) to account for thermal gradient equilibration.	3002	300200	sub-01	1	NA	1	mouse	C57BL/6	 C57BL/6J 	m	< 24		f	y	y		n					Bruker Biospin	7.0		GE-EPI	1000	15	0.23 x 0.23	0.6	https://pubmed.ncbi.nlm.nih.gov/34998465/	https://data.mendeley.com/datasets/np2fx99hn6/2
		authors suggestion: remove the first 120 scans (2 minutes) to account for thermal gradient equilibration.	3002	300201	sub-02	1	NA	1	mouse	C57BL/6	 C57BL/6J 	m	< 25		f	y	y		n					Bruker Biospin	7.0		GE-EPI	1000	15	0.23 x 0.24	0.6	https://pubmed.ncbi.nlm.nih.gov/34998465/	https://data.mendeley.com/datasets/np2fx99hn6/3
		authors suggestion: remove the first 120 scans (2 minutes) to account for thermal gradient equilibration.	3002	300202	sub-03	1	NA	1	mouse	C57BL/6	 C57BL/6J 	m	< 26		f	y	y		n					Bruker Biospin	7.0		GE-EPI	1000	15	0.23 x 0.25	0.6	https://pubmed.ncbi.nlm.nih.gov/34998465/	https://data.mendeley.com/datasets/np2fx99hn6/4
		authors suggestion: remove the first 120 scans (2 minutes) to account for thermal gradient equilibration.	3002	300203	sub-04	1	NA	1	mouse	C57BL/6	 C57BL/6J 	m	< 27		f	y	y		n					Bruker Biospin	7.0		GE-EPI	1000	15	0.23 x 0.26	0.6	https://pubmed.ncbi.nlm.nih.gov/34998465/	https://data.mendeley.com/datasets/np2fx99hn6/5
		authors suggestion: remove the first 120 scans (2 minutes) to account for thermal gradient equilibration.	3002	300204	sub-05	1	NA	1	mouse	C57BL/6	 C57BL/6J 	m	< 28		f	y	y		n					Bruker Biospin	7.0		GE-EPI	1000	15	0.23 x 0.27	0.6	https://pubmed.ncbi.nlm.nih.gov/34998465/	https://data.mendeley.com/datasets/np2fx99hn6/6
		authors suggestion: remove the first 120 scans (2 minutes) to account for thermal gradient equilibration.	3002	300205	sub-06	1	NA	1	mouse	C57BL/6	 C57BL/6J 	m	< 29		f	y	y		n					Bruker Biospin	7.0		GE-EPI	1000	15	0.23 x 0.28	0.6	https://pubmed.ncbi.nlm.nih.gov/34998465/	https://data.mendeley.com/datasets/np2fx99hn6/7
		authors suggestion: remove the first 120 scans (2 minutes) to account for thermal gradient equilibration.	3002	300206	sub-07	1	NA	1	mouse	C57BL/6	 C57BL/6J 	m	< 30		f	y	y		n					Bruker Biospin	7.0		GE-EPI	1000	15	0.23 x 0.29	0.6	https://pubmed.ncbi.nlm.nih.gov/34998465/	https://data.mendeley.com/datasets/np2fx99hn6/8
		authors suggestion: remove the first 120 scans (2 minutes) to account for thermal gradient equilibration.	3002	300207	sub-08	1	NA	1	mouse	C57BL/6	 C57BL/6J 	m	< 31		f	y	y		n					Bruker Biospin	7.0		GE-EPI	1000	15	0.23 x 0.30	0.6	https://pubmed.ncbi.nlm.nih.gov/34998465/	https://data.mendeley.com/datasets/np2fx99hn6/9
		authors suggestion: remove the first 120 scans (2 minutes) to account for thermal gradient equilibration.	3002	300208	sub-09	1	NA	1	mouse	C57BL/6	 C57BL/6J 	m	< 32		f	y	y		n					Bruker Biospin	7.0		GE-EPI	1000	15	0.23 x 0.31	0.6	https://pubmed.ncbi.nlm.nih.gov/34998465/	https://data.mendeley.com/datasets/np2fx99hn6/10
		authors suggestion: remove the first 120 scans (2 minutes) to account for thermal gradient equilibration.	3002	300209	sub-10	1	NA	1	mouse	C57BL/6	 C57BL/6J 	m	< 33		f	y	y		n					Bruker Biospin	7.0		GE-EPI	1000	15	0.23 x 0.32	0.6	https://pubmed.ncbi.nlm.nih.gov/34998465/	https://data.mendeley.com/datasets/np2fx99hn6/11
		fslchpixdim	3003	300300	Ey112	1	1	1	mouse	F1 C6/129P	B6129PF/J1 hybrid mice 	m	9–12		m	y	y	n	y	Isoflurane				Bruker BioSpin	9.4		SE-EPI	2500	18.398	0.15×0.15	o.45	https://www.ncbi.nlm.nih.gov/pmc/articles/PMC7718219/	https://openneuro.org/datasets/ds002307/versions/3.2.2
		fslchpixdim	3003	300300		1		2	mouse	F1 C6/129P	B6129PF/J1 hybrid mice 	m	9–13		m	y	y	n	y	Isoflurane				Bruker BioSpin	9.4		SE-EPI	2500	18.398	0.15×0.16	o.46	https://www.ncbi.nlm.nih.gov/pmc/articles/PMC7718219/	https://openneuro.org/datasets/ds002307/versions/3.2.3
		fslchpixdim	3003	300300		1		3	mouse	F1 C6/129P	B6129PF/J1 hybrid mice 	m	9–14		m	y	y	n	y	Isoflurane				Bruker BioSpin	9.4		SE-EPI	2500	18.398	0.15×0.17	o.47	https://www.ncbi.nlm.nih.gov/pmc/articles/PMC7718219/	https://openneuro.org/datasets/ds002307/versions/3.2.4
		fslchpixdim	3003	300300		1		4	mouse	F1 C6/129P	B6129PF/J1 hybrid mice 	m	9–15		m	y	y	n	y	Isoflurane				Bruker BioSpin	9.4		SE-EPI	2500	18.398	0.15×0.18	o.48	https://www.ncbi.nlm.nih.gov/pmc/articles/PMC7718219/	https://openneuro.org/datasets/ds002307/versions/3.2.5
		fslchpixdim	3003	300300		2	2	1	mouse	F1 C6/129P	B6129PF/J1 hybrid mice 	m	9–16		m	y	y	n	y	Isoflurane				Bruker BioSpin	9.4		SE-EPI	2500	18.398	0.15×0.19	o.49	https://www.ncbi.nlm.nih.gov/pmc/articles/PMC7718219/	https://openneuro.org/datasets/ds002307/versions/3.2.6
		fslchpixdim	3003	300300		2		2	mouse	F1 C6/129P	B6129PF/J1 hybrid mice 	m	9–17		m	y	y	n	y	Isoflurane				Bruker BioSpin	9.4		SE-EPI	2500	18.398	0.15×0.20	o.50	https://www.ncbi.nlm.nih.gov/pmc/articles/PMC7718219/	https://openneuro.org/datasets/ds002307/versions/3.2.7
		fslchpixdim	3003	300300		2		3	mouse	F1 C6/129P	B6129PF/J1 hybrid mice 	m	9–18		m	y	y	n	y	Isoflurane				Bruker BioSpin	9.4		SE-EPI	2500	18.398	0.15×0.21	o.51	https://www.ncbi.nlm.nih.gov/pmc/articles/PMC7718219/	https://openneuro.org/datasets/ds002307/versions/3.2.8
		fslchpixdim	3003	300300		2		4	mouse	F1 C6/129P	B6129PF/J1 hybrid mice 	m	9–19		m	y	y	n	y	Isoflurane				Bruker BioSpin	9.4		SE-EPI	2500	18.398	0.15×0.22	o.52	https://www.ncbi.nlm.nih.gov/pmc/articles/PMC7718219/	https://openneuro.org/datasets/ds002307/versions/3.2.9
		fslchpixdim	3003	300300		3	3	1	mouse	F1 C6/129P	B6129PF/J1 hybrid mice 	m	9–20		m	y	y	n	y	Isoflurane				Bruker BioSpin	9.4		SE-EPI	2500	18.398	0.15×0.23	o.53	https://www.ncbi.nlm.nih.gov/pmc/articles/PMC7718219/	https://openneuro.org/datasets/ds002307/versions/3.2.10
		fslchpixdim	3003	300300		3		2	mouse	F1 C6/129P	B6129PF/J1 hybrid mice 	m	9–21		m	y	y	n	y	Isoflurane				Bruker BioSpin	9.4		SE-EPI	2500	18.398	0.15×0.24	o.54	https://www.ncbi.nlm.nih.gov/pmc/articles/PMC7718219/	https://openneuro.org/datasets/ds002307/versions/3.2.11
		fslchpixdim	3003	300300		3		3	mouse	F1 C6/129P	B6129PF/J1 hybrid mice 	m	9–22		m	y	y	n	y	Isoflurane				Bruker BioSpin	9.4		SE-EPI	2500	18.398	0.15×0.25	o.55	https://www.ncbi.nlm.nih.gov/pmc/articles/PMC7718219/	https://openneuro.org/datasets/ds002307/versions/3.2.12
		fslchpixdim	3003	300300		3		4	mouse	F1 C6/129P	B6129PF/J1 hybrid mice 	m	9–23		m	y	y	n	y	Isoflurane				Bruker BioSpin	9.4		SE-EPI	2500	18.398	0.15×0.26	o.56	https://www.ncbi.nlm.nih.gov/pmc/articles/PMC7718219/	https://openneuro.org/datasets/ds002307/versions/3.2.13
		fslchpixdim	3003	300300		4	4	1	mouse	F1 C6/129P	B6129PF/J1 hybrid mice 	m	9–24		m	y	y	n	y	Isoflurane				Bruker BioSpin	9.4		SE-EPI	2500	18.398	0.15×0.27	o.57	https://www.ncbi.nlm.nih.gov/pmc/articles/PMC7718219/	https://openneuro.org/datasets/ds002307/versions/3.2.14
		fslchpixdim	3003	300300		4		2	mouse	F1 C6/129P	B6129PF/J1 hybrid mice 	m	9–25		m	y	y	n	y	Isoflurane				Bruker BioSpin	9.4		SE-EPI	2500	18.398	0.15×0.28	o.58	https://www.ncbi.nlm.nih.gov/pmc/articles/PMC7718219/	https://openneuro.org/datasets/ds002307/versions/3.2.15
		fslchpixdim	3003	300300		4		3	mouse	F1 C6/129P	B6129PF/J1 hybrid mice 	m	9–26		m	y	y	n	y	Isoflurane				Bruker BioSpin	9.4		SE-EPI	2500	18.398	0.15×0.29	o.59	https://www.ncbi.nlm.nih.gov/pmc/articles/PMC7718219/	https://openneuro.org/datasets/ds002307/versions/3.2.16
		fslchpixdim	3003	300300		4		4	mouse	F1 C6/129P	B6129PF/J1 hybrid mice 	m	9–27		m	y	y	n	y	Isoflurane				Bruker BioSpin	9.4		SE-EPI	2500	18.398	0.15×0.30	o.60	https://www.ncbi.nlm.nih.gov/pmc/articles/PMC7718219/	https://openneuro.org/datasets/ds002307/versions/3.2.17
		fslchpixdim	3003	300300		5	5	1	mouse	F1 C6/129P	B6129PF/J1 hybrid mice 	m	9–28		m	y	y	n	y	Isoflurane				Bruker BioSpin	9.4		SE-EPI	2500	18.398	0.15×0.31	o.61	https://www.ncbi.nlm.nih.gov/pmc/articles/PMC7718219/	https://openneuro.org/datasets/ds002307/versions/3.2.18
		fslchpixdim	3003	300300		5		2	mouse	F1 C6/129P	B6129PF/J1 hybrid mice 	m	9–29		m	y	y	n	y	Isoflurane				Bruker BioSpin	9.4		SE-EPI	2500	18.398	0.15×0.32	o.62	https://www.ncbi.nlm.nih.gov/pmc/articles/PMC7718219/	https://openneuro.org/datasets/ds002307/versions/3.2.19
		fslchpixdim	3003	300300		5		3	mouse	F1 C6/129P	B6129PF/J1 hybrid mice 	m	9–30		m	y	y	n	y	Isoflurane				Bruker BioSpin	9.4		SE-EPI	2500	18.398	0.15×0.33	o.63	https://www.ncbi.nlm.nih.gov/pmc/articles/PMC7718219/	https://openneuro.org/datasets/ds002307/versions/3.2.20
		fslchpixdim	3003	300300		5		4	mouse	F1 C6/129P	B6129PF/J1 hybrid mice 	m	9–31		m	y	y	n	y	Isoflurane				Bruker BioSpin	9.4		SE-EPI	2500	18.398	0.15×0.34	o.64	https://www.ncbi.nlm.nih.gov/pmc/articles/PMC7718219/	https://openneuro.org/datasets/ds002307/versions/3.2.21
		fslchpixdim	3003	300300		6	6	1	mouse	F1 C6/129P	B6129PF/J1 hybrid mice 	m	9–32		m	y	y	n	y	Isoflurane				Bruker BioSpin	9.4		SE-EPI	2500	18.398	0.15×0.35	o.65	https://www.ncbi.nlm.nih.gov/pmc/articles/PMC7718219/	https://openneuro.org/datasets/ds002307/versions/3.2.22
		fslchpixdim	3003	300300		6		2	mouse	F1 C6/129P	B6129PF/J1 hybrid mice 	m	9–33		m	y	y	n	y	Isoflurane				Bruker BioSpin	9.4		SE-EPI	2500	18.398	0.15×0.36	o.66	https://www.ncbi.nlm.nih.gov/pmc/articles/PMC7718219/	https://openneuro.org/datasets/ds002307/versions/3.2.23
		fslchpixdim	3003	300300		6		3	mouse	F1 C6/129P	B6129PF/J1 hybrid mice 	m	9–34		m	y	y	n	y	Isoflurane				Bruker BioSpin	9.4		SE-EPI	2500	18.398	0.15×0.37	o.67	https://www.ncbi.nlm.nih.gov/pmc/articles/PMC7718219/	https://openneuro.org/datasets/ds002307/versions/3.2.24
		fslchpixdim	3003	300300		6		4	mouse	F1 C6/129P	B6129PF/J1 hybrid mice 	m	9–35		m	y	y	n	y	Isoflurane				Bruker BioSpin	9.4		SE-EPI	2500	18.398	0.15×0.38	o.68	https://www.ncbi.nlm.nih.gov/pmc/articles/PMC7718219/	https://openneuro.org/datasets/ds002307/versions/3.2.25
		fslchpixdim	3003	300300		7	7	1	mouse	F1 C6/129P	B6129PF/J1 hybrid mice 	m	9–36		m	y	y	n	y	Isoflurane				Bruker BioSpin	9.4		SE-EPI	2500	18.398	0.15×0.39	o.69	https://www.ncbi.nlm.nih.gov/pmc/articles/PMC7718219/	https://openneuro.org/datasets/ds002307/versions/3.2.26
		fslchpixdim	3003	300300		7		2	mouse	F1 C6/129P	B6129PF/J1 hybrid mice 	m	9–37		m	y	y	n	y	Isoflurane				Bruker BioSpin	9.4		SE-EPI	2500	18.398	0.15×0.40	o.70	https://www.ncbi.nlm.nih.gov/pmc/articles/PMC7718219/	https://openneuro.org/datasets/ds002307/versions/3.2.27
		fslchpixdim	3003	300300		7		3	mouse	F1 C6/129P	B6129PF/J1 hybrid mice 	m	9–38		m	y	y	n	y	Isoflurane				Bruker BioSpin	9.4		SE-EPI	2500	18.398	0.15×0.41	o.71	https://www.ncbi.nlm.nih.gov/pmc/articles/PMC7718219/	https://openneuro.org/datasets/ds002307/versions/3.2.28
		fslchpixdim	3003	300300		7		4	mouse	F1 C6/129P	B6129PF/J1 hybrid mice 	m	9–39		m	y	y	n	y	Isoflurane				Bruker BioSpin	9.4		SE-EPI	2500	18.398	0.15×0.42	o.72	https://www.ncbi.nlm.nih.gov/pmc/articles/PMC7718219/	https://openneuro.org/datasets/ds002307/versions/3.2.29
		fslchpixdim	3003	300301	Ey113	1	1	1	mouse	F1 C6/129P	B6129PF/J1 hybrid mice 	m	9–40		m	y	y	n	y	Isoflurane				Bruker BioSpin	9.4		SE-EPI	2500	18.398	0.15×0.43	o.73	https://www.ncbi.nlm.nih.gov/pmc/articles/PMC7718219/	https://openneuro.org/datasets/ds002307/versions/3.2.30
		fslchpixdim	3003	300301		1		2	mouse	F1 C6/129P	B6129PF/J1 hybrid mice 	m	9–41		m	y	y	n	y	Isoflurane				Bruker BioSpin	9.4		SE-EPI	2500	18.398	0.15×0.44	o.74	https://www.ncbi.nlm.nih.gov/pmc/articles/PMC7718219/	https://openneuro.org/datasets/ds002307/versions/3.2.31
		fslchpixdim	3003	300301		1		3	mouse	F1 C6/129P	B6129PF/J1 hybrid mice 	m	9–42		m	y	y	n	y	Isoflurane				Bruker BioSpin	9.4		SE-EPI	2500	18.398	0.15×0.45	o.75	https://www.ncbi.nlm.nih.gov/pmc/articles/PMC7718219/	https://openneuro.org/datasets/ds002307/versions/3.2.32
		fslchpixdim	3003	300301		1		4	mouse	F1 C6/129P	B6129PF/J1 hybrid mice 	m	9–43		m	y	y	n	y	Isoflurane				Bruker BioSpin	9.4		SE-EPI	2500	18.398	0.15×0.46	o.76	https://www.ncbi.nlm.nih.gov/pmc/articles/PMC7718219/	https://openneuro.org/datasets/ds002307/versions/3.2.33
		fslchpixdim	3003	300301		2	2	1	mouse	F1 C6/129P	B6129PF/J1 hybrid mice 	m	9–44		m	y	y	n	y	Isoflurane				Bruker BioSpin	9.4		SE-EPI	2500	18.398	0.15×0.47	o.77	https://www.ncbi.nlm.nih.gov/pmc/articles/PMC7718219/	https://openneuro.org/datasets/ds002307/versions/3.2.34
		fslchpixdim	3003	300301		2		2	mouse	F1 C6/129P	B6129PF/J1 hybrid mice 	m	9–45		m	y	y	n	y	Isoflurane				Bruker BioSpin	9.4		SE-EPI	2500	18.398	0.15×0.48	o.78	https://www.ncbi.nlm.nih.gov/pmc/articles/PMC7718219/	https://openneuro.org/datasets/ds002307/versions/3.2.35
		fslchpixdim	3003	300301		2		3	mouse	F1 C6/129P	B6129PF/J1 hybrid mice 	m	9–46		m	y	y	n	y	Isoflurane				Bruker BioSpin	9.4		SE-EPI	2500	18.398	0.15×0.49	o.79	https://www.ncbi.nlm.nih.gov/pmc/articles/PMC7718219/	https://openneuro.org/datasets/ds002307/versions/3.2.36
		fslchpixdim	3003	300301		2		4	mouse	F1 C6/129P	B6129PF/J1 hybrid mice 	m	9–47		m	y	y	n	y	Isoflurane				Bruker BioSpin	9.4		SE-EPI	2500	18.398	0.15×0.50	o.80	https://www.ncbi.nlm.nih.gov/pmc/articles/PMC7718219/	https://openneuro.org/datasets/ds002307/versions/3.2.37
		fslchpixdim	3003	300301		3	3	1	mouse	F1 C6/129P	B6129PF/J1 hybrid mice 	m	9–48		m	y	y	n	y	Isoflurane				Bruker BioSpin	9.4		SE-EPI	2500	18.398	0.15×0.51	o.81	https://www.ncbi.nlm.nih.gov/pmc/articles/PMC7718219/	https://openneuro.org/datasets/ds002307/versions/3.2.38
		fslchpixdim	3003	300301		3		2	mouse	F1 C6/129P	B6129PF/J1 hybrid mice 	m	9–49		m	y	y	n	y	Isoflurane				Bruker BioSpin	9.4		SE-EPI	2500	18.398	0.15×0.52	o.82	https://www.ncbi.nlm.nih.gov/pmc/articles/PMC7718219/	https://openneuro.org/datasets/ds002307/versions/3.2.39
		fslchpixdim	3003	300301		3		3	mouse	F1 C6/129P	B6129PF/J1 hybrid mice 	m	9–50		m	y	y	n	y	Isoflurane				Bruker BioSpin	9.4		SE-EPI	2500	18.398	0.15×0.53	o.83	https://www.ncbi.nlm.nih.gov/pmc/articles/PMC7718219/	https://openneuro.org/datasets/ds002307/versions/3.2.40
		fslchpixdim	3003	300301		3		4	mouse	F1 C6/129P	B6129PF/J1 hybrid mice 	m	9–51		m	y	y	n	y	Isoflurane				Bruker BioSpin	9.4		SE-EPI	2500	18.398	0.15×0.54	o.84	https://www.ncbi.nlm.nih.gov/pmc/articles/PMC7718219/	https://openneuro.org/datasets/ds002307/versions/3.2.41
		fslchpixdim	3003	300301		4	4	1	mouse	F1 C6/129P	B6129PF/J1 hybrid mice 	m	9–52		m	y	y	n	y	Isoflurane				Bruker BioSpin	9.4		SE-EPI	2500	18.398	0.15×0.55	o.85	https://www.ncbi.nlm.nih.gov/pmc/articles/PMC7718219/	https://openneuro.org/datasets/ds002307/versions/3.2.42
		fslchpixdim	3003	300301		4		2	mouse	F1 C6/129P	B6129PF/J1 hybrid mice 	m	9–53		m	y	y	n	y	Isoflurane				Bruker BioSpin	9.4		SE-EPI	2500	18.398	0.15×0.56	o.86	https://www.ncbi.nlm.nih.gov/pmc/articles/PMC7718219/	https://openneuro.org/datasets/ds002307/versions/3.2.43
		fslchpixdim	3003	300301		4		3	mouse	F1 C6/129P	B6129PF/J1 hybrid mice 	m	9–54		m	y	y	n	y	Isoflurane				Bruker BioSpin	9.4		SE-EPI	2500	18.398	0.15×0.57	o.87	https://www.ncbi.nlm.nih.gov/pmc/articles/PMC7718219/	https://openneuro.org/datasets/ds002307/versions/3.2.44
		fslchpixdim	3003	300301		4		4	mouse	F1 C6/129P	B6129PF/J1 hybrid mice 	m	9–55		m	y	y	n	y	Isoflurane				Bruker BioSpin	9.4		SE-EPI	2500	18.398	0.15×0.58	o.88	https://www.ncbi.nlm.nih.gov/pmc/articles/PMC7718219/	https://openneuro.org/datasets/ds002307/versions/3.2.45
		fslchpixdim	3003	300301		5	5	1	mouse	F1 C6/129P	B6129PF/J1 hybrid mice 	m	9–56		m	y	y	n	y	Isoflurane				Bruker BioSpin	9.4		SE-EPI	2500	18.398	0.15×0.59	o.89	https://www.ncbi.nlm.nih.gov/pmc/articles/PMC7718219/	https://openneuro.org/datasets/ds002307/versions/3.2.46
		fslchpixdim	3003	300301		5		2	mouse	F1 C6/129P	B6129PF/J1 hybrid mice 	m	9–57		m	y	y	n	y	Isoflurane				Bruker BioSpin	9.4		SE-EPI	2500	18.398	0.15×0.60	o.90	https://www.ncbi.nlm.nih.gov/pmc/articles/PMC7718219/	https://openneuro.org/datasets/ds002307/versions/3.2.47
		fslchpixdim	3003	300301		5		3	mouse	F1 C6/129P	B6129PF/J1 hybrid mice 	m	9–58		m	y	y	n	y	Isoflurane				Bruker BioSpin	9.4		SE-EPI	2500	18.398	0.15×0.61	o.91	https://www.ncbi.nlm.nih.gov/pmc/articles/PMC7718219/	https://openneuro.org/datasets/ds002307/versions/3.2.48
		fslchpixdim	3003	300301		5		4	mouse	F1 C6/129P	B6129PF/J1 hybrid mice 	m	9–59		m	y	y	n	y	Isoflurane				Bruker BioSpin	9.4		SE-EPI	2500	18.398	0.15×0.62	o.92	https://www.ncbi.nlm.nih.gov/pmc/articles/PMC7718219/	https://openneuro.org/datasets/ds002307/versions/3.2.49
		fslchpixdim	3003	300301		6	6	1	mouse	F1 C6/129P	B6129PF/J1 hybrid mice 	m	9–60		m	y	y	n	y	Isoflurane				Bruker BioSpin	9.4		SE-EPI	2500	18.398	0.15×0.63	o.93	https://www.ncbi.nlm.nih.gov/pmc/articles/PMC7718219/	https://openneuro.org/datasets/ds002307/versions/3.2.50
		fslchpixdim	3003	300301		6		2	mouse	F1 C6/129P	B6129PF/J1 hybrid mice 	m	9–61		m	y	y	n	y	Isoflurane				Bruker BioSpin	9.4		SE-EPI	2500	18.398	0.15×0.64	o.94	https://www.ncbi.nlm.nih.gov/pmc/articles/PMC7718219/	https://openneuro.org/datasets/ds002307/versions/3.2.51
		fslchpixdim	3003	300301		6		3	mouse	F1 C6/129P	B6129PF/J1 hybrid mice 	m	9–62		m	y	y	n	y	Isoflurane				Bruker BioSpin	9.4		SE-EPI	2500	18.398	0.15×0.65	o.95	https://www.ncbi.nlm.nih.gov/pmc/articles/PMC7718219/	https://openneuro.org/datasets/ds002307/versions/3.2.52
		fslchpixdim	3003	300301		6		4	mouse	F1 C6/129P	B6129PF/J1 hybrid mice 	m	9–63		m	y	y	n	y	Isoflurane				Bruker BioSpin	9.4		SE-EPI	2500	18.398	0.15×0.66	o.96	https://www.ncbi.nlm.nih.gov/pmc/articles/PMC7718219/	https://openneuro.org/datasets/ds002307/versions/3.2.53
		fslchpixdim	3003	300301		7	7	1	mouse	F1 C6/129P	B6129PF/J1 hybrid mice 	m	9–64		m	y	y	n	y	Isoflurane				Bruker BioSpin	9.4		SE-EPI	2500	18.398	0.15×0.67	o.97	https://www.ncbi.nlm.nih.gov/pmc/articles/PMC7718219/	https://openneuro.org/datasets/ds002307/versions/3.2.54
		fslchpixdim	3003	300301		7		2	mouse	F1 C6/129P	B6129PF/J1 hybrid mice 	m	9–65		m	y	y	n	y	Isoflurane				Bruker BioSpin	9.4		SE-EPI	2500	18.398	0.15×0.68	o.98	https://www.ncbi.nlm.nih.gov/pmc/articles/PMC7718219/	https://openneuro.org/datasets/ds002307/versions/3.2.55
		fslchpixdim	3003	300301		7		3	mouse	F1 C6/129P	B6129PF/J1 hybrid mice 	m	9–66		m	y	y	n	y	Isoflurane				Bruker BioSpin	9.4		SE-EPI	2500	18.398	0.15×0.69	o.99	https://www.ncbi.nlm.nih.gov/pmc/articles/PMC7718219/	https://openneuro.org/datasets/ds002307/versions/3.2.56
		fslchpixdim	3003	300301		7		4	mouse	F1 C6/129P	B6129PF/J1 hybrid mice 	m	9–67		m	y	y	n	y	Isoflurane				Bruker BioSpin	9.4		SE-EPI	2500	18.398	0.15×0.70	o.100	https://www.ncbi.nlm.nih.gov/pmc/articles/PMC7718219/	https://openneuro.org/datasets/ds002307/versions/3.2.57
		fslchpixdim	3003	300302	Ey114	1	1	1	mouse	F1 C6/129P	B6129PF/J1 hybrid mice 	m	9–68		m	y	y	n	y	Isoflurane				Bruker BioSpin	9.4		SE-EPI	2500	18.398	0.15×0.71	o.101	https://www.ncbi.nlm.nih.gov/pmc/articles/PMC7718219/	https://openneuro.org/datasets/ds002307/versions/3.2.58
		fslchpixdim	3003	300302		1		2	mouse	F1 C6/129P	B6129PF/J1 hybrid mice 	m	9–69		m	y	y	n	y	Isoflurane				Bruker BioSpin	9.4		SE-EPI	2500	18.398	0.15×0.72	o.102	https://www.ncbi.nlm.nih.gov/pmc/articles/PMC7718219/	https://openneuro.org/datasets/ds002307/versions/3.2.59
		fslchpixdim	3003	300302		1		3	mouse	F1 C6/129P	B6129PF/J1 hybrid mice 	m	9–70		m	y	y	n	y	Isoflurane				Bruker BioSpin	9.4		SE-EPI	2500	18.398	0.15×0.73	o.103	https://www.ncbi.nlm.nih.gov/pmc/articles/PMC7718219/	https://openneuro.org/datasets/ds002307/versions/3.2.60
		fslchpixdim	3003	300302		1		4	mouse	F1 C6/129P	B6129PF/J1 hybrid mice 	m	9–71		m	y	y	n	y	Isoflurane				Bruker BioSpin	9.4		SE-EPI	2500	18.398	0.15×0.74	o.104	https://www.ncbi.nlm.nih.gov/pmc/articles/PMC7718219/	https://openneuro.org/datasets/ds002307/versions/3.2.61
		fslchpixdim	3003	300302		2	2	1	mouse	F1 C6/129P	B6129PF/J1 hybrid mice 	m	9–72		m	y	y	n	y	Isoflurane				Bruker BioSpin	9.4		SE-EPI	2500	18.398	0.15×0.75	o.105	https://www.ncbi.nlm.nih.gov/pmc/articles/PMC7718219/	https://openneuro.org/datasets/ds002307/versions/3.2.62
		fslchpixdim	3003	300302		2		2	mouse	F1 C6/129P	B6129PF/J1 hybrid mice 	m	9–73		m	y	y	n	y	Isoflurane				Bruker BioSpin	9.4		SE-EPI	2500	18.398	0.15×0.76	o.106	https://www.ncbi.nlm.nih.gov/pmc/articles/PMC7718219/	https://openneuro.org/datasets/ds002307/versions/3.2.63
		fslchpixdim	3003	300302		2		3	mouse	F1 C6/129P	B6129PF/J1 hybrid mice 	m	9–74		m	y	y	n	y	Isoflurane				Bruker BioSpin	9.4		SE-EPI	2500	18.398	0.15×0.77	o.107	https://www.ncbi.nlm.nih.gov/pmc/articles/PMC7718219/	https://openneuro.org/datasets/ds002307/versions/3.2.64
		fslchpixdim	3003	300302		2		4	mouse	F1 C6/129P	B6129PF/J1 hybrid mice 	m	9–75		m	y	y	n	y	Isoflurane				Bruker BioSpin	9.4		SE-EPI	2500	18.398	0.15×0.78	o.108	https://www.ncbi.nlm.nih.gov/pmc/articles/PMC7718219/	https://openneuro.org/datasets/ds002307/versions/3.2.65
		fslchpixdim	3003	300302		3	3	1	mouse	F1 C6/129P	B6129PF/J1 hybrid mice 	m	9–76		m	y	y	n	y	Isoflurane				Bruker BioSpin	9.4		SE-EPI	2500	18.398	0.15×0.79	o.109	https://www.ncbi.nlm.nih.gov/pmc/articles/PMC7718219/	https://openneuro.org/datasets/ds002307/versions/3.2.66
		fslchpixdim	3003	300302		3		2	mouse	F1 C6/129P	B6129PF/J1 hybrid mice 	m	9–77		m	y	y	n	y	Isoflurane				Bruker BioSpin	9.4		SE-EPI	2500	18.398	0.15×0.80	o.110	https://www.ncbi.nlm.nih.gov/pmc/articles/PMC7718219/	https://openneuro.org/datasets/ds002307/versions/3.2.67
		fslchpixdim	3003	300302		3		3	mouse	F1 C6/129P	B6129PF/J1 hybrid mice 	m	9–78		m	y	y	n	y	Isoflurane				Bruker BioSpin	9.4		SE-EPI	2500	18.398	0.15×0.81	o.111	https://www.ncbi.nlm.nih.gov/pmc/articles/PMC7718219/	https://openneuro.org/datasets/ds002307/versions/3.2.68
		fslchpixdim	3003	300302		3		4	mouse	F1 C6/129P	B6129PF/J1 hybrid mice 	m	9–79		m	y	y	n	y	Isoflurane				Bruker BioSpin	9.4		SE-EPI	2500	18.398	0.15×0.82	o.112	https://www.ncbi.nlm.nih.gov/pmc/articles/PMC7718219/	https://openneuro.org/datasets/ds002307/versions/3.2.69
		fslchpixdim	3003	300302		4	4	1	mouse	F1 C6/129P	B6129PF/J1 hybrid mice 	m	9–80		m	y	y	n	y	Isoflurane				Bruker BioSpin	9.4		SE-EPI	2500	18.398	0.15×0.83	o.113	https://www.ncbi.nlm.nih.gov/pmc/articles/PMC7718219/	https://openneuro.org/datasets/ds002307/versions/3.2.70
		fslchpixdim	3003	300302		4		2	mouse	F1 C6/129P	B6129PF/J1 hybrid mice 	m	9–81		m	y	y	n	y	Isoflurane				Bruker BioSpin	9.4		SE-EPI	2500	18.398	0.15×0.84	o.114	https://www.ncbi.nlm.nih.gov/pmc/articles/PMC7718219/	https://openneuro.org/datasets/ds002307/versions/3.2.71
		fslchpixdim	3003	300302		4		3	mouse	F1 C6/129P	B6129PF/J1 hybrid mice 	m	9–82		m	y	y	n	y	Isoflurane				Bruker BioSpin	9.4		SE-EPI	2500	18.398	0.15×0.85	o.115	https://www.ncbi.nlm.nih.gov/pmc/articles/PMC7718219/	https://openneuro.org/datasets/ds002307/versions/3.2.72
		fslchpixdim	3003	300302		4		4	mouse	F1 C6/129P	B6129PF/J1 hybrid mice 	m	9–83		m	y	y	n	y	Isoflurane				Bruker BioSpin	9.4		SE-EPI	2500	18.398	0.15×0.86	o.116	https://www.ncbi.nlm.nih.gov/pmc/articles/PMC7718219/	https://openneuro.org/datasets/ds002307/versions/3.2.73
		fslchpixdim	3003	300302		5	5	1	mouse	F1 C6/129P	B6129PF/J1 hybrid mice 	m	9–84		m	y	y	n	y	Isoflurane				Bruker BioSpin	9.4		SE-EPI	2500	18.398	0.15×0.87	o.117	https://www.ncbi.nlm.nih.gov/pmc/articles/PMC7718219/	https://openneuro.org/datasets/ds002307/versions/3.2.74
		fslchpixdim	3003	300302		5		2	mouse	F1 C6/129P	B6129PF/J1 hybrid mice 	m	9–85		m	y	y	n	y	Isoflurane				Bruker BioSpin	9.4		SE-EPI	2500	18.398	0.15×0.88	o.118	https://www.ncbi.nlm.nih.gov/pmc/articles/PMC7718219/	https://openneuro.org/datasets/ds002307/versions/3.2.75
		fslchpixdim	3003	300302		5		3	mouse	F1 C6/129P	B6129PF/J1 hybrid mice 	m	9–86		m	y	y	n	y	Isoflurane				Bruker BioSpin	9.4		SE-EPI	2500	18.398	0.15×0.89	o.119	https://www.ncbi.nlm.nih.gov/pmc/articles/PMC7718219/	https://openneuro.org/datasets/ds002307/versions/3.2.76
		fslchpixdim	3003	300302		5		4	mouse	F1 C6/129P	B6129PF/J1 hybrid mice 	m	9–87		m	y	y	n	y	Isoflurane				Bruker BioSpin	9.4		SE-EPI	2500	18.398	0.15×0.90	o.120	https://www.ncbi.nlm.nih.gov/pmc/articles/PMC7718219/	https://openneuro.org/datasets/ds002307/versions/3.2.77
		fslchpixdim	3003	300302		6	6	1	mouse	F1 C6/129P	B6129PF/J1 hybrid mice 	m	9–88		m	y	y	n	y	Isoflurane				Bruker BioSpin	9.4		SE-EPI	2500	18.398	0.15×0.91	o.121	https://www.ncbi.nlm.nih.gov/pmc/articles/PMC7718219/	https://openneuro.org/datasets/ds002307/versions/3.2.78
		fslchpixdim	3003	300302		6		2	mouse	F1 C6/129P	B6129PF/J1 hybrid mice 	m	9–89		m	y	y	n	y	Isoflurane				Bruker BioSpin	9.4		SE-EPI	2500	18.398	0.15×0.92	o.122	https://www.ncbi.nlm.nih.gov/pmc/articles/PMC7718219/	https://openneuro.org/datasets/ds002307/versions/3.2.79
		fslchpixdim	3003	300302		6		3	mouse	F1 C6/129P	B6129PF/J1 hybrid mice 	m	9–90		m	y	y	n	y	Isoflurane				Bruker BioSpin	9.4		SE-EPI	2500	18.398	0.15×0.93	o.123	https://www.ncbi.nlm.nih.gov/pmc/articles/PMC7718219/	https://openneuro.org/datasets/ds002307/versions/3.2.80
		fslchpixdim	3003	300302		6		4	mouse	F1 C6/129P	B6129PF/J1 hybrid mice 	m	9–91		m	y	y	n	y	Isoflurane				Bruker BioSpin	9.4		SE-EPI	2500	18.398	0.15×0.94	o.124	https://www.ncbi.nlm.nih.gov/pmc/articles/PMC7718219/	https://openneuro.org/datasets/ds002307/versions/3.2.81
		fslchpixdim	3003	300302		7	7	1	mouse	F1 C6/129P	B6129PF/J1 hybrid mice 	m	9–92		m	y	y	n	y	Isoflurane				Bruker BioSpin	9.4		SE-EPI	2500	18.398	0.15×0.95	o.125	https://www.ncbi.nlm.nih.gov/pmc/articles/PMC7718219/	https://openneuro.org/datasets/ds002307/versions/3.2.82
		fslchpixdim	3003	300302		7		2	mouse	F1 C6/129P	B6129PF/J1 hybrid mice 	m	9–93		m	y	y	n	y	Isoflurane				Bruker BioSpin	9.4		SE-EPI	2500	18.398	0.15×0.96	o.126	https://www.ncbi.nlm.nih.gov/pmc/articles/PMC7718219/	https://openneuro.org/datasets/ds002307/versions/3.2.83
		fslchpixdim	3003	300302		7		3	mouse	F1 C6/129P	B6129PF/J1 hybrid mice 	m	9–94		m	y	y	n	y	Isoflurane				Bruker BioSpin	9.4		SE-EPI	2500	18.398	0.15×0.97	o.127	https://www.ncbi.nlm.nih.gov/pmc/articles/PMC7718219/	https://openneuro.org/datasets/ds002307/versions/3.2.84
		fslchpixdim	3003	300302		7		4	mouse	F1 C6/129P	B6129PF/J1 hybrid mice 	m	9–95		m	y	y	n	y	Isoflurane				Bruker BioSpin	9.4		SE-EPI	2500	18.398	0.15×0.98	o.128	https://www.ncbi.nlm.nih.gov/pmc/articles/PMC7718219/	https://openneuro.org/datasets/ds002307/versions/3.2.85
		fslchpixdim	3003	300303	Ey117	1	1	1	mouse	F1 C6/129P	B6129PF/J1 hybrid mice 	m	9–96		m	y	y	n	y	Isoflurane				Bruker BioSpin	9.4		SE-EPI	2500	18.398	0.15×0.99	o.129	https://www.ncbi.nlm.nih.gov/pmc/articles/PMC7718219/	https://openneuro.org/datasets/ds002307/versions/3.2.86
		fslchpixdim	3003	300303		1		2	mouse	F1 C6/129P	B6129PF/J1 hybrid mice 	m	9–97		m	y	y	n	y	Isoflurane				Bruker BioSpin	9.4		SE-EPI	2500	18.398	0.15×0.100	o.130	https://www.ncbi.nlm.nih.gov/pmc/articles/PMC7718219/	https://openneuro.org/datasets/ds002307/versions/3.2.87
		fslchpixdim	3003	300303		1		3	mouse	F1 C6/129P	B6129PF/J1 hybrid mice 	m	9–98		m	y	y	n	y	Isoflurane				Bruker BioSpin	9.4		SE-EPI	2500	18.398	0.15×0.101	o.131	https://www.ncbi.nlm.nih.gov/pmc/articles/PMC7718219/	https://openneuro.org/datasets/ds002307/versions/3.2.88
		fslchpixdim	3003	300303		1		4	mouse	F1 C6/129P	B6129PF/J1 hybrid mice 	m	9–99		m	y	y	n	y	Isoflurane				Bruker BioSpin	9.4		SE-EPI	2500	18.398	0.15×0.102	o.132	https://www.ncbi.nlm.nih.gov/pmc/articles/PMC7718219/	https://openneuro.org/datasets/ds002307/versions/3.2.89
		fslchpixdim	3003	300303		2	2	1	mouse	F1 C6/129P	B6129PF/J1 hybrid mice 	m	9–100		m	y	y	n	y	Isoflurane				Bruker BioSpin	9.4		SE-EPI	2500	18.398	0.15×0.103	o.133	https://www.ncbi.nlm.nih.gov/pmc/articles/PMC7718219/	https://openneuro.org/datasets/ds002307/versions/3.2.90
		fslchpixdim	3003	300303		2		2	mouse	F1 C6/129P	B6129PF/J1 hybrid mice 	m	9–101		m	y	y	n	y	Isoflurane				Bruker BioSpin	9.4		SE-EPI	2500	18.398	0.15×0.104	o.134	https://www.ncbi.nlm.nih.gov/pmc/articles/PMC7718219/	https://openneuro.org/datasets/ds002307/versions/3.2.91
		fslchpixdim	3003	300303		2		3	mouse	F1 C6/129P	B6129PF/J1 hybrid mice 	m	9–102		m	y	y	n	y	Isoflurane				Bruker BioSpin	9.4		SE-EPI	2500	18.398	0.15×0.105	o.135	https://www.ncbi.nlm.nih.gov/pmc/articles/PMC7718219/	https://openneuro.org/datasets/ds002307/versions/3.2.92
		fslchpixdim	3003	300303		2		4	mouse	F1 C6/129P	B6129PF/J1 hybrid mice 	m	9–103		m	y	y	n	y	Isoflurane				Bruker BioSpin	9.4		SE-EPI	2500	18.398	0.15×0.106	o.136	https://www.ncbi.nlm.nih.gov/pmc/articles/PMC7718219/	https://openneuro.org/datasets/ds002307/versions/3.2.93
		fslchpixdim	3003	300303		3	3	1	mouse	F1 C6/129P	B6129PF/J1 hybrid mice 	m	9–104		m	y	y	n	y	Isoflurane				Bruker BioSpin	9.4		SE-EPI	2500	18.398	0.15×0.107	o.137	https://www.ncbi.nlm.nih.gov/pmc/articles/PMC7718219/	https://openneuro.org/datasets/ds002307/versions/3.2.94
		fslchpixdim	3003	300303		3		2	mouse	F1 C6/129P	B6129PF/J1 hybrid mice 	m	9–105		m	y	y	n	y	Isoflurane				Bruker BioSpin	9.4		SE-EPI	2500	18.398	0.15×0.108	o.138	https://www.ncbi.nlm.nih.gov/pmc/articles/PMC7718219/	https://openneuro.org/datasets/ds002307/versions/3.2.95
		fslchpixdim	3003	300303		3		3	mouse	F1 C6/129P	B6129PF/J1 hybrid mice 	m	9–106		m	y	y	n	y	Isoflurane				Bruker BioSpin	9.4		SE-EPI	2500	18.398	0.15×0.109	o.139	https://www.ncbi.nlm.nih.gov/pmc/articles/PMC7718219/	https://openneuro.org/datasets/ds002307/versions/3.2.96
		fslchpixdim	3003	300303		3		4	mouse	F1 C6/129P	B6129PF/J1 hybrid mice 	m	9–107		m	y	y	n	y	Isoflurane				Bruker BioSpin	9.4		SE-EPI	2500	18.398	0.15×0.110	o.140	https://www.ncbi.nlm.nih.gov/pmc/articles/PMC7718219/	https://openneuro.org/datasets/ds002307/versions/3.2.97
		fslchpixdim	3003	300303		4	4	1	mouse	F1 C6/129P	B6129PF/J1 hybrid mice 	m	9–108		m	y	y	n	y	Isoflurane				Bruker BioSpin	9.4		SE-EPI	2500	18.398	0.15×0.111	o.141	https://www.ncbi.nlm.nih.gov/pmc/articles/PMC7718219/	https://openneuro.org/datasets/ds002307/versions/3.2.98
		fslchpixdim	3003	300303		4		2	mouse	F1 C6/129P	B6129PF/J1 hybrid mice 	m	9–109		m	y	y	n	y	Isoflurane				Bruker BioSpin	9.4		SE-EPI	2500	18.398	0.15×0.112	o.142	https://www.ncbi.nlm.nih.gov/pmc/articles/PMC7718219/	https://openneuro.org/datasets/ds002307/versions/3.2.99
y		fslchpixdim	3003	300303		4		3	mouse	F1 C6/129P	B6129PF/J1 hybrid mice 	m	9–110		m	y	y	n	y	Isoflurane				Bruker BioSpin	9.4		SE-EPI	2500	18.398	0.15×0.113	o.143	https://www.ncbi.nlm.nih.gov/pmc/articles/PMC7718219/	https://openneuro.org/datasets/ds002307/versions/3.2.100
		fslchpixdim	3003	300303		4		4	mouse	F1 C6/129P	B6129PF/J1 hybrid mice 	m	9–111		m	y	y	n	y	Isoflurane				Bruker BioSpin	9.4		SE-EPI	2500	18.398	0.15×0.114	o.144	https://www.ncbi.nlm.nih.gov/pmc/articles/PMC7718219/	https://openneuro.org/datasets/ds002307/versions/3.2.101
		fslchpixdim	3003	300303		5	5	1	mouse	F1 C6/129P	B6129PF/J1 hybrid mice 	m	9–112		m	y	y	n	y	Isoflurane				Bruker BioSpin	9.4		SE-EPI	2500	18.398	0.15×0.115	o.145	https://www.ncbi.nlm.nih.gov/pmc/articles/PMC7718219/	https://openneuro.org/datasets/ds002307/versions/3.2.102
		fslchpixdim	3003	300303		5		2	mouse	F1 C6/129P	B6129PF/J1 hybrid mice 	m	9–113		m	y	y	n	y	Isoflurane				Bruker BioSpin	9.4		SE-EPI	2500	18.398	0.15×0.116	o.146	https://www.ncbi.nlm.nih.gov/pmc/articles/PMC7718219/	https://openneuro.org/datasets/ds002307/versions/3.2.103
		fslchpixdim	3003	300303		5		3	mouse	F1 C6/129P	B6129PF/J1 hybrid mice 	m	9–114		m	y	y	n	y	Isoflurane				Bruker BioSpin	9.4		SE-EPI	2500	18.398	0.15×0.117	o.147	https://www.ncbi.nlm.nih.gov/pmc/articles/PMC7718219/	https://openneuro.org/datasets/ds002307/versions/3.2.104
		fslchpixdim	3003	300303		5		4	mouse	F1 C6/129P	B6129PF/J1 hybrid mice 	m	9–115		m	y	y	n	y	Isoflurane				Bruker BioSpin	9.4		SE-EPI	2500	18.398	0.15×0.118	o.148	https://www.ncbi.nlm.nih.gov/pmc/articles/PMC7718219/	https://openneuro.org/datasets/ds002307/versions/3.2.105
		fslchpixdim	3003	300303		6	6	1	mouse	F1 C6/129P	B6129PF/J1 hybrid mice 	m	9–116		m	y	y	n	y	Isoflurane				Bruker BioSpin	9.4		SE-EPI	2500	18.398	0.15×0.119	o.149	https://www.ncbi.nlm.nih.gov/pmc/articles/PMC7718219/	https://openneuro.org/datasets/ds002307/versions/3.2.106
		fslchpixdim	3003	300303		6		2	mouse	F1 C6/129P	B6129PF/J1 hybrid mice 	m	9–117		m	y	y	n	y	Isoflurane				Bruker BioSpin	9.4		SE-EPI	2500	18.398	0.15×0.120	o.150	https://www.ncbi.nlm.nih.gov/pmc/articles/PMC7718219/	https://openneuro.org/datasets/ds002307/versions/3.2.107
		fslchpixdim	3003	300303		6		3	mouse	F1 C6/129P	B6129PF/J1 hybrid mice 	m	9–118		m	y	y	n	y	Isoflurane				Bruker BioSpin	9.4		SE-EPI	2500	18.398	0.15×0.121	o.151	https://www.ncbi.nlm.nih.gov/pmc/articles/PMC7718219/	https://openneuro.org/datasets/ds002307/versions/3.2.108
		fslchpixdim	3003	300303		6		4	mouse	F1 C6/129P	B6129PF/J1 hybrid mice 	m	9–119		m	y	y	n	y	Isoflurane				Bruker BioSpin	9.4		SE-EPI	2500	18.398	0.15×0.122	o.152	https://www.ncbi.nlm.nih.gov/pmc/articles/PMC7718219/	https://openneuro.org/datasets/ds002307/versions/3.2.109
		fslchpixdim	3003	300304	Ey119	1	1	1	mouse	F1 C6/129P	B6129PF/J1 hybrid mice 	m	9–120		m	y	y	n	y	Isoflurane				Bruker BioSpin	9.4		SE-EPI	2500	18.398	0.15×0.123	o.153	https://www.ncbi.nlm.nih.gov/pmc/articles/PMC7718219/	https://openneuro.org/datasets/ds002307/versions/3.2.110
		fslchpixdim	3003	300304		1		2	mouse	F1 C6/129P	B6129PF/J1 hybrid mice 	m	9–121		m	y	y	n	y	Isoflurane				Bruker BioSpin	9.4		SE-EPI	2500	18.398	0.15×0.124	o.154	https://www.ncbi.nlm.nih.gov/pmc/articles/PMC7718219/	https://openneuro.org/datasets/ds002307/versions/3.2.111
		fslchpixdim	3003	300304		1		3	mouse	F1 C6/129P	B6129PF/J1 hybrid mice 	m	9–122		m	y	y	n	y	Isoflurane				Bruker BioSpin	9.4		SE-EPI	2500	18.398	0.15×0.125	o.155	https://www.ncbi.nlm.nih.gov/pmc/articles/PMC7718219/	https://openneuro.org/datasets/ds002307/versions/3.2.112
		fslchpixdim	3003	300304		1		4	mouse	F1 C6/129P	B6129PF/J1 hybrid mice 	m	9–123		m	y	y	n	y	Isoflurane				Bruker BioSpin	9.4		SE-EPI	2500	18.398	0.15×0.126	o.156	https://www.ncbi.nlm.nih.gov/pmc/articles/PMC7718219/	https://openneuro.org/datasets/ds002307/versions/3.2.113
		fslchpixdim	3003	300304		2	2	1	mouse	F1 C6/129P	B6129PF/J1 hybrid mice 	m	9–124		m	y	y	n	y	Isoflurane				Bruker BioSpin	9.4		SE-EPI	2500	18.398	0.15×0.127	o.157	https://www.ncbi.nlm.nih.gov/pmc/articles/PMC7718219/	https://openneuro.org/datasets/ds002307/versions/3.2.114
		fslchpixdim	3003	300304		2		2	mouse	F1 C6/129P	B6129PF/J1 hybrid mice 	m	9–125		m	y	y	n	y	Isoflurane				Bruker BioSpin	9.4		SE-EPI	2500	18.398	0.15×0.128	o.158	https://www.ncbi.nlm.nih.gov/pmc/articles/PMC7718219/	https://openneuro.org/datasets/ds002307/versions/3.2.115
		fslchpixdim	3003	300304		2		3	mouse	F1 C6/129P	B6129PF/J1 hybrid mice 	m	9–126		m	y	y	n	y	Isoflurane				Bruker BioSpin	9.4		SE-EPI	2500	18.398	0.15×0.129	o.159	https://www.ncbi.nlm.nih.gov/pmc/articles/PMC7718219/	https://openneuro.org/datasets/ds002307/versions/3.2.116
		fslchpixdim	3003	300304		2		4	mouse	F1 C6/129P	B6129PF/J1 hybrid mice 	m	9–127		m	y	y	n	y	Isoflurane				Bruker BioSpin	9.4		SE-EPI	2500	18.398	0.15×0.130	o.160	https://www.ncbi.nlm.nih.gov/pmc/articles/PMC7718219/	https://openneuro.org/datasets/ds002307/versions/3.2.117
		fslchpixdim	3003	300304		3	3	1	mouse	F1 C6/129P	B6129PF/J1 hybrid mice 	m	9–128		m	y	y	n	y	Isoflurane				Bruker BioSpin	9.4		SE-EPI	2500	18.398	0.15×0.131	o.161	https://www.ncbi.nlm.nih.gov/pmc/articles/PMC7718219/	https://openneuro.org/datasets/ds002307/versions/3.2.118
		fslchpixdim	3003	300304		3		2	mouse	F1 C6/129P	B6129PF/J1 hybrid mice 	m	9–129		m	y	y	n	y	Isoflurane				Bruker BioSpin	9.4		SE-EPI	2500	18.398	0.15×0.132	o.162	https://www.ncbi.nlm.nih.gov/pmc/articles/PMC7718219/	https://openneuro.org/datasets/ds002307/versions/3.2.119
		fslchpixdim	3003	300304		3		3	mouse	F1 C6/129P	B6129PF/J1 hybrid mice 	m	9–130		m	y	y	n	y	Isoflurane				Bruker BioSpin	9.4		SE-EPI	2500	18.398	0.15×0.133	o.163	https://www.ncbi.nlm.nih.gov/pmc/articles/PMC7718219/	https://openneuro.org/datasets/ds002307/versions/3.2.120
		fslchpixdim	3003	300304		3		4	mouse	F1 C6/129P	B6129PF/J1 hybrid mice 	m	9–131		m	y	y	n	y	Isoflurane				Bruker BioSpin	9.4		SE-EPI	2500	18.398	0.15×0.134	o.164	https://www.ncbi.nlm.nih.gov/pmc/articles/PMC7718219/	https://openneuro.org/datasets/ds002307/versions/3.2.121
		fslchpixdim	3003	300304		4	4	1	mouse	F1 C6/129P	B6129PF/J1 hybrid mice 	m	9–132		m	y	y	n	y	Isoflurane				Bruker BioSpin	9.4		SE-EPI	2500	18.398	0.15×0.135	o.165	https://www.ncbi.nlm.nih.gov/pmc/articles/PMC7718219/	https://openneuro.org/datasets/ds002307/versions/3.2.122
		fslchpixdim	3003	300304		4		2	mouse	F1 C6/129P	B6129PF/J1 hybrid mice 	m	9–133		m	y	y	n	y	Isoflurane				Bruker BioSpin	9.4		SE-EPI	2500	18.398	0.15×0.136	o.166	https://www.ncbi.nlm.nih.gov/pmc/articles/PMC7718219/	https://openneuro.org/datasets/ds002307/versions/3.2.123
		fslchpixdim	3003	300304		4		3	mouse	F1 C6/129P	B6129PF/J1 hybrid mice 	m	9–134		m	y	y	n	y	Isoflurane				Bruker BioSpin	9.4		SE-EPI	2500	18.398	0.15×0.137	o.167	https://www.ncbi.nlm.nih.gov/pmc/articles/PMC7718219/	https://openneuro.org/datasets/ds002307/versions/3.2.124
		fslchpixdim	3003	300304		4		4	mouse	F1 C6/129P	B6129PF/J1 hybrid mice 	m	9–135		m	y	y	n	y	Isoflurane				Bruker BioSpin	9.4		SE-EPI	2500	18.398	0.15×0.138	o.168	https://www.ncbi.nlm.nih.gov/pmc/articles/PMC7718219/	https://openneuro.org/datasets/ds002307/versions/3.2.125
		fslchpixdim	3003	300304		5	5	1	mouse	F1 C6/129P	B6129PF/J1 hybrid mice 	m	9–136		m	y	y	n	y	Isoflurane				Bruker BioSpin	9.4		SE-EPI	2500	18.398	0.15×0.139	o.169	https://www.ncbi.nlm.nih.gov/pmc/articles/PMC7718219/	https://openneuro.org/datasets/ds002307/versions/3.2.126
		fslchpixdim	3003	300304		5		2	mouse	F1 C6/129P	B6129PF/J1 hybrid mice 	m	9–137		m	y	y	n	y	Isoflurane				Bruker BioSpin	9.4		SE-EPI	2500	18.398	0.15×0.140	o.170	https://www.ncbi.nlm.nih.gov/pmc/articles/PMC7718219/	https://openneuro.org/datasets/ds002307/versions/3.2.127
		fslchpixdim	3003	300304		5		3	mouse	F1 C6/129P	B6129PF/J1 hybrid mice 	m	9–138		m	y	y	n	y	Isoflurane				Bruker BioSpin	9.4		SE-EPI	2500	18.398	0.15×0.141	o.171	https://www.ncbi.nlm.nih.gov/pmc/articles/PMC7718219/	https://openneuro.org/datasets/ds002307/versions/3.2.128
		fslchpixdim	3003	300304		5		4	mouse	F1 C6/129P	B6129PF/J1 hybrid mice 	m	9–139		m	y	y	n	y	Isoflurane				Bruker BioSpin	9.4		SE-EPI	2500	18.398	0.15×0.142	o.172	https://www.ncbi.nlm.nih.gov/pmc/articles/PMC7718219/	https://openneuro.org/datasets/ds002307/versions/3.2.129
		fslchpixdim	3003	300304		6	6	1	mouse	F1 C6/129P	B6129PF/J1 hybrid mice 	m	9–140		m	y	y	n	y	Isoflurane				Bruker BioSpin	9.4		SE-EPI	2500	18.398	0.15×0.143	o.173	https://www.ncbi.nlm.nih.gov/pmc/articles/PMC7718219/	https://openneuro.org/datasets/ds002307/versions/3.2.130
		fslchpixdim	3003	300304		6		2	mouse	F1 C6/129P	B6129PF/J1 hybrid mice 	m	9–141		m	y	y	n	y	Isoflurane				Bruker BioSpin	9.4		SE-EPI	2500	18.398	0.15×0.144	o.174	https://www.ncbi.nlm.nih.gov/pmc/articles/PMC7718219/	https://openneuro.org/datasets/ds002307/versions/3.2.131
		fslchpixdim	3003	300304		6		3	mouse	F1 C6/129P	B6129PF/J1 hybrid mice 	m	9–142		m	y	y	n	y	Isoflurane				Bruker BioSpin	9.4		SE-EPI	2500	18.398	0.15×0.145	o.175	https://www.ncbi.nlm.nih.gov/pmc/articles/PMC7718219/	https://openneuro.org/datasets/ds002307/versions/3.2.132
		fslchpixdim	3003	300304		6		4	mouse	F1 C6/129P	B6129PF/J1 hybrid mice 	m	9–143		m	y	y	n	y	Isoflurane				Bruker BioSpin	9.4		SE-EPI	2500	18.398	0.15×0.146	o.176	https://www.ncbi.nlm.nih.gov/pmc/articles/PMC7718219/	https://openneuro.org/datasets/ds002307/versions/3.2.133
		fslchpixdim	3003	300305	Ey142	1	1	1	mouse	F1 C6/129P	B6129PF/J1 hybrid mice 	m	9–144		m	y	y	n	y	Isoflurane				Bruker BioSpin	9.4		SE-EPI	2500	18.398	0.15×0.147	o.177	https://www.ncbi.nlm.nih.gov/pmc/articles/PMC7718219/	https://openneuro.org/datasets/ds002307/versions/3.2.134
		fslchpixdim	3003	300305		1		2	mouse	F1 C6/129P	B6129PF/J1 hybrid mice 	m	9–145		m	y	y	n	y	Isoflurane				Bruker BioSpin	9.4		SE-EPI	2500	18.398	0.15×0.148	o.178	https://www.ncbi.nlm.nih.gov/pmc/articles/PMC7718219/	https://openneuro.org/datasets/ds002307/versions/3.2.135
		fslchpixdim	3003	300305		1		3	mouse	F1 C6/129P	B6129PF/J1 hybrid mice 	m	9–146		m	y	y	n	y	Isoflurane				Bruker BioSpin	9.4		SE-EPI	2500	18.398	0.15×0.149	o.179	https://www.ncbi.nlm.nih.gov/pmc/articles/PMC7718219/	https://openneuro.org/datasets/ds002307/versions/3.2.136
		fslchpixdim	3003	300305		1		4	mouse	F1 C6/129P	B6129PF/J1 hybrid mice 	m	9–147		m	y	y	n	y	Isoflurane				Bruker BioSpin	9.4		SE-EPI	2500	18.398	0.15×0.150	o.180	https://www.ncbi.nlm.nih.gov/pmc/articles/PMC7718219/	https://openneuro.org/datasets/ds002307/versions/3.2.137
		fslchpixdim	3003	300305		2	2	1	mouse	F1 C6/129P	B6129PF/J1 hybrid mice 	m	9–148		m	y	y	n	y	Isoflurane				Bruker BioSpin	9.4		SE-EPI	2500	18.398	0.15×0.151	o.181	https://www.ncbi.nlm.nih.gov/pmc/articles/PMC7718219/	https://openneuro.org/datasets/ds002307/versions/3.2.138
		fslchpixdim	3003	300305		2		2	mouse	F1 C6/129P	B6129PF/J1 hybrid mice 	m	9–149		m	y	y	n	y	Isoflurane				Bruker BioSpin	9.4		SE-EPI	2500	18.398	0.15×0.152	o.182	https://www.ncbi.nlm.nih.gov/pmc/articles/PMC7718219/	https://openneuro.org/datasets/ds002307/versions/3.2.139
		fslchpixdim	3003	300305		2		3	mouse	F1 C6/129P	B6129PF/J1 hybrid mice 	m	9–150		m	y	y	n	y	Isoflurane				Bruker BioSpin	9.4		SE-EPI	2500	18.398	0.15×0.153	o.183	https://www.ncbi.nlm.nih.gov/pmc/articles/PMC7718219/	https://openneuro.org/datasets/ds002307/versions/3.2.140
		fslchpixdim	3003	300305		2		4	mouse	F1 C6/129P	B6129PF/J1 hybrid mice 	m	9–151		m	y	y	n	y	Isoflurane				Bruker BioSpin	9.4		SE-EPI	2500	18.398	0.15×0.154	o.184	https://www.ncbi.nlm.nih.gov/pmc/articles/PMC7718219/	https://openneuro.org/datasets/ds002307/versions/3.2.141
		fslchpixdim	3003	300305		3	3	1	mouse	F1 C6/129P	B6129PF/J1 hybrid mice 	m	9–152		m	y	y	n	y	Isoflurane				Bruker BioSpin	9.4		SE-EPI	2500	18.398	0.15×0.155	o.185	https://www.ncbi.nlm.nih.gov/pmc/articles/PMC7718219/	https://openneuro.org/datasets/ds002307/versions/3.2.142
		fslchpixdim	3003	300305		3		2	mouse	F1 C6/129P	B6129PF/J1 hybrid mice 	m	9–153		m	y	y	n	y	Isoflurane				Bruker BioSpin	9.4		SE-EPI	2500	18.398	0.15×0.156	o.186	https://www.ncbi.nlm.nih.gov/pmc/articles/PMC7718219/	https://openneuro.org/datasets/ds002307/versions/3.2.143
		fslchpixdim	3003	300305		3		3	mouse	F1 C6/129P	B6129PF/J1 hybrid mice 	m	9–154		m	y	y	n	y	Isoflurane				Bruker BioSpin	9.4		SE-EPI	2500	18.398	0.15×0.157	o.187	https://www.ncbi.nlm.nih.gov/pmc/articles/PMC7718219/	https://openneuro.org/datasets/ds002307/versions/3.2.144
		fslchpixdim	3003	300305		3		4	mouse	F1 C6/129P	B6129PF/J1 hybrid mice 	m	9–155		m	y	y	n	y	Isoflurane				Bruker BioSpin	9.4		SE-EPI	2500	18.398	0.15×0.158	o.188	https://www.ncbi.nlm.nih.gov/pmc/articles/PMC7718219/	https://openneuro.org/datasets/ds002307/versions/3.2.145
		fslchpixdim	3003	300305		4	4	1	mouse	F1 C6/129P	B6129PF/J1 hybrid mice 	m	9–156		m	y	y	n	y	Isoflurane				Bruker BioSpin	9.4		SE-EPI	2500	18.398	0.15×0.159	o.189	https://www.ncbi.nlm.nih.gov/pmc/articles/PMC7718219/	https://openneuro.org/datasets/ds002307/versions/3.2.146
		fslchpixdim	3003	300305		4		2	mouse	F1 C6/129P	B6129PF/J1 hybrid mice 	m	9–157		m	y	y	n	y	Isoflurane				Bruker BioSpin	9.4		SE-EPI	2500	18.398	0.15×0.160	o.190	https://www.ncbi.nlm.nih.gov/pmc/articles/PMC7718219/	https://openneuro.org/datasets/ds002307/versions/3.2.147
		fslchpixdim	3003	300305		4		3	mouse	F1 C6/129P	B6129PF/J1 hybrid mice 	m	9–158		m	y	y	n	y	Isoflurane				Bruker BioSpin	9.4		SE-EPI	2500	18.398	0.15×0.161	o.191	https://www.ncbi.nlm.nih.gov/pmc/articles/PMC7718219/	https://openneuro.org/datasets/ds002307/versions/3.2.148
		fslchpixdim	3003	300305		4		4	mouse	F1 C6/129P	B6129PF/J1 hybrid mice 	m	9–159		m	y	y	n	y	Isoflurane				Bruker BioSpin	9.4		SE-EPI	2500	18.398	0.15×0.162	o.192	https://www.ncbi.nlm.nih.gov/pmc/articles/PMC7718219/	https://openneuro.org/datasets/ds002307/versions/3.2.149
		fslchpixdim	3003	300305		5	5	1	mouse	F1 C6/129P	B6129PF/J1 hybrid mice 	m	9–160		m	y	y	n	y	Isoflurane				Bruker BioSpin	9.4		SE-EPI	2500	18.398	0.15×0.163	o.193	https://www.ncbi.nlm.nih.gov/pmc/articles/PMC7718219/	https://openneuro.org/datasets/ds002307/versions/3.2.150
		fslchpixdim	3003	300305		5		2	mouse	F1 C6/129P	B6129PF/J1 hybrid mice 	m	9–161		m	y	y	n	y	Isoflurane				Bruker BioSpin	9.4		SE-EPI	2500	18.398	0.15×0.164	o.194	https://www.ncbi.nlm.nih.gov/pmc/articles/PMC7718219/	https://openneuro.org/datasets/ds002307/versions/3.2.151
		fslchpixdim	3003	300305		5		3	mouse	F1 C6/129P	B6129PF/J1 hybrid mice 	m	9–162		m	y	y	n	y	Isoflurane				Bruker BioSpin	9.4		SE-EPI	2500	18.398	0.15×0.165	o.195	https://www.ncbi.nlm.nih.gov/pmc/articles/PMC7718219/	https://openneuro.org/datasets/ds002307/versions/3.2.152
		fslchpixdim	3003	300305		5		4	mouse	F1 C6/129P	B6129PF/J1 hybrid mice 	m	9–163		m	y	y	n	y	Isoflurane				Bruker BioSpin	9.4		SE-EPI	2500	18.398	0.15×0.166	o.196	https://www.ncbi.nlm.nih.gov/pmc/articles/PMC7718219/	https://openneuro.org/datasets/ds002307/versions/3.2.153
		fslchpixdim	3003	300305		6	6	1	mouse	F1 C6/129P	B6129PF/J1 hybrid mice 	m	9–164		m	y	y	n	y	Isoflurane				Bruker BioSpin	9.4		SE-EPI	2500	18.398	0.15×0.167	o.197	https://www.ncbi.nlm.nih.gov/pmc/articles/PMC7718219/	https://openneuro.org/datasets/ds002307/versions/3.2.154
		fslchpixdim	3003	300305		6		2	mouse	F1 C6/129P	B6129PF/J1 hybrid mice 	m	9–165		m	y	y	n	y	Isoflurane				Bruker BioSpin	9.4		SE-EPI	2500	18.398	0.15×0.168	o.198	https://www.ncbi.nlm.nih.gov/pmc/articles/PMC7718219/	https://openneuro.org/datasets/ds002307/versions/3.2.155
		fslchpixdim	3003	300305		6		3	mouse	F1 C6/129P	B6129PF/J1 hybrid mice 	m	9–166		m	y	y	n	y	Isoflurane				Bruker BioSpin	9.4		SE-EPI	2500	18.398	0.15×0.169	o.199	https://www.ncbi.nlm.nih.gov/pmc/articles/PMC7718219/	https://openneuro.org/datasets/ds002307/versions/3.2.156
		fslchpixdim	3003	300305		6		4	mouse	F1 C6/129P	B6129PF/J1 hybrid mice 	m	9–167		m	y	y	n	y	Isoflurane				Bruker BioSpin	9.4		SE-EPI	2500	18.398	0.15×0.170	o.200	https://www.ncbi.nlm.nih.gov/pmc/articles/PMC7718219/	https://openneuro.org/datasets/ds002307/versions/3.2.157
		fslchpixdim	3003	300306	Ey143	1	1	1	mouse	F1 C6/129P	B6129PF/J1 hybrid mice 	m	9–168		m	y	y	n	y	Isoflurane				Bruker BioSpin	9.4		SE-EPI	2500	18.398	0.15×0.171	o.201	https://www.ncbi.nlm.nih.gov/pmc/articles/PMC7718219/	https://openneuro.org/datasets/ds002307/versions/3.2.158
		fslchpixdim	3003	300306		1		2	mouse	F1 C6/129P	B6129PF/J1 hybrid mice 	m	9–169		m	y	y	n	y	Isoflurane				Bruker BioSpin	9.4		SE-EPI	2500	18.398	0.15×0.172	o.202	https://www.ncbi.nlm.nih.gov/pmc/articles/PMC7718219/	https://openneuro.org/datasets/ds002307/versions/3.2.159
		fslchpixdim	3003	300306		1		3	mouse	F1 C6/129P	B6129PF/J1 hybrid mice 	m	9–170		m	y	y	n	y	Isoflurane				Bruker BioSpin	9.4		SE-EPI	2500	18.398	0.15×0.173	o.203	https://www.ncbi.nlm.nih.gov/pmc/articles/PMC7718219/	https://openneuro.org/datasets/ds002307/versions/3.2.160
		fslchpixdim	3003	300306		1		4	mouse	F1 C6/129P	B6129PF/J1 hybrid mice 	m	9–171		m	y	y	n	y	Isoflurane				Bruker BioSpin	9.4		SE-EPI	2500	18.398	0.15×0.174	o.204	https://www.ncbi.nlm.nih.gov/pmc/articles/PMC7718219/	https://openneuro.org/datasets/ds002307/versions/3.2.161
		fslchpixdim	3003	300306		2	2	1	mouse	F1 C6/129P	B6129PF/J1 hybrid mice 	m	9–172		m	y	y	n	y	Isoflurane				Bruker BioSpin	9.4		SE-EPI	2500	18.398	0.15×0.175	o.205	https://www.ncbi.nlm.nih.gov/pmc/articles/PMC7718219/	https://openneuro.org/datasets/ds002307/versions/3.2.162
		fslchpixdim	3003	300306		2		2	mouse	F1 C6/129P	B6129PF/J1 hybrid mice 	m	9–173		m	y	y	n	y	Isoflurane				Bruker BioSpin	9.4		SE-EPI	2500	18.398	0.15×0.176	o.206	https://www.ncbi.nlm.nih.gov/pmc/articles/PMC7718219/	https://openneuro.org/datasets/ds002307/versions/3.2.163
		fslchpixdim	3003	300306		2		3	mouse	F1 C6/129P	B6129PF/J1 hybrid mice 	m	9–174		m	y	y	n	y	Isoflurane				Bruker BioSpin	9.4		SE-EPI	2500	18.398	0.15×0.177	o.207	https://www.ncbi.nlm.nih.gov/pmc/articles/PMC7718219/	https://openneuro.org/datasets/ds002307/versions/3.2.164
		fslchpixdim	3003	300306		2		4	mouse	F1 C6/129P	B6129PF/J1 hybrid mice 	m	9–175		m	y	y	n	y	Isoflurane				Bruker BioSpin	9.4		SE-EPI	2500	18.398	0.15×0.178	o.208	https://www.ncbi.nlm.nih.gov/pmc/articles/PMC7718219/	https://openneuro.org/datasets/ds002307/versions/3.2.165
		fslchpixdim	3003	300306		3	3	1	mouse	F1 C6/129P	B6129PF/J1 hybrid mice 	m	9–176		m	y	y	n	y	Isoflurane				Bruker BioSpin	9.4		SE-EPI	2500	18.398	0.15×0.179	o.209	https://www.ncbi.nlm.nih.gov/pmc/articles/PMC7718219/	https://openneuro.org/datasets/ds002307/versions/3.2.166
		fslchpixdim	3003	300306		3		2	mouse	F1 C6/129P	B6129PF/J1 hybrid mice 	m	9–177		m	y	y	n	y	Isoflurane				Bruker BioSpin	9.4		SE-EPI	2500	18.398	0.15×0.180	o.210	https://www.ncbi.nlm.nih.gov/pmc/articles/PMC7718219/	https://openneuro.org/datasets/ds002307/versions/3.2.167
		fslchpixdim	3003	300306		3		3	mouse	F1 C6/129P	B6129PF/J1 hybrid mice 	m	9–178		m	y	y	n	y	Isoflurane				Bruker BioSpin	9.4		SE-EPI	2500	18.398	0.15×0.181	o.211	https://www.ncbi.nlm.nih.gov/pmc/articles/PMC7718219/	https://openneuro.org/datasets/ds002307/versions/3.2.168
		fslchpixdim	3003	300306		3		4	mouse	F1 C6/129P	B6129PF/J1 hybrid mice 	m	9–179		m	y	y	n	y	Isoflurane				Bruker BioSpin	9.4		SE-EPI	2500	18.398	0.15×0.182	o.212	https://www.ncbi.nlm.nih.gov/pmc/articles/PMC7718219/	https://openneuro.org/datasets/ds002307/versions/3.2.169
		fslchpixdim	3003	300306		4	4	1	mouse	F1 C6/129P	B6129PF/J1 hybrid mice 	m	9–180		m	y	y	n	y	Isoflurane				Bruker BioSpin	9.4		SE-EPI	2500	18.398	0.15×0.183	o.213	https://www.ncbi.nlm.nih.gov/pmc/articles/PMC7718219/	https://openneuro.org/datasets/ds002307/versions/3.2.170
		fslchpixdim	3003	300306		4		2	mouse	F1 C6/129P	B6129PF/J1 hybrid mice 	m	9–181		m	y	y	n	y	Isoflurane				Bruker BioSpin	9.4		SE-EPI	2500	18.398	0.15×0.184	o.214	https://www.ncbi.nlm.nih.gov/pmc/articles/PMC7718219/	https://openneuro.org/datasets/ds002307/versions/3.2.171
		fslchpixdim	3003	300306		4		3	mouse	F1 C6/129P	B6129PF/J1 hybrid mice 	m	9–182		m	y	y	n	y	Isoflurane				Bruker BioSpin	9.4		SE-EPI	2500	18.398	0.15×0.185	o.215	https://www.ncbi.nlm.nih.gov/pmc/articles/PMC7718219/	https://openneuro.org/datasets/ds002307/versions/3.2.172
		fslchpixdim	3003	300306		4		4	mouse	F1 C6/129P	B6129PF/J1 hybrid mice 	m	9–183		m	y	y	n	y	Isoflurane				Bruker BioSpin	9.4		SE-EPI	2500	18.398	0.15×0.186	o.216	https://www.ncbi.nlm.nih.gov/pmc/articles/PMC7718219/	https://openneuro.org/datasets/ds002307/versions/3.2.173
		fslchpixdim	3003	300306		5	5	1	mouse	F1 C6/129P	B6129PF/J1 hybrid mice 	m	9–184		m	y	y	n	y	Isoflurane				Bruker BioSpin	9.4		SE-EPI	2500	18.398	0.15×0.187	o.217	https://www.ncbi.nlm.nih.gov/pmc/articles/PMC7718219/	https://openneuro.org/datasets/ds002307/versions/3.2.174
		fslchpixdim	3003	300306		5		2	mouse	F1 C6/129P	B6129PF/J1 hybrid mice 	m	9–185		m	y	y	n	y	Isoflurane				Bruker BioSpin	9.4		SE-EPI	2500	18.398	0.15×0.188	o.218	https://www.ncbi.nlm.nih.gov/pmc/articles/PMC7718219/	https://openneuro.org/datasets/ds002307/versions/3.2.175
		fslchpixdim	3003	300306		5		3	mouse	F1 C6/129P	B6129PF/J1 hybrid mice 	m	9–186		m	y	y	n	y	Isoflurane				Bruker BioSpin	9.4		SE-EPI	2500	18.398	0.15×0.189	o.219	https://www.ncbi.nlm.nih.gov/pmc/articles/PMC7718219/	https://openneuro.org/datasets/ds002307/versions/3.2.176
		fslchpixdim	3003	300306		5		4	mouse	F1 C6/129P	B6129PF/J1 hybrid mice 	m	9–187		m	y	y	n	y	Isoflurane				Bruker BioSpin	9.4		SE-EPI	2500	18.398	0.15×0.190	o.220	https://www.ncbi.nlm.nih.gov/pmc/articles/PMC7718219/	https://openneuro.org/datasets/ds002307/versions/3.2.177
		fslchpixdim	3003	300306		6	6	1	mouse	F1 C6/129P	B6129PF/J1 hybrid mice 	m	9–188		m	y	y	n	y	Isoflurane				Bruker BioSpin	9.4		SE-EPI	2500	18.398	0.15×0.191	o.221	https://www.ncbi.nlm.nih.gov/pmc/articles/PMC7718219/	https://openneuro.org/datasets/ds002307/versions/3.2.178
		fslchpixdim	3003	300306		6		2	mouse	F1 C6/129P	B6129PF/J1 hybrid mice 	m	9–189		m	y	y	n	y	Isoflurane				Bruker BioSpin	9.4		SE-EPI	2500	18.398	0.15×0.192	o.222	https://www.ncbi.nlm.nih.gov/pmc/articles/PMC7718219/	https://openneuro.org/datasets/ds002307/versions/3.2.179
		fslchpixdim	3003	300306		6		3	mouse	F1 C6/129P	B6129PF/J1 hybrid mice 	m	9–190		m	y	y	n	y	Isoflurane				Bruker BioSpin	9.4		SE-EPI	2500	18.398	0.15×0.193	o.223	https://www.ncbi.nlm.nih.gov/pmc/articles/PMC7718219/	https://openneuro.org/datasets/ds002307/versions/3.2.180
		fslchpixdim	3003	300306		6		4	mouse	F1 C6/129P	B6129PF/J1 hybrid mice 	m	9–191		m	y	y	n	y	Isoflurane				Bruker BioSpin	9.4		SE-EPI	2500	18.398	0.15×0.194	o.224	https://www.ncbi.nlm.nih.gov/pmc/articles/PMC7718219/	https://openneuro.org/datasets/ds002307/versions/3.2.181
		fslchpixdim	3003	300306		7	7	1	mouse	F1 C6/129P	B6129PF/J1 hybrid mice 	m	9–192		m	y	y	n	y	Isoflurane				Bruker BioSpin	9.4		SE-EPI	2500	18.398	0.15×0.195	o.225	https://www.ncbi.nlm.nih.gov/pmc/articles/PMC7718219/	https://openneuro.org/datasets/ds002307/versions/3.2.182
		fslchpixdim	3003	300306		7		2	mouse	F1 C6/129P	B6129PF/J1 hybrid mice 	m	9–193		m	y	y	n	y	Isoflurane				Bruker BioSpin	9.4		SE-EPI	2500	18.398	0.15×0.196	o.226	https://www.ncbi.nlm.nih.gov/pmc/articles/PMC7718219/	https://openneuro.org/datasets/ds002307/versions/3.2.183
		fslchpixdim	3003	300306		7		3	mouse	F1 C6/129P	B6129PF/J1 hybrid mice 	m	9–194		m	y	y	n	y	Isoflurane				Bruker BioSpin	9.4		SE-EPI	2500	18.398	0.15×0.197	o.227	https://www.ncbi.nlm.nih.gov/pmc/articles/PMC7718219/	https://openneuro.org/datasets/ds002307/versions/3.2.184
		fslchpixdim	3003	300306		7		4	mouse	F1 C6/129P	B6129PF/J1 hybrid mice 	m	9–195		m	y	y	n	y	Isoflurane				Bruker BioSpin	9.4		SE-EPI	2500	18.398	0.15×0.198	o.228	https://www.ncbi.nlm.nih.gov/pmc/articles/PMC7718219/	https://openneuro.org/datasets/ds002307/versions/3.2.185
		fslchpixdim	3003	300307	Ey144	1	1	1	mouse	F1 C6/129P	B6129PF/J1 hybrid mice 	m	9–196		m	y	y	n	y	Isoflurane				Bruker BioSpin	9.4		SE-EPI	2500	18.398	0.15×0.199	o.229	https://www.ncbi.nlm.nih.gov/pmc/articles/PMC7718219/	https://openneuro.org/datasets/ds002307/versions/3.2.186
		fslchpixdim	3003	300307		1		2	mouse	F1 C6/129P	B6129PF/J1 hybrid mice 	m	9–197		m	y	y	n	y	Isoflurane				Bruker BioSpin	9.4		SE-EPI	2500	18.398	0.15×0.200	o.230	https://www.ncbi.nlm.nih.gov/pmc/articles/PMC7718219/	https://openneuro.org/datasets/ds002307/versions/3.2.187
		fslchpixdim	3003	300307		1		3	mouse	F1 C6/129P	B6129PF/J1 hybrid mice 	m	9–198		m	y	y	n	y	Isoflurane				Bruker BioSpin	9.4		SE-EPI	2500	18.398	0.15×0.201	o.231	https://www.ncbi.nlm.nih.gov/pmc/articles/PMC7718219/	https://openneuro.org/datasets/ds002307/versions/3.2.188
		fslchpixdim	3003	300307		1		4	mouse	F1 C6/129P	B6129PF/J1 hybrid mice 	m	9–199		m	y	y	n	y	Isoflurane				Bruker BioSpin	9.4		SE-EPI	2500	18.398	0.15×0.202	o.232	https://www.ncbi.nlm.nih.gov/pmc/articles/PMC7718219/	https://openneuro.org/datasets/ds002307/versions/3.2.189
		fslchpixdim	3003	300307		2	2	1	mouse	F1 C6/129P	B6129PF/J1 hybrid mice 	m	9–200		m	y	y	n	y	Isoflurane				Bruker BioSpin	9.4		SE-EPI	2500	18.398	0.15×0.203	o.233	https://www.ncbi.nlm.nih.gov/pmc/articles/PMC7718219/	https://openneuro.org/datasets/ds002307/versions/3.2.190
		fslchpixdim	3003	300307		2		2	mouse	F1 C6/129P	B6129PF/J1 hybrid mice 	m	9–201		m	y	y	n	y	Isoflurane				Bruker BioSpin	9.4		SE-EPI	2500	18.398	0.15×0.204	o.234	https://www.ncbi.nlm.nih.gov/pmc/articles/PMC7718219/	https://openneuro.org/datasets/ds002307/versions/3.2.191
		fslchpixdim	3003	300307		2		3	mouse	F1 C6/129P	B6129PF/J1 hybrid mice 	m	9–202		m	y	y	n	y	Isoflurane				Bruker BioSpin	9.4		SE-EPI	2500	18.398	0.15×0.205	o.235	https://www.ncbi.nlm.nih.gov/pmc/articles/PMC7718219/	https://openneuro.org/datasets/ds002307/versions/3.2.192
		fslchpixdim	3003	300307		2		4	mouse	F1 C6/129P	B6129PF/J1 hybrid mice 	m	9–203		m	y	y	n	y	Isoflurane				Bruker BioSpin	9.4		SE-EPI	2500	18.398	0.15×0.206	o.236	https://www.ncbi.nlm.nih.gov/pmc/articles/PMC7718219/	https://openneuro.org/datasets/ds002307/versions/3.2.193
		fslchpixdim	3003	300307		3	3	1	mouse	F1 C6/129P	B6129PF/J1 hybrid mice 	m	9–204		m	y	y	n	y	Isoflurane				Bruker BioSpin	9.4		SE-EPI	2500	18.398	0.15×0.207	o.237	https://www.ncbi.nlm.nih.gov/pmc/articles/PMC7718219/	https://openneuro.org/datasets/ds002307/versions/3.2.194
		fslchpixdim	3003	300307		3		2	mouse	F1 C6/129P	B6129PF/J1 hybrid mice 	m	9–205		m	y	y	n	y	Isoflurane				Bruker BioSpin	9.4		SE-EPI	2500	18.398	0.15×0.208	o.238	https://www.ncbi.nlm.nih.gov/pmc/articles/PMC7718219/	https://openneuro.org/datasets/ds002307/versions/3.2.195
		fslchpixdim	3003	300307		3		3	mouse	F1 C6/129P	B6129PF/J1 hybrid mice 	m	9–206		m	y	y	n	y	Isoflurane				Bruker BioSpin	9.4		SE-EPI	2500	18.398	0.15×0.209	o.239	https://www.ncbi.nlm.nih.gov/pmc/articles/PMC7718219/	https://openneuro.org/datasets/ds002307/versions/3.2.196
		fslchpixdim	3003	300307		3		4	mouse	F1 C6/129P	B6129PF/J1 hybrid mice 	m	9–207		m	y	y	n	y	Isoflurane				Bruker BioSpin	9.4		SE-EPI	2500	18.398	0.15×0.210	o.240	https://www.ncbi.nlm.nih.gov/pmc/articles/PMC7718219/	https://openneuro.org/datasets/ds002307/versions/3.2.197
		fslchpixdim	3003	300307		4	4	1	mouse	F1 C6/129P	B6129PF/J1 hybrid mice 	m	9–208		m	y	y	n	y	Isoflurane				Bruker BioSpin	9.4		SE-EPI	2500	18.398	0.15×0.211	o.241	https://www.ncbi.nlm.nih.gov/pmc/articles/PMC7718219/	https://openneuro.org/datasets/ds002307/versions/3.2.198
		fslchpixdim	3003	300307		4		2	mouse	F1 C6/129P	B6129PF/J1 hybrid mice 	m	9–209		m	y	y	n	y	Isoflurane				Bruker BioSpin	9.4		SE-EPI	2500	18.398	0.15×0.212	o.242	https://www.ncbi.nlm.nih.gov/pmc/articles/PMC7718219/	https://openneuro.org/datasets/ds002307/versions/3.2.199
		fslchpixdim	3003	300307		4		3	mouse	F1 C6/129P	B6129PF/J1 hybrid mice 	m	9–210		m	y	y	n	y	Isoflurane				Bruker BioSpin	9.4		SE-EPI	2500	18.398	0.15×0.213	o.243	https://www.ncbi.nlm.nih.gov/pmc/articles/PMC7718219/	https://openneuro.org/datasets/ds002307/versions/3.2.200
		fslchpixdim	3003	300307		4		4	mouse	F1 C6/129P	B6129PF/J1 hybrid mice 	m	9–211		m	y	y	n	y	Isoflurane				Bruker BioSpin	9.4		SE-EPI	2500	18.398	0.15×0.214	o.244	https://www.ncbi.nlm.nih.gov/pmc/articles/PMC7718219/	https://openneuro.org/datasets/ds002307/versions/3.2.201
		fslchpixdim	3003	300308	Ey145	1	1	1	mouse	F1 C6/129P	B6129PF/J1 hybrid mice 	m	9–212		m	y	y	n	y	Isoflurane				Bruker BioSpin	9.4		SE-EPI	2500	18.398	0.15×0.215	o.245	https://www.ncbi.nlm.nih.gov/pmc/articles/PMC7718219/	https://openneuro.org/datasets/ds002307/versions/3.2.202
		fslchpixdim	3003	300308		1		2	mouse	F1 C6/129P	B6129PF/J1 hybrid mice 	m	9–213		m	y	y	n	y	Isoflurane				Bruker BioSpin	9.4		SE-EPI	2500	18.398	0.15×0.216	o.246	https://www.ncbi.nlm.nih.gov/pmc/articles/PMC7718219/	https://openneuro.org/datasets/ds002307/versions/3.2.203
		fslchpixdim	3003	300308		1		3	mouse	F1 C6/129P	B6129PF/J1 hybrid mice 	m	9–214		m	y	y	n	y	Isoflurane				Bruker BioSpin	9.4		SE-EPI	2500	18.398	0.15×0.217	o.247	https://www.ncbi.nlm.nih.gov/pmc/articles/PMC7718219/	https://openneuro.org/datasets/ds002307/versions/3.2.204
		fslchpixdim	3003	300308		1		4	mouse	F1 C6/129P	B6129PF/J1 hybrid mice 	m	9–215		m	y	y	n	y	Isoflurane				Bruker BioSpin	9.4		SE-EPI	2500	18.398	0.15×0.218	o.248	https://www.ncbi.nlm.nih.gov/pmc/articles/PMC7718219/	https://openneuro.org/datasets/ds002307/versions/3.2.205
		fslchpixdim	3003	300308		2	2	1	mouse	F1 C6/129P	B6129PF/J1 hybrid mice 	m	9–216		m	y	y	n	y	Isoflurane				Bruker BioSpin	9.4		SE-EPI	2500	18.398	0.15×0.219	o.249	https://www.ncbi.nlm.nih.gov/pmc/articles/PMC7718219/	https://openneuro.org/datasets/ds002307/versions/3.2.206
		fslchpixdim	3003	300308		2		2	mouse	F1 C6/129P	B6129PF/J1 hybrid mice 	m	9–217		m	y	y	n	y	Isoflurane				Bruker BioSpin	9.4		SE-EPI	2500	18.398	0.15×0.220	o.250	https://www.ncbi.nlm.nih.gov/pmc/articles/PMC7718219/	https://openneuro.org/datasets/ds002307/versions/3.2.207
		fslchpixdim	3003	300308		2		3	mouse	F1 C6/129P	B6129PF/J1 hybrid mice 	m	9–218		m	y	y	n	y	Isoflurane				Bruker BioSpin	9.4		SE-EPI	2500	18.398	0.15×0.221	o.251	https://www.ncbi.nlm.nih.gov/pmc/articles/PMC7718219/	https://openneuro.org/datasets/ds002307/versions/3.2.208
		fslchpixdim	3003	300308		2		4	mouse	F1 C6/129P	B6129PF/J1 hybrid mice 	m	9–219		m	y	y	n	y	Isoflurane				Bruker BioSpin	9.4		SE-EPI	2500	18.398	0.15×0.222	o.252	https://www.ncbi.nlm.nih.gov/pmc/articles/PMC7718219/	https://openneuro.org/datasets/ds002307/versions/3.2.209
		fslchpixdim	3003	300308		3	3	1	mouse	F1 C6/129P	B6129PF/J1 hybrid mice 	m	9–220		m	y	y	n	y	Isoflurane				Bruker BioSpin	9.4		SE-EPI	2500	18.398	0.15×0.223	o.253	https://www.ncbi.nlm.nih.gov/pmc/articles/PMC7718219/	https://openneuro.org/datasets/ds002307/versions/3.2.210
		fslchpixdim	3003	300308		3		2	mouse	F1 C6/129P	B6129PF/J1 hybrid mice 	m	9–221		m	y	y	n	y	Isoflurane				Bruker BioSpin	9.4		SE-EPI	2500	18.398	0.15×0.224	o.254	https://www.ncbi.nlm.nih.gov/pmc/articles/PMC7718219/	https://openneuro.org/datasets/ds002307/versions/3.2.211
		fslchpixdim	3003	300308		3		3	mouse	F1 C6/129P	B6129PF/J1 hybrid mice 	m	9–222		m	y	y	n	y	Isoflurane				Bruker BioSpin	9.4		SE-EPI	2500	18.398	0.15×0.225	o.255	https://www.ncbi.nlm.nih.gov/pmc/articles/PMC7718219/	https://openneuro.org/datasets/ds002307/versions/3.2.212
		fslchpixdim	3003	300308		3		4	mouse	F1 C6/129P	B6129PF/J1 hybrid mice 	m	9–223		m	y	y	n	y	Isoflurane				Bruker BioSpin	9.4		SE-EPI	2500	18.398	0.15×0.226	o.256	https://www.ncbi.nlm.nih.gov/pmc/articles/PMC7718219/	https://openneuro.org/datasets/ds002307/versions/3.2.213
		fslchpixdim	3003	300308		4	4	1	mouse	F1 C6/129P	B6129PF/J1 hybrid mice 	m	9–224		m	y	y	n	y	Isoflurane				Bruker BioSpin	9.4		SE-EPI	2500	18.398	0.15×0.227	o.257	https://www.ncbi.nlm.nih.gov/pmc/articles/PMC7718219/	https://openneuro.org/datasets/ds002307/versions/3.2.214
		fslchpixdim	3003	300308		4		2	mouse	F1 C6/129P	B6129PF/J1 hybrid mice 	m	9–225		m	y	y	n	y	Isoflurane				Bruker BioSpin	9.4		SE-EPI	2500	18.398	0.15×0.228	o.258	https://www.ncbi.nlm.nih.gov/pmc/articles/PMC7718219/	https://openneuro.org/datasets/ds002307/versions/3.2.215
		fslchpixdim	3003	300308		4		3	mouse	F1 C6/129P	B6129PF/J1 hybrid mice 	m	9–226		m	y	y	n	y	Isoflurane				Bruker BioSpin	9.4		SE-EPI	2500	18.398	0.15×0.229	o.259	https://www.ncbi.nlm.nih.gov/pmc/articles/PMC7718219/	https://openneuro.org/datasets/ds002307/versions/3.2.216
		fslchpixdim	3003	300308		4		4	mouse	F1 C6/129P	B6129PF/J1 hybrid mice 	m	9–227		m	y	y	n	y	Isoflurane				Bruker BioSpin	9.4		SE-EPI	2500	18.398	0.15×0.230	o.260	https://www.ncbi.nlm.nih.gov/pmc/articles/PMC7718219/	https://openneuro.org/datasets/ds002307/versions/3.2.217
		fslchpixdim	3003	300308		5	5	1	mouse	F1 C6/129P	B6129PF/J1 hybrid mice 	m	9–228		m	y	y	n	y	Isoflurane				Bruker BioSpin	9.4		SE-EPI	2500	18.398	0.15×0.231	o.261	https://www.ncbi.nlm.nih.gov/pmc/articles/PMC7718219/	https://openneuro.org/datasets/ds002307/versions/3.2.218
		fslchpixdim	3003	300308		5		2	mouse	F1 C6/129P	B6129PF/J1 hybrid mice 	m	9–229		m	y	y	n	y	Isoflurane				Bruker BioSpin	9.4		SE-EPI	2500	18.398	0.15×0.232	o.262	https://www.ncbi.nlm.nih.gov/pmc/articles/PMC7718219/	https://openneuro.org/datasets/ds002307/versions/3.2.219
		fslchpixdim	3003	300308		5		3	mouse	F1 C6/129P	B6129PF/J1 hybrid mice 	m	9–230		m	y	y	n	y	Isoflurane				Bruker BioSpin	9.4		SE-EPI	2500	18.398	0.15×0.233	o.263	https://www.ncbi.nlm.nih.gov/pmc/articles/PMC7718219/	https://openneuro.org/datasets/ds002307/versions/3.2.220
		fslchpixdim	3003	300308		5		4	mouse	F1 C6/129P	B6129PF/J1 hybrid mice 	m	9–231		m	y	y	n	y	Isoflurane				Bruker BioSpin	9.4		SE-EPI	2500	18.398	0.15×0.234	o.264	https://www.ncbi.nlm.nih.gov/pmc/articles/PMC7718219/	https://openneuro.org/datasets/ds002307/versions/3.2.221
		fslchpixdim	3003	300308		6	6	1	mouse	F1 C6/129P	B6129PF/J1 hybrid mice 	m	9–232		m	y	y	n	y	Isoflurane				Bruker BioSpin	9.4		SE-EPI	2500	18.398	0.15×0.235	o.265	https://www.ncbi.nlm.nih.gov/pmc/articles/PMC7718219/	https://openneuro.org/datasets/ds002307/versions/3.2.222
		fslchpixdim	3003	300308		6		2	mouse	F1 C6/129P	B6129PF/J1 hybrid mice 	m	9–233		m	y	y	n	y	Isoflurane				Bruker BioSpin	9.4		SE-EPI	2500	18.398	0.15×0.236	o.266	https://www.ncbi.nlm.nih.gov/pmc/articles/PMC7718219/	https://openneuro.org/datasets/ds002307/versions/3.2.223
		fslchpixdim	3003	300308		6		3	mouse	F1 C6/129P	B6129PF/J1 hybrid mice 	m	9–234		m	y	y	n	y	Isoflurane				Bruker BioSpin	9.4		SE-EPI	2500	18.398	0.15×0.237	o.267	https://www.ncbi.nlm.nih.gov/pmc/articles/PMC7718219/	https://openneuro.org/datasets/ds002307/versions/3.2.224
		fslchpixdim	3003	300308		6		4	mouse	F1 C6/129P	B6129PF/J1 hybrid mice 	m	9–235		m	y	y	n	y	Isoflurane				Bruker BioSpin	9.4		SE-EPI	2500	18.398	0.15×0.238	o.268	https://www.ncbi.nlm.nih.gov/pmc/articles/PMC7718219/	https://openneuro.org/datasets/ds002307/versions/3.2.225
		fslchpixdim	3003	300308		7	7	1	mouse	F1 C6/129P	B6129PF/J1 hybrid mice 	m	9–236		m	y	y	n	y	Isoflurane				Bruker BioSpin	9.4		SE-EPI	2500	18.398	0.15×0.239	o.269	https://www.ncbi.nlm.nih.gov/pmc/articles/PMC7718219/	https://openneuro.org/datasets/ds002307/versions/3.2.226
		fslchpixdim	3003	300308		7		2	mouse	F1 C6/129P	B6129PF/J1 hybrid mice 	m	9–237		m	y	y	n	y	Isoflurane				Bruker BioSpin	9.4		SE-EPI	2500	18.398	0.15×0.240	o.270	https://www.ncbi.nlm.nih.gov/pmc/articles/PMC7718219/	https://openneuro.org/datasets/ds002307/versions/3.2.227
		fslchpixdim	3003	300308		7		3	mouse	F1 C6/129P	B6129PF/J1 hybrid mice 	m	9–238		m	y	y	n	y	Isoflurane				Bruker BioSpin	9.4		SE-EPI	2500	18.398	0.15×0.241	o.271	https://www.ncbi.nlm.nih.gov/pmc/articles/PMC7718219/	https://openneuro.org/datasets/ds002307/versions/3.2.228
		fslchpixdim	3003	300308		7		4	mouse	F1 C6/129P	B6129PF/J1 hybrid mice 	m	9–239		m	y	y	n	y	Isoflurane				Bruker BioSpin	9.4		SE-EPI	2500	18.398	0.15×0.242	o.272	https://www.ncbi.nlm.nih.gov/pmc/articles/PMC7718219/	https://openneuro.org/datasets/ds002307/versions/3.2.229
		fslchpixdim	3003	300309	Ey146	1	1	1	mouse	F1 C6/129P	B6129PF/J1 hybrid mice 	m	9–240		m	y	y	n	y	Isoflurane				Bruker BioSpin	9.4		SE-EPI	2500	18.398	0.15×0.243	o.273	https://www.ncbi.nlm.nih.gov/pmc/articles/PMC7718219/	https://openneuro.org/datasets/ds002307/versions/3.2.230
		fslchpixdim	3003	300309		1		2	mouse	F1 C6/129P	B6129PF/J1 hybrid mice 	m	9–241		m	y	y	n	y	Isoflurane				Bruker BioSpin	9.4		SE-EPI	2500	18.398	0.15×0.244	o.274	https://www.ncbi.nlm.nih.gov/pmc/articles/PMC7718219/	https://openneuro.org/datasets/ds002307/versions/3.2.231
		fslchpixdim	3003	300309		1		3	mouse	F1 C6/129P	B6129PF/J1 hybrid mice 	m	9–242		m	y	y	n	y	Isoflurane				Bruker BioSpin	9.4		SE-EPI	2500	18.398	0.15×0.245	o.275	https://www.ncbi.nlm.nih.gov/pmc/articles/PMC7718219/	https://openneuro.org/datasets/ds002307/versions/3.2.232
		fslchpixdim	3003	300309		1		4	mouse	F1 C6/129P	B6129PF/J1 hybrid mice 	m	9–243		m	y	y	n	y	Isoflurane				Bruker BioSpin	9.4		SE-EPI	2500	18.398	0.15×0.246	o.276	https://www.ncbi.nlm.nih.gov/pmc/articles/PMC7718219/	https://openneuro.org/datasets/ds002307/versions/3.2.233
		fslchpixdim	3003	300309		2	2	1	mouse	F1 C6/129P	B6129PF/J1 hybrid mice 	m	9–244		m	y	y	n	y	Isoflurane				Bruker BioSpin	9.4		SE-EPI	2500	18.398	0.15×0.247	o.277	https://www.ncbi.nlm.nih.gov/pmc/articles/PMC7718219/	https://openneuro.org/datasets/ds002307/versions/3.2.234
		fslchpixdim	3003	300309		2		2	mouse	F1 C6/129P	B6129PF/J1 hybrid mice 	m	9–245		m	y	y	n	y	Isoflurane				Bruker BioSpin	9.4		SE-EPI	2500	18.398	0.15×0.248	o.278	https://www.ncbi.nlm.nih.gov/pmc/articles/PMC7718219/	https://openneuro.org/datasets/ds002307/versions/3.2.235
		fslchpixdim	3003	300309		2		3	mouse	F1 C6/129P	B6129PF/J1 hybrid mice 	m	9–246		m	y	y	n	y	Isoflurane				Bruker BioSpin	9.4		SE-EPI	2500	18.398	0.15×0.249	o.279	https://www.ncbi.nlm.nih.gov/pmc/articles/PMC7718219/	https://openneuro.org/datasets/ds002307/versions/3.2.236
		fslchpixdim	3003	300309		2		4	mouse	F1 C6/129P	B6129PF/J1 hybrid mice 	m	9–247		m	y	y	n	y	Isoflurane				Bruker BioSpin	9.4		SE-EPI	2500	18.398	0.15×0.250	o.280	https://www.ncbi.nlm.nih.gov/pmc/articles/PMC7718219/	https://openneuro.org/datasets/ds002307/versions/3.2.237
		fslchpixdim	3003	300309		3	3	1	mouse	F1 C6/129P	B6129PF/J1 hybrid mice 	m	9–248		m	y	y	n	y	Isoflurane				Bruker BioSpin	9.4		SE-EPI	2500	18.398	0.15×0.251	o.281	https://www.ncbi.nlm.nih.gov/pmc/articles/PMC7718219/	https://openneuro.org/datasets/ds002307/versions/3.2.238
		fslchpixdim	3003	300309		3		2	mouse	F1 C6/129P	B6129PF/J1 hybrid mice 	m	9–249		m	y	y	n	y	Isoflurane				Bruker BioSpin	9.4		SE-EPI	2500	18.398	0.15×0.252	o.282	https://www.ncbi.nlm.nih.gov/pmc/articles/PMC7718219/	https://openneuro.org/datasets/ds002307/versions/3.2.239
		fslchpixdim	3003	300309		3		3	mouse	F1 C6/129P	B6129PF/J1 hybrid mice 	m	9–250		m	y	y	n	y	Isoflurane				Bruker BioSpin	9.4		SE-EPI	2500	18.398	0.15×0.253	o.283	https://www.ncbi.nlm.nih.gov/pmc/articles/PMC7718219/	https://openneuro.org/datasets/ds002307/versions/3.2.240
		fslchpixdim	3003	300309		3		4	mouse	F1 C6/129P	B6129PF/J1 hybrid mice 	m	9–251		m	y	y	n	y	Isoflurane				Bruker BioSpin	9.4		SE-EPI	2500	18.398	0.15×0.254	o.284	https://www.ncbi.nlm.nih.gov/pmc/articles/PMC7718219/	https://openneuro.org/datasets/ds002307/versions/3.2.241
		fslchpixdim	3003	300309		4	4	1	mouse	F1 C6/129P	B6129PF/J1 hybrid mice 	m	9–252		m	y	y	n	y	Isoflurane				Bruker BioSpin	9.4		SE-EPI	2500	18.398	0.15×0.255	o.285	https://www.ncbi.nlm.nih.gov/pmc/articles/PMC7718219/	https://openneuro.org/datasets/ds002307/versions/3.2.242
		fslchpixdim	3003	300309		4		2	mouse	F1 C6/129P	B6129PF/J1 hybrid mice 	m	9–253		m	y	y	n	y	Isoflurane				Bruker BioSpin	9.4		SE-EPI	2500	18.398	0.15×0.256	o.286	https://www.ncbi.nlm.nih.gov/pmc/articles/PMC7718219/	https://openneuro.org/datasets/ds002307/versions/3.2.243
		fslchpixdim	3003	300309		4		3	mouse	F1 C6/129P	B6129PF/J1 hybrid mice 	m	9–254		m	y	y	n	y	Isoflurane				Bruker BioSpin	9.4		SE-EPI	2500	18.398	0.15×0.257	o.287	https://www.ncbi.nlm.nih.gov/pmc/articles/PMC7718219/	https://openneuro.org/datasets/ds002307/versions/3.2.244
		fslchpixdim	3003	300309		4		4	mouse	F1 C6/129P	B6129PF/J1 hybrid mice 	m	9–255		m	y	y	n	y	Isoflurane				Bruker BioSpin	9.4		SE-EPI	2500	18.398	0.15×0.258	o.288	https://www.ncbi.nlm.nih.gov/pmc/articles/PMC7718219/	https://openneuro.org/datasets/ds002307/versions/3.2.245
		fslchpixdim	3003	300309		5	5	1	mouse	F1 C6/129P	B6129PF/J1 hybrid mice 	m	9–256		m	y	y	n	y	Isoflurane				Bruker BioSpin	9.4		SE-EPI	2500	18.398	0.15×0.259	o.289	https://www.ncbi.nlm.nih.gov/pmc/articles/PMC7718219/	https://openneuro.org/datasets/ds002307/versions/3.2.246
		fslchpixdim	3003	300309		5		2	mouse	F1 C6/129P	B6129PF/J1 hybrid mice 	m	9–257		m	y	y	n	y	Isoflurane				Bruker BioSpin	9.4		SE-EPI	2500	18.398	0.15×0.260	o.290	https://www.ncbi.nlm.nih.gov/pmc/articles/PMC7718219/	https://openneuro.org/datasets/ds002307/versions/3.2.247
		fslchpixdim	3003	300309		5		3	mouse	F1 C6/129P	B6129PF/J1 hybrid mice 	m	9–258		m	y	y	n	y	Isoflurane				Bruker BioSpin	9.4		SE-EPI	2500	18.398	0.15×0.261	o.291	https://www.ncbi.nlm.nih.gov/pmc/articles/PMC7718219/	https://openneuro.org/datasets/ds002307/versions/3.2.248
		fslchpixdim	3003	300309		5		4	mouse	F1 C6/129P	B6129PF/J1 hybrid mice 	m	9–259		m	y	y	n	y	Isoflurane				Bruker BioSpin	9.4		SE-EPI	2500	18.398	0.15×0.262	o.292	https://www.ncbi.nlm.nih.gov/pmc/articles/PMC7718219/	https://openneuro.org/datasets/ds002307/versions/3.2.249
		fslchpixdim	3003	300309		6	6	1	mouse	F1 C6/129P	B6129PF/J1 hybrid mice 	m	9–260		m	y	y	n	y	Isoflurane				Bruker BioSpin	9.4		SE-EPI	2500	18.398	0.15×0.263	o.293	https://www.ncbi.nlm.nih.gov/pmc/articles/PMC7718219/	https://openneuro.org/datasets/ds002307/versions/3.2.250
		fslchpixdim	3003	300309		6		2	mouse	F1 C6/129P	B6129PF/J1 hybrid mice 	m	9–261		m	y	y	n	y	Isoflurane				Bruker BioSpin	9.4		SE-EPI	2500	18.398	0.15×0.264	o.294	https://www.ncbi.nlm.nih.gov/pmc/articles/PMC7718219/	https://openneuro.org/datasets/ds002307/versions/3.2.251
		fslchpixdim	3003	300309		6		3	mouse	F1 C6/129P	B6129PF/J1 hybrid mice 	m	9–262		m	y	y	n	y	Isoflurane				Bruker BioSpin	9.4		SE-EPI	2500	18.398	0.15×0.265	o.295	https://www.ncbi.nlm.nih.gov/pmc/articles/PMC7718219/	https://openneuro.org/datasets/ds002307/versions/3.2.252
		fslchpixdim	3003	300309		6		4	mouse	F1 C6/129P	B6129PF/J1 hybrid mice 	m	9–263		m	y	y	n	y	Isoflurane				Bruker BioSpin	9.4		SE-EPI	2500	18.398	0.15×0.266	o.296	https://www.ncbi.nlm.nih.gov/pmc/articles/PMC7718219/	https://openneuro.org/datasets/ds002307/versions/3.2.253
		fslchpixdim	3003	300310	EY153	1	1	1	mouse	F1 C6/129P	B6129PF/J1 hybrid mice 	m	9–264		m	y	y	n	y	Isoflurane				Bruker BioSpin	9.4		SE-EPI	2500	18.398	0.15×0.267	o.297	https://www.ncbi.nlm.nih.gov/pmc/articles/PMC7718219/	https://openneuro.org/datasets/ds002307/versions/3.2.254
		fslchpixdim	3003	300310		1		2	mouse	F1 C6/129P	B6129PF/J1 hybrid mice 	m	9–265		m	y	y	n	y	Isoflurane				Bruker BioSpin	9.4		SE-EPI	2500	18.398	0.15×0.268	o.298	https://www.ncbi.nlm.nih.gov/pmc/articles/PMC7718219/	https://openneuro.org/datasets/ds002307/versions/3.2.255
		fslchpixdim	3003	300310		1		3	mouse	F1 C6/129P	B6129PF/J1 hybrid mice 	m	9–266		m	y	y	n	y	Isoflurane				Bruker BioSpin	9.4		SE-EPI	2500	18.398	0.15×0.269	o.299	https://www.ncbi.nlm.nih.gov/pmc/articles/PMC7718219/	https://openneuro.org/datasets/ds002307/versions/3.2.256
		fslchpixdim	3003	300310		1		4	mouse	F1 C6/129P	B6129PF/J1 hybrid mice 	m	9–267		m	y	y	n	y	Isoflurane				Bruker BioSpin	9.4		SE-EPI	2500	18.398	0.15×0.270	o.300	https://www.ncbi.nlm.nih.gov/pmc/articles/PMC7718219/	https://openneuro.org/datasets/ds002307/versions/3.2.257
		fslchpixdim	3003	300310		2	2	1	mouse	F1 C6/129P	B6129PF/J1 hybrid mice 	m	9–268		m	y	y	n	y	Isoflurane				Bruker BioSpin	9.4		SE-EPI	2500	18.398	0.15×0.271	o.301	https://www.ncbi.nlm.nih.gov/pmc/articles/PMC7718219/	https://openneuro.org/datasets/ds002307/versions/3.2.258
		fslchpixdim	3003	300310		2		2	mouse	F1 C6/129P	B6129PF/J1 hybrid mice 	m	9–269		m	y	y	n	y	Isoflurane				Bruker BioSpin	9.4		SE-EPI	2500	18.398	0.15×0.272	o.302	https://www.ncbi.nlm.nih.gov/pmc/articles/PMC7718219/	https://openneuro.org/datasets/ds002307/versions/3.2.259
		fslchpixdim	3003	300310		2		3	mouse	F1 C6/129P	B6129PF/J1 hybrid mice 	m	9–270		m	y	y	n	y	Isoflurane				Bruker BioSpin	9.4		SE-EPI	2500	18.398	0.15×0.273	o.303	https://www.ncbi.nlm.nih.gov/pmc/articles/PMC7718219/	https://openneuro.org/datasets/ds002307/versions/3.2.260
		fslchpixdim	3003	300310		2		4	mouse	F1 C6/129P	B6129PF/J1 hybrid mice 	m	9–271		m	y	y	n	y	Isoflurane				Bruker BioSpin	9.4		SE-EPI	2500	18.398	0.15×0.274	o.304	https://www.ncbi.nlm.nih.gov/pmc/articles/PMC7718219/	https://openneuro.org/datasets/ds002307/versions/3.2.261
		fslchpixdim	3003	300310		3	3	1	mouse	F1 C6/129P	B6129PF/J1 hybrid mice 	m	9–272		m	y	y	n	y	Isoflurane				Bruker BioSpin	9.4		SE-EPI	2500	18.398	0.15×0.275	o.305	https://www.ncbi.nlm.nih.gov/pmc/articles/PMC7718219/	https://openneuro.org/datasets/ds002307/versions/3.2.262
		fslchpixdim	3003	300310		3		2	mouse	F1 C6/129P	B6129PF/J1 hybrid mice 	m	9–273		m	y	y	n	y	Isoflurane				Bruker BioSpin	9.4		SE-EPI	2500	18.398	0.15×0.276	o.306	https://www.ncbi.nlm.nih.gov/pmc/articles/PMC7718219/	https://openneuro.org/datasets/ds002307/versions/3.2.263
		fslchpixdim	3003	300310		3		3	mouse	F1 C6/129P	B6129PF/J1 hybrid mice 	m	9–274		m	y	y	n	y	Isoflurane				Bruker BioSpin	9.4		SE-EPI	2500	18.398	0.15×0.277	o.307	https://www.ncbi.nlm.nih.gov/pmc/articles/PMC7718219/	https://openneuro.org/datasets/ds002307/versions/3.2.264
		fslchpixdim	3003	300310		3		4	mouse	F1 C6/129P	B6129PF/J1 hybrid mice 	m	9–275		m	y	y	n	y	Isoflurane				Bruker BioSpin	9.4		SE-EPI	2500	18.398	0.15×0.278	o.308	https://www.ncbi.nlm.nih.gov/pmc/articles/PMC7718219/	https://openneuro.org/datasets/ds002307/versions/3.2.265
		fslchpixdim	3003	300310		4	4	1	mouse	F1 C6/129P	B6129PF/J1 hybrid mice 	m	9–276		m	y	y	n	y	Isoflurane				Bruker BioSpin	9.4		SE-EPI	2500	18.398	0.15×0.279	o.309	https://www.ncbi.nlm.nih.gov/pmc/articles/PMC7718219/	https://openneuro.org/datasets/ds002307/versions/3.2.266
		fslchpixdim	3003	300310		4		2	mouse	F1 C6/129P	B6129PF/J1 hybrid mice 	m	9–277		m	y	y	n	y	Isoflurane				Bruker BioSpin	9.4		SE-EPI	2500	18.398	0.15×0.280	o.310	https://www.ncbi.nlm.nih.gov/pmc/articles/PMC7718219/	https://openneuro.org/datasets/ds002307/versions/3.2.267
		fslchpixdim	3003	300310		4		3	mouse	F1 C6/129P	B6129PF/J1 hybrid mice 	m	9–278		m	y	y	n	y	Isoflurane				Bruker BioSpin	9.4		SE-EPI	2500	18.398	0.15×0.281	o.311	https://www.ncbi.nlm.nih.gov/pmc/articles/PMC7718219/	https://openneuro.org/datasets/ds002307/versions/3.2.268
		fslchpixdim	3003	300310		4		4	mouse	F1 C6/129P	B6129PF/J1 hybrid mice 	m	9–279		m	y	y	n	y	Isoflurane				Bruker BioSpin	9.4		SE-EPI	2500	18.398	0.15×0.282	o.312	https://www.ncbi.nlm.nih.gov/pmc/articles/PMC7718219/	https://openneuro.org/datasets/ds002307/versions/3.2.269
		fslchpixdim	3003	300310		5	5	1	mouse	F1 C6/129P	B6129PF/J1 hybrid mice 	m	9–280		m	y	y	n	y	Isoflurane				Bruker BioSpin	9.4		SE-EPI	2500	18.398	0.15×0.283	o.313	https://www.ncbi.nlm.nih.gov/pmc/articles/PMC7718219/	https://openneuro.org/datasets/ds002307/versions/3.2.270
		fslchpixdim	3003	300310		5		2	mouse	F1 C6/129P	B6129PF/J1 hybrid mice 	m	9–281		m	y	y	n	y	Isoflurane				Bruker BioSpin	9.4		SE-EPI	2500	18.398	0.15×0.284	o.314	https://www.ncbi.nlm.nih.gov/pmc/articles/PMC7718219/	https://openneuro.org/datasets/ds002307/versions/3.2.271
		fslchpixdim	3003	300310		5		3	mouse	F1 C6/129P	B6129PF/J1 hybrid mice 	m	9–282		m	y	y	n	y	Isoflurane				Bruker BioSpin	9.4		SE-EPI	2500	18.398	0.15×0.285	o.315	https://www.ncbi.nlm.nih.gov/pmc/articles/PMC7718219/	https://openneuro.org/datasets/ds002307/versions/3.2.272
		fslchpixdim	3003	300310		5		4	mouse	F1 C6/129P	B6129PF/J1 hybrid mice 	m	9–283		m	y	y	n	y	Isoflurane				Bruker BioSpin	9.4		SE-EPI	2500	18.398	0.15×0.286	o.316	https://www.ncbi.nlm.nih.gov/pmc/articles/PMC7718219/	https://openneuro.org/datasets/ds002307/versions/3.2.273
		fslchpixdim	3003	300310		6	6	1	mouse	F1 C6/129P	B6129PF/J1 hybrid mice 	m	9–284		m	y	y	n	y	Isoflurane				Bruker BioSpin	9.4		SE-EPI	2500	18.398	0.15×0.287	o.317	https://www.ncbi.nlm.nih.gov/pmc/articles/PMC7718219/	https://openneuro.org/datasets/ds002307/versions/3.2.274
		fslchpixdim	3003	300310		6		2	mouse	F1 C6/129P	B6129PF/J1 hybrid mice 	m	9–285		m	y	y	n	y	Isoflurane				Bruker BioSpin	9.4		SE-EPI	2500	18.398	0.15×0.288	o.318	https://www.ncbi.nlm.nih.gov/pmc/articles/PMC7718219/	https://openneuro.org/datasets/ds002307/versions/3.2.275
		fslchpixdim	3003	300310		6		3	mouse	F1 C6/129P	B6129PF/J1 hybrid mice 	m	9–286		m	y	y	n	y	Isoflurane				Bruker BioSpin	9.4		SE-EPI	2500	18.398	0.15×0.289	o.319	https://www.ncbi.nlm.nih.gov/pmc/articles/PMC7718219/	https://openneuro.org/datasets/ds002307/versions/3.2.276
		fslchpixdim	3003	300310		6		4	mouse	F1 C6/129P	B6129PF/J1 hybrid mice 	m	9–287		m	y	y	n	y	Isoflurane				Bruker BioSpin	9.4		SE-EPI	2500	18.398	0.15×0.290	o.320	https://www.ncbi.nlm.nih.gov/pmc/articles/PMC7718219/	https://openneuro.org/datasets/ds002307/versions/3.2.277
		fslchpixdim	3003	300311	Ey154	1	1	1	mouse	F1 C6/129P	B6129PF/J1 hybrid mice 	m	9–288		m	y	y	n	y	Isoflurane				Bruker BioSpin	9.4		SE-EPI	2500	18.398	0.15×0.291	o.321	https://www.ncbi.nlm.nih.gov/pmc/articles/PMC7718219/	https://openneuro.org/datasets/ds002307/versions/3.2.278
		fslchpixdim	3003	300311		1		2	mouse	F1 C6/129P	B6129PF/J1 hybrid mice 	m	9–289		m	y	y	n	y	Isoflurane				Bruker BioSpin	9.4		SE-EPI	2500	18.398	0.15×0.292	o.322	https://www.ncbi.nlm.nih.gov/pmc/articles/PMC7718219/	https://openneuro.org/datasets/ds002307/versions/3.2.279
		fslchpixdim	3003	300311		1		3	mouse	F1 C6/129P	B6129PF/J1 hybrid mice 	m	9–290		m	y	y	n	y	Isoflurane				Bruker BioSpin	9.4		SE-EPI	2500	18.398	0.15×0.293	o.323	https://www.ncbi.nlm.nih.gov/pmc/articles/PMC7718219/	https://openneuro.org/datasets/ds002307/versions/3.2.280
		fslchpixdim	3003	300311		1		4	mouse	F1 C6/129P	B6129PF/J1 hybrid mice 	m	9–291		m	y	y	n	y	Isoflurane				Bruker BioSpin	9.4		SE-EPI	2500	18.398	0.15×0.294	o.324	https://www.ncbi.nlm.nih.gov/pmc/articles/PMC7718219/	https://openneuro.org/datasets/ds002307/versions/3.2.281
		fslchpixdim	3003	300311		2	2	1	mouse	F1 C6/129P	B6129PF/J1 hybrid mice 	m	9–292		m	y	y	n	y	Isoflurane				Bruker BioSpin	9.4		SE-EPI	2500	18.398	0.15×0.295	o.325	https://www.ncbi.nlm.nih.gov/pmc/articles/PMC7718219/	https://openneuro.org/datasets/ds002307/versions/3.2.282
		fslchpixdim	3003	300311		2		2	mouse	F1 C6/129P	B6129PF/J1 hybrid mice 	m	9–293		m	y	y	n	y	Isoflurane				Bruker BioSpin	9.4		SE-EPI	2500	18.398	0.15×0.296	o.326	https://www.ncbi.nlm.nih.gov/pmc/articles/PMC7718219/	https://openneuro.org/datasets/ds002307/versions/3.2.283
		fslchpixdim	3003	300311		2		3	mouse	F1 C6/129P	B6129PF/J1 hybrid mice 	m	9–294		m	y	y	n	y	Isoflurane				Bruker BioSpin	9.4		SE-EPI	2500	18.398	0.15×0.297	o.327	https://www.ncbi.nlm.nih.gov/pmc/articles/PMC7718219/	https://openneuro.org/datasets/ds002307/versions/3.2.284
		fslchpixdim	3003	300311		2		4	mouse	F1 C6/129P	B6129PF/J1 hybrid mice 	m	9–295		m	y	y	n	y	Isoflurane				Bruker BioSpin	9.4		SE-EPI	2500	18.398	0.15×0.298	o.328	https://www.ncbi.nlm.nih.gov/pmc/articles/PMC7718219/	https://openneuro.org/datasets/ds002307/versions/3.2.285
		fslchpixdim	3003	300311		3	3	1	mouse	F1 C6/129P	B6129PF/J1 hybrid mice 	m	9–296		m	y	y	n	y	Isoflurane				Bruker BioSpin	9.4		SE-EPI	2500	18.398	0.15×0.299	o.329	https://www.ncbi.nlm.nih.gov/pmc/articles/PMC7718219/	https://openneuro.org/datasets/ds002307/versions/3.2.286
		fslchpixdim	3003	300311		3		2	mouse	F1 C6/129P	B6129PF/J1 hybrid mice 	m	9–297		m	y	y	n	y	Isoflurane				Bruker BioSpin	9.4		SE-EPI	2500	18.398	0.15×0.300	o.330	https://www.ncbi.nlm.nih.gov/pmc/articles/PMC7718219/	https://openneuro.org/datasets/ds002307/versions/3.2.287
		fslchpixdim	3003	300311		3		3	mouse	F1 C6/129P	B6129PF/J1 hybrid mice 	m	9–298		m	y	y	n	y	Isoflurane				Bruker BioSpin	9.4		SE-EPI	2500	18.398	0.15×0.301	o.331	https://www.ncbi.nlm.nih.gov/pmc/articles/PMC7718219/	https://openneuro.org/datasets/ds002307/versions/3.2.288
		fslchpixdim	3003	300311		3		4	mouse	F1 C6/129P	B6129PF/J1 hybrid mice 	m	9–299		m	y	y	n	y	Isoflurane				Bruker BioSpin	9.4		SE-EPI	2500	18.398	0.15×0.302	o.332	https://www.ncbi.nlm.nih.gov/pmc/articles/PMC7718219/	https://openneuro.org/datasets/ds002307/versions/3.2.289
		fslchpixdim	3003	300311		4	4	1	mouse	F1 C6/129P	B6129PF/J1 hybrid mice 	m	9–300		m	y	y	n	y	Isoflurane				Bruker BioSpin	9.4		SE-EPI	2500	18.398	0.15×0.303	o.333	https://www.ncbi.nlm.nih.gov/pmc/articles/PMC7718219/	https://openneuro.org/datasets/ds002307/versions/3.2.290
		fslchpixdim	3003	300311		4		2	mouse	F1 C6/129P	B6129PF/J1 hybrid mice 	m	9–301		m	y	y	n	y	Isoflurane				Bruker BioSpin	9.4		SE-EPI	2500	18.398	0.15×0.304	o.334	https://www.ncbi.nlm.nih.gov/pmc/articles/PMC7718219/	https://openneuro.org/datasets/ds002307/versions/3.2.291
		fslchpixdim	3003	300311		4		3	mouse	F1 C6/129P	B6129PF/J1 hybrid mice 	m	9–302		m	y	y	n	y	Isoflurane				Bruker BioSpin	9.4		SE-EPI	2500	18.398	0.15×0.305	o.335	https://www.ncbi.nlm.nih.gov/pmc/articles/PMC7718219/	https://openneuro.org/datasets/ds002307/versions/3.2.292
		fslchpixdim	3003	300311		4		4	mouse	F1 C6/129P	B6129PF/J1 hybrid mice 	m	9–303		m	y	y	n	y	Isoflurane				Bruker BioSpin	9.4		SE-EPI	2500	18.398	0.15×0.306	o.336	https://www.ncbi.nlm.nih.gov/pmc/articles/PMC7718219/	https://openneuro.org/datasets/ds002307/versions/3.2.293
		fslchpixdim	3003	300311		5	5	1	mouse	F1 C6/129P	B6129PF/J1 hybrid mice 	m	9–304		m	y	y	n	y	Isoflurane				Bruker BioSpin	9.4		SE-EPI	2500	18.398	0.15×0.307	o.337	https://www.ncbi.nlm.nih.gov/pmc/articles/PMC7718219/	https://openneuro.org/datasets/ds002307/versions/3.2.294
		fslchpixdim	3003	300311		5		2	mouse	F1 C6/129P	B6129PF/J1 hybrid mice 	m	9–305		m	y	y	n	y	Isoflurane				Bruker BioSpin	9.4		SE-EPI	2500	18.398	0.15×0.308	o.338	https://www.ncbi.nlm.nih.gov/pmc/articles/PMC7718219/	https://openneuro.org/datasets/ds002307/versions/3.2.295
		fslchpixdim	3003	300311		5		3	mouse	F1 C6/129P	B6129PF/J1 hybrid mice 	m	9–306		m	y	y	n	y	Isoflurane				Bruker BioSpin	9.4		SE-EPI	2500	18.398	0.15×0.309	o.339	https://www.ncbi.nlm.nih.gov/pmc/articles/PMC7718219/	https://openneuro.org/datasets/ds002307/versions/3.2.296
		fslchpixdim	3003	300311		5		4	mouse	F1 C6/129P	B6129PF/J1 hybrid mice 	m	9–307		m	y	y	n	y	Isoflurane				Bruker BioSpin	9.4		SE-EPI	2500	18.398	0.15×0.310	o.340	https://www.ncbi.nlm.nih.gov/pmc/articles/PMC7718219/	https://openneuro.org/datasets/ds002307/versions/3.2.297
		fslchpixdim	3003	300311		6	6	1	mouse	F1 C6/129P	B6129PF/J1 hybrid mice 	m	9–308		m	y	y	n	y	Isoflurane				Bruker BioSpin	9.4		SE-EPI	2500	18.398	0.15×0.311	o.341	https://www.ncbi.nlm.nih.gov/pmc/articles/PMC7718219/	https://openneuro.org/datasets/ds002307/versions/3.2.298
		fslchpixdim	3003	300311		6		2	mouse	F1 C6/129P	B6129PF/J1 hybrid mice 	m	9–309		m	y	y	n	y	Isoflurane				Bruker BioSpin	9.4		SE-EPI	2500	18.398	0.15×0.312	o.342	https://www.ncbi.nlm.nih.gov/pmc/articles/PMC7718219/	https://openneuro.org/datasets/ds002307/versions/3.2.299
		fslchpixdim	3003	300311		6		3	mouse	F1 C6/129P	B6129PF/J1 hybrid mice 	m	9–310		m	y	y	n	y	Isoflurane				Bruker BioSpin	9.4		SE-EPI	2500	18.398	0.15×0.313	o.343	https://www.ncbi.nlm.nih.gov/pmc/articles/PMC7718219/	https://openneuro.org/datasets/ds002307/versions/3.2.300
		fslchpixdim	3003	300311		6		4	mouse	F1 C6/129P	B6129PF/J1 hybrid mice 	m	9–311		m	y	y	n	y	Isoflurane				Bruker BioSpin	9.4		SE-EPI	2500	18.398	0.15×0.314	o.344	https://www.ncbi.nlm.nih.gov/pmc/articles/PMC7718219/	https://openneuro.org/datasets/ds002307/versions/3.2.301
		fslchpixdim	3003	300311		7	7	1	mouse	F1 C6/129P	B6129PF/J1 hybrid mice 	m	9–312		m	y	y	n	y	Isoflurane				Bruker BioSpin	9.4		SE-EPI	2500	18.398	0.15×0.315	o.345	https://www.ncbi.nlm.nih.gov/pmc/articles/PMC7718219/	https://openneuro.org/datasets/ds002307/versions/3.2.302
		fslchpixdim	3003	300311		7		2	mouse	F1 C6/129P	B6129PF/J1 hybrid mice 	m	9–313		m	y	y	n	y	Isoflurane				Bruker BioSpin	9.4		SE-EPI	2500	18.398	0.15×0.316	o.346	https://www.ncbi.nlm.nih.gov/pmc/articles/PMC7718219/	https://openneuro.org/datasets/ds002307/versions/3.2.303
		fslchpixdim	3003	300311		7		3	mouse	F1 C6/129P	B6129PF/J1 hybrid mice 	m	9–314		m	y	y	n	y	Isoflurane				Bruker BioSpin	9.4		SE-EPI	2500	18.398	0.15×0.317	o.347	https://www.ncbi.nlm.nih.gov/pmc/articles/PMC7718219/	https://openneuro.org/datasets/ds002307/versions/3.2.304
		fslchpixdim	3003	300311		7		4	mouse	F1 C6/129P	B6129PF/J1 hybrid mice 	m	9–315		m	y	y	n	y	Isoflurane				Bruker BioSpin	9.4		SE-EPI	2500	18.398	0.15×0.318	o.348	https://www.ncbi.nlm.nih.gov/pmc/articles/PMC7718219/	https://openneuro.org/datasets/ds002307/versions/3.2.305
		fslchpixdim	3003	300312	Ey155	1	1	1	mouse	F1 C6/129P	B6129PF/J1 hybrid mice 	m	9–316		m	y	y	n	y	Isoflurane				Bruker BioSpin	9.4		SE-EPI	2500	18.398	0.15×0.319	o.349	https://www.ncbi.nlm.nih.gov/pmc/articles/PMC7718219/	https://openneuro.org/datasets/ds002307/versions/3.2.306
		fslchpixdim	3003	300312		1		2	mouse	F1 C6/129P	B6129PF/J1 hybrid mice 	m	9–317		m	y	y	n	y	Isoflurane				Bruker BioSpin	9.4		SE-EPI	2500	18.398	0.15×0.320	o.350	https://www.ncbi.nlm.nih.gov/pmc/articles/PMC7718219/	https://openneuro.org/datasets/ds002307/versions/3.2.307
		fslchpixdim	3003	300312		1		3	mouse	F1 C6/129P	B6129PF/J1 hybrid mice 	m	9–318		m	y	y	n	y	Isoflurane				Bruker BioSpin	9.4		SE-EPI	2500	18.398	0.15×0.321	o.351	https://www.ncbi.nlm.nih.gov/pmc/articles/PMC7718219/	https://openneuro.org/datasets/ds002307/versions/3.2.308
		fslchpixdim	3003	300312		1		4	mouse	F1 C6/129P	B6129PF/J1 hybrid mice 	m	9–319		m	y	y	n	y	Isoflurane				Bruker BioSpin	9.4		SE-EPI	2500	18.398	0.15×0.322	o.352	https://www.ncbi.nlm.nih.gov/pmc/articles/PMC7718219/	https://openneuro.org/datasets/ds002307/versions/3.2.309
		fslchpixdim	3003	300312		2	2	1	mouse	F1 C6/129P	B6129PF/J1 hybrid mice 	m	9–320		m	y	y	n	y	Isoflurane				Bruker BioSpin	9.4		SE-EPI	2500	18.398	0.15×0.323	o.353	https://www.ncbi.nlm.nih.gov/pmc/articles/PMC7718219/	https://openneuro.org/datasets/ds002307/versions/3.2.310
		fslchpixdim	3003	300312		2		2	mouse	F1 C6/129P	B6129PF/J1 hybrid mice 	m	9–321		m	y	y	n	y	Isoflurane				Bruker BioSpin	9.4		SE-EPI	2500	18.398	0.15×0.324	o.354	https://www.ncbi.nlm.nih.gov/pmc/articles/PMC7718219/	https://openneuro.org/datasets/ds002307/versions/3.2.311
		fslchpixdim	3003	300312		2		3	mouse	F1 C6/129P	B6129PF/J1 hybrid mice 	m	9–322		m	y	y	n	y	Isoflurane				Bruker BioSpin	9.4		SE-EPI	2500	18.398	0.15×0.325	o.355	https://www.ncbi.nlm.nih.gov/pmc/articles/PMC7718219/	https://openneuro.org/datasets/ds002307/versions/3.2.312
		fslchpixdim	3003	300312		2		4	mouse	F1 C6/129P	B6129PF/J1 hybrid mice 	m	9–323		m	y	y	n	y	Isoflurane				Bruker BioSpin	9.4		SE-EPI	2500	18.398	0.15×0.326	o.356	https://www.ncbi.nlm.nih.gov/pmc/articles/PMC7718219/	https://openneuro.org/datasets/ds002307/versions/3.2.313
		fslchpixdim	3003	300312		3	3	1	mouse	F1 C6/129P	B6129PF/J1 hybrid mice 	m	9–324		m	y	y	n	y	Isoflurane				Bruker BioSpin	9.4		SE-EPI	2500	18.398	0.15×0.327	o.357	https://www.ncbi.nlm.nih.gov/pmc/articles/PMC7718219/	https://openneuro.org/datasets/ds002307/versions/3.2.314
		fslchpixdim	3003	300312		3		2	mouse	F1 C6/129P	B6129PF/J1 hybrid mice 	m	9–325		m	y	y	n	y	Isoflurane				Bruker BioSpin	9.4		SE-EPI	2500	18.398	0.15×0.328	o.358	https://www.ncbi.nlm.nih.gov/pmc/articles/PMC7718219/	https://openneuro.org/datasets/ds002307/versions/3.2.315
		fslchpixdim	3003	300312		3		3	mouse	F1 C6/129P	B6129PF/J1 hybrid mice 	m	9–326		m	y	y	n	y	Isoflurane				Bruker BioSpin	9.4		SE-EPI	2500	18.398	0.15×0.329	o.359	https://www.ncbi.nlm.nih.gov/pmc/articles/PMC7718219/	https://openneuro.org/datasets/ds002307/versions/3.2.316
		fslchpixdim	3003	300312		3		4	mouse	F1 C6/129P	B6129PF/J1 hybrid mice 	m	9–327		m	y	y	n	y	Isoflurane				Bruker BioSpin	9.4		SE-EPI	2500	18.398	0.15×0.330	o.360	https://www.ncbi.nlm.nih.gov/pmc/articles/PMC7718219/	https://openneuro.org/datasets/ds002307/versions/3.2.317
		fslchpixdim	3003	300312		4	4	1	mouse	F1 C6/129P	B6129PF/J1 hybrid mice 	m	9–328		m	y	y	n	y	Isoflurane				Bruker BioSpin	9.4		SE-EPI	2500	18.398	0.15×0.331	o.361	https://www.ncbi.nlm.nih.gov/pmc/articles/PMC7718219/	https://openneuro.org/datasets/ds002307/versions/3.2.318
		fslchpixdim	3003	300312		4		2	mouse	F1 C6/129P	B6129PF/J1 hybrid mice 	m	9–329		m	y	y	n	y	Isoflurane				Bruker BioSpin	9.4		SE-EPI	2500	18.398	0.15×0.332	o.362	https://www.ncbi.nlm.nih.gov/pmc/articles/PMC7718219/	https://openneuro.org/datasets/ds002307/versions/3.2.319
		fslchpixdim	3003	300312		4		3	mouse	F1 C6/129P	B6129PF/J1 hybrid mice 	m	9–330		m	y	y	n	y	Isoflurane				Bruker BioSpin	9.4		SE-EPI	2500	18.398	0.15×0.333	o.363	https://www.ncbi.nlm.nih.gov/pmc/articles/PMC7718219/	https://openneuro.org/datasets/ds002307/versions/3.2.320
		fslchpixdim	3003	300312		4		4	mouse	F1 C6/129P	B6129PF/J1 hybrid mice 	m	9–331		m	y	y	n	y	Isoflurane				Bruker BioSpin	9.4		SE-EPI	2500	18.398	0.15×0.334	o.364	https://www.ncbi.nlm.nih.gov/pmc/articles/PMC7718219/	https://openneuro.org/datasets/ds002307/versions/3.2.321
		fslchpixdim	3003	300312		5	5	1	mouse	F1 C6/129P	B6129PF/J1 hybrid mice 	m	9–332		m	y	y	n	y	Isoflurane				Bruker BioSpin	9.4		SE-EPI	2500	18.398	0.15×0.335	o.365	https://www.ncbi.nlm.nih.gov/pmc/articles/PMC7718219/	https://openneuro.org/datasets/ds002307/versions/3.2.322
		fslchpixdim	3003	300312		5		2	mouse	F1 C6/129P	B6129PF/J1 hybrid mice 	m	9–333		m	y	y	n	y	Isoflurane				Bruker BioSpin	9.4		SE-EPI	2500	18.398	0.15×0.336	o.366	https://www.ncbi.nlm.nih.gov/pmc/articles/PMC7718219/	https://openneuro.org/datasets/ds002307/versions/3.2.323
		fslchpixdim	3003	300312		5		3	mouse	F1 C6/129P	B6129PF/J1 hybrid mice 	m	9–334		m	y	y	n	y	Isoflurane				Bruker BioSpin	9.4		SE-EPI	2500	18.398	0.15×0.337	o.367	https://www.ncbi.nlm.nih.gov/pmc/articles/PMC7718219/	https://openneuro.org/datasets/ds002307/versions/3.2.324
		fslchpixdim	3003	300312		5		4	mouse	F1 C6/129P	B6129PF/J1 hybrid mice 	m	9–335		m	y	y	n	y	Isoflurane				Bruker BioSpin	9.4		SE-EPI	2500	18.398	0.15×0.338	o.368	https://www.ncbi.nlm.nih.gov/pmc/articles/PMC7718219/	https://openneuro.org/datasets/ds002307/versions/3.2.325
		fslchpixdim	3003	300313	Ey156	1	1	1	mouse	F1 C6/129P	B6129PF/J1 hybrid mice 	m	9–336		m	y	y	n	y	Isoflurane				Bruker BioSpin	9.4		SE-EPI	2500	18.398	0.15×0.339	o.369	https://www.ncbi.nlm.nih.gov/pmc/articles/PMC7718219/	https://openneuro.org/datasets/ds002307/versions/3.2.326
		fslchpixdim	3003	300313		1		2	mouse	F1 C6/129P	B6129PF/J1 hybrid mice 	m	9–337		m	y	y	n	y	Isoflurane				Bruker BioSpin	9.4		SE-EPI	2500	18.398	0.15×0.340	o.370	https://www.ncbi.nlm.nih.gov/pmc/articles/PMC7718219/	https://openneuro.org/datasets/ds002307/versions/3.2.327
		fslchpixdim	3003	300313		1		3	mouse	F1 C6/129P	B6129PF/J1 hybrid mice 	m	9–338		m	y	y	n	y	Isoflurane				Bruker BioSpin	9.4		SE-EPI	2500	18.398	0.15×0.341	o.371	https://www.ncbi.nlm.nih.gov/pmc/articles/PMC7718219/	https://openneuro.org/datasets/ds002307/versions/3.2.328
		fslchpixdim	3003	300313		1		4	mouse	F1 C6/129P	B6129PF/J1 hybrid mice 	m	9–339		m	y	y	n	y	Isoflurane				Bruker BioSpin	9.4		SE-EPI	2500	18.398	0.15×0.342	o.372	https://www.ncbi.nlm.nih.gov/pmc/articles/PMC7718219/	https://openneuro.org/datasets/ds002307/versions/3.2.329
		fslchpixdim	3003	300313		2	2	1	mouse	F1 C6/129P	B6129PF/J1 hybrid mice 	m	9–340		m	y	y	n	y	Isoflurane				Bruker BioSpin	9.4		SE-EPI	2500	18.398	0.15×0.343	o.373	https://www.ncbi.nlm.nih.gov/pmc/articles/PMC7718219/	https://openneuro.org/datasets/ds002307/versions/3.2.330
		fslchpixdim	3003	300313		2		2	mouse	F1 C6/129P	B6129PF/J1 hybrid mice 	m	9–341		m	y	y	n	y	Isoflurane				Bruker BioSpin	9.4		SE-EPI	2500	18.398	0.15×0.344	o.374	https://www.ncbi.nlm.nih.gov/pmc/articles/PMC7718219/	https://openneuro.org/datasets/ds002307/versions/3.2.331
		fslchpixdim	3003	300313		2		3	mouse	F1 C6/129P	B6129PF/J1 hybrid mice 	m	9–342		m	y	y	n	y	Isoflurane				Bruker BioSpin	9.4		SE-EPI	2500	18.398	0.15×0.345	o.375	https://www.ncbi.nlm.nih.gov/pmc/articles/PMC7718219/	https://openneuro.org/datasets/ds002307/versions/3.2.332
		fslchpixdim	3003	300313		2		4	mouse	F1 C6/129P	B6129PF/J1 hybrid mice 	m	9–343		m	y	y	n	y	Isoflurane				Bruker BioSpin	9.4		SE-EPI	2500	18.398	0.15×0.346	o.376	https://www.ncbi.nlm.nih.gov/pmc/articles/PMC7718219/	https://openneuro.org/datasets/ds002307/versions/3.2.333
		fslchpixdim	3003	300313		3	3	1	mouse	F1 C6/129P	B6129PF/J1 hybrid mice 	m	9–344		m	y	y	n	y	Isoflurane				Bruker BioSpin	9.4		SE-EPI	2500	18.398	0.15×0.347	o.377	https://www.ncbi.nlm.nih.gov/pmc/articles/PMC7718219/	https://openneuro.org/datasets/ds002307/versions/3.2.334
		fslchpixdim	3003	300313		3		2	mouse	F1 C6/129P	B6129PF/J1 hybrid mice 	m	9–345		m	y	y	n	y	Isoflurane				Bruker BioSpin	9.4		SE-EPI	2500	18.398	0.15×0.348	o.378	https://www.ncbi.nlm.nih.gov/pmc/articles/PMC7718219/	https://openneuro.org/datasets/ds002307/versions/3.2.335
		fslchpixdim	3003	300313		3		3	mouse	F1 C6/129P	B6129PF/J1 hybrid mice 	m	9–346		m	y	y	n	y	Isoflurane				Bruker BioSpin	9.4		SE-EPI	2500	18.398	0.15×0.349	o.379	https://www.ncbi.nlm.nih.gov/pmc/articles/PMC7718219/	https://openneuro.org/datasets/ds002307/versions/3.2.336
		fslchpixdim	3003	300313		3		4	mouse	F1 C6/129P	B6129PF/J1 hybrid mice 	m	9–347		m	y	y	n	y	Isoflurane				Bruker BioSpin	9.4		SE-EPI	2500	18.398	0.15×0.350	o.380	https://www.ncbi.nlm.nih.gov/pmc/articles/PMC7718219/	https://openneuro.org/datasets/ds002307/versions/3.2.337
		fslchpixdim	3003	300313		4	4	1	mouse	F1 C6/129P	B6129PF/J1 hybrid mice 	m	9–348		m	y	y	n	y	Isoflurane				Bruker BioSpin	9.4		SE-EPI	2500	18.398	0.15×0.351	o.381	https://www.ncbi.nlm.nih.gov/pmc/articles/PMC7718219/	https://openneuro.org/datasets/ds002307/versions/3.2.338
		fslchpixdim	3003	300313		4		2	mouse	F1 C6/129P	B6129PF/J1 hybrid mice 	m	9–349		m	y	y	n	y	Isoflurane				Bruker BioSpin	9.4		SE-EPI	2500	18.398	0.15×0.352	o.382	https://www.ncbi.nlm.nih.gov/pmc/articles/PMC7718219/	https://openneuro.org/datasets/ds002307/versions/3.2.339
		fslchpixdim	3003	300313		4		3	mouse	F1 C6/129P	B6129PF/J1 hybrid mice 	m	9–350		m	y	y	n	y	Isoflurane				Bruker BioSpin	9.4		SE-EPI	2500	18.398	0.15×0.353	o.383	https://www.ncbi.nlm.nih.gov/pmc/articles/PMC7718219/	https://openneuro.org/datasets/ds002307/versions/3.2.340
		fslchpixdim	3003	300313		4		4	mouse	F1 C6/129P	B6129PF/J1 hybrid mice 	m	9–351		m	y	y	n	y	Isoflurane				Bruker BioSpin	9.4		SE-EPI	2500	18.398	0.15×0.354	o.384	https://www.ncbi.nlm.nih.gov/pmc/articles/PMC7718219/	https://openneuro.org/datasets/ds002307/versions/3.2.341
		fslchpixdim	3003	300313		5	5	1	mouse	F1 C6/129P	B6129PF/J1 hybrid mice 	m	9–352		m	y	y	n	y	Isoflurane				Bruker BioSpin	9.4		SE-EPI	2500	18.398	0.15×0.355	o.385	https://www.ncbi.nlm.nih.gov/pmc/articles/PMC7718219/	https://openneuro.org/datasets/ds002307/versions/3.2.342
		fslchpixdim	3003	300313		5		2	mouse	F1 C6/129P	B6129PF/J1 hybrid mice 	m	9–353		m	y	y	n	y	Isoflurane				Bruker BioSpin	9.4		SE-EPI	2500	18.398	0.15×0.356	o.386	https://www.ncbi.nlm.nih.gov/pmc/articles/PMC7718219/	https://openneuro.org/datasets/ds002307/versions/3.2.343
		fslchpixdim	3003	300313		5		3	mouse	F1 C6/129P	B6129PF/J1 hybrid mice 	m	9–354		m	y	y	n	y	Isoflurane				Bruker BioSpin	9.4		SE-EPI	2500	18.398	0.15×0.357	o.387	https://www.ncbi.nlm.nih.gov/pmc/articles/PMC7718219/	https://openneuro.org/datasets/ds002307/versions/3.2.344
		fslchpixdim	3003	300313		5		4	mouse	F1 C6/129P	B6129PF/J1 hybrid mice 	m	9–355		m	y	y	n	y	Isoflurane				Bruker BioSpin	9.4		SE-EPI	2500	18.398	0.15×0.358	o.388	https://www.ncbi.nlm.nih.gov/pmc/articles/PMC7718219/	https://openneuro.org/datasets/ds002307/versions/3.2.345
		fslchpixdim	3003	300313		6	6	1	mouse	F1 C6/129P	B6129PF/J1 hybrid mice 	m	9–356		m	y	y	n	y	Isoflurane				Bruker BioSpin	9.4		SE-EPI	2500	18.398	0.15×0.359	o.389	https://www.ncbi.nlm.nih.gov/pmc/articles/PMC7718219/	https://openneuro.org/datasets/ds002307/versions/3.2.346
		fslchpixdim	3003	300313		6		2	mouse	F1 C6/129P	B6129PF/J1 hybrid mice 	m	9–357		m	y	y	n	y	Isoflurane				Bruker BioSpin	9.4		SE-EPI	2500	18.398	0.15×0.360	o.390	https://www.ncbi.nlm.nih.gov/pmc/articles/PMC7718219/	https://openneuro.org/datasets/ds002307/versions/3.2.347
		fslchpixdim	3003	300313		6		3	mouse	F1 C6/129P	B6129PF/J1 hybrid mice 	m	9–358		m	y	y	n	y	Isoflurane				Bruker BioSpin	9.4		SE-EPI	2500	18.398	0.15×0.361	o.391	https://www.ncbi.nlm.nih.gov/pmc/articles/PMC7718219/	https://openneuro.org/datasets/ds002307/versions/3.2.348
		fslchpixdim	3003	300313		6		4	mouse	F1 C6/129P	B6129PF/J1 hybrid mice 	m	9–359		m	y	y	n	y	Isoflurane				Bruker BioSpin	9.4		SE-EPI	2500	18.398	0.15×0.362	o.392	https://www.ncbi.nlm.nih.gov/pmc/articles/PMC7718219/	https://openneuro.org/datasets/ds002307/versions/3.2.349
		fslchpixdim	3003	300313		7	7	1	mouse	F1 C6/129P	B6129PF/J1 hybrid mice 	m	9–360		m	y	y	n	y	Isoflurane				Bruker BioSpin	9.4		SE-EPI	2500	18.398	0.15×0.363	o.393	https://www.ncbi.nlm.nih.gov/pmc/articles/PMC7718219/	https://openneuro.org/datasets/ds002307/versions/3.2.350
		fslchpixdim	3003	300313		7		2	mouse	F1 C6/129P	B6129PF/J1 hybrid mice 	m	9–361		m	y	y	n	y	Isoflurane				Bruker BioSpin	9.4		SE-EPI	2500	18.398	0.15×0.364	o.394	https://www.ncbi.nlm.nih.gov/pmc/articles/PMC7718219/	https://openneuro.org/datasets/ds002307/versions/3.2.351
		fslchpixdim	3003	300313		7		3	mouse	F1 C6/129P	B6129PF/J1 hybrid mice 	m	9–362		m	y	y	n	y	Isoflurane				Bruker BioSpin	9.4		SE-EPI	2500	18.398	0.15×0.365	o.395	https://www.ncbi.nlm.nih.gov/pmc/articles/PMC7718219/	https://openneuro.org/datasets/ds002307/versions/3.2.352
		fslchpixdim	3003	300313		7		4	mouse	F1 C6/129P	B6129PF/J1 hybrid mice 	m	9–363		m	y	y	n	y	Isoflurane				Bruker BioSpin	9.4		SE-EPI	2500	18.398	0.15×0.366	o.396	https://www.ncbi.nlm.nih.gov/pmc/articles/PMC7718219/	https://openneuro.org/datasets/ds002307/versions/3.2.353
		fslchpixdim	3003	300314	Ey157	1	1	1	mouse	F1 C6/129P	B6129PF/J1 hybrid mice 	m	9–364		m	y	y	n	y	Isoflurane				Bruker BioSpin	9.4		SE-EPI	2500	18.398	0.15×0.367	o.397	https://www.ncbi.nlm.nih.gov/pmc/articles/PMC7718219/	https://openneuro.org/datasets/ds002307/versions/3.2.354
		fslchpixdim	3003	300314		1		2	mouse	F1 C6/129P	B6129PF/J1 hybrid mice 	m	9–365		m	y	y	n	y	Isoflurane				Bruker BioSpin	9.4		SE-EPI	2500	18.398	0.15×0.368	o.398	https://www.ncbi.nlm.nih.gov/pmc/articles/PMC7718219/	https://openneuro.org/datasets/ds002307/versions/3.2.355
		fslchpixdim	3003	300314		1		3	mouse	F1 C6/129P	B6129PF/J1 hybrid mice 	m	9–366		m	y	y	n	y	Isoflurane				Bruker BioSpin	9.4		SE-EPI	2500	18.398	0.15×0.369	o.399	https://www.ncbi.nlm.nih.gov/pmc/articles/PMC7718219/	https://openneuro.org/datasets/ds002307/versions/3.2.356
		fslchpixdim	3003	300314		1		4	mouse	F1 C6/129P	B6129PF/J1 hybrid mice 	m	9–367		m	y	y	n	y	Isoflurane				Bruker BioSpin	9.4		SE-EPI	2500	18.398	0.15×0.370	o.400	https://www.ncbi.nlm.nih.gov/pmc/articles/PMC7718219/	https://openneuro.org/datasets/ds002307/versions/3.2.357
		fslchpixdim	3003	300314		2	2	1	mouse	F1 C6/129P	B6129PF/J1 hybrid mice 	m	9–368		m	y	y	n	y	Isoflurane				Bruker BioSpin	9.4		SE-EPI	2500	18.398	0.15×0.371	o.401	https://www.ncbi.nlm.nih.gov/pmc/articles/PMC7718219/	https://openneuro.org/datasets/ds002307/versions/3.2.358
		fslchpixdim	3003	300314		2		2	mouse	F1 C6/129P	B6129PF/J1 hybrid mice 	m	9–369		m	y	y	n	y	Isoflurane				Bruker BioSpin	9.4		SE-EPI	2500	18.398	0.15×0.372	o.402	https://www.ncbi.nlm.nih.gov/pmc/articles/PMC7718219/	https://openneuro.org/datasets/ds002307/versions/3.2.359
		fslchpixdim	3003	300314		2		3	mouse	F1 C6/129P	B6129PF/J1 hybrid mice 	m	9–370		m	y	y	n	y	Isoflurane				Bruker BioSpin	9.4		SE-EPI	2500	18.398	0.15×0.373	o.403	https://www.ncbi.nlm.nih.gov/pmc/articles/PMC7718219/	https://openneuro.org/datasets/ds002307/versions/3.2.360
		fslchpixdim	3003	300314		2		4	mouse	F1 C6/129P	B6129PF/J1 hybrid mice 	m	9–371		m	y	y	n	y	Isoflurane				Bruker BioSpin	9.4		SE-EPI	2500	18.398	0.15×0.374	o.404	https://www.ncbi.nlm.nih.gov/pmc/articles/PMC7718219/	https://openneuro.org/datasets/ds002307/versions/3.2.361
		fslchpixdim	3003	300314		3	3	1	mouse	F1 C6/129P	B6129PF/J1 hybrid mice 	m	9–372		m	y	y	n	y	Isoflurane				Bruker BioSpin	9.4		SE-EPI	2500	18.398	0.15×0.375	o.405	https://www.ncbi.nlm.nih.gov/pmc/articles/PMC7718219/	https://openneuro.org/datasets/ds002307/versions/3.2.362
		fslchpixdim	3003	300314		3		2	mouse	F1 C6/129P	B6129PF/J1 hybrid mice 	m	9–373		m	y	y	n	y	Isoflurane				Bruker BioSpin	9.4		SE-EPI	2500	18.398	0.15×0.376	o.406	https://www.ncbi.nlm.nih.gov/pmc/articles/PMC7718219/	https://openneuro.org/datasets/ds002307/versions/3.2.363
		fslchpixdim	3003	300314		3		3	mouse	F1 C6/129P	B6129PF/J1 hybrid mice 	m	9–374		m	y	y	n	y	Isoflurane				Bruker BioSpin	9.4		SE-EPI	2500	18.398	0.15×0.377	o.407	https://www.ncbi.nlm.nih.gov/pmc/articles/PMC7718219/	https://openneuro.org/datasets/ds002307/versions/3.2.364
		fslchpixdim	3003	300314		3		4	mouse	F1 C6/129P	B6129PF/J1 hybrid mice 	m	9–375		m	y	y	n	y	Isoflurane				Bruker BioSpin	9.4		SE-EPI	2500	18.398	0.15×0.378	o.408	https://www.ncbi.nlm.nih.gov/pmc/articles/PMC7718219/	https://openneuro.org/datasets/ds002307/versions/3.2.365
		fslchpixdim	3003	300314		4	4	1	mouse	F1 C6/129P	B6129PF/J1 hybrid mice 	m	9–376		m	y	y	n	y	Isoflurane				Bruker BioSpin	9.4		SE-EPI	2500	18.398	0.15×0.379	o.409	https://www.ncbi.nlm.nih.gov/pmc/articles/PMC7718219/	https://openneuro.org/datasets/ds002307/versions/3.2.366
		fslchpixdim	3003	300314		4		2	mouse	F1 C6/129P	B6129PF/J1 hybrid mice 	m	9–377		m	y	y	n	y	Isoflurane				Bruker BioSpin	9.4		SE-EPI	2500	18.398	0.15×0.380	o.410	https://www.ncbi.nlm.nih.gov/pmc/articles/PMC7718219/	https://openneuro.org/datasets/ds002307/versions/3.2.367
		fslchpixdim	3003	300314		4		3	mouse	F1 C6/129P	B6129PF/J1 hybrid mice 	m	9–378		m	y	y	n	y	Isoflurane				Bruker BioSpin	9.4		SE-EPI	2500	18.398	0.15×0.381	o.411	https://www.ncbi.nlm.nih.gov/pmc/articles/PMC7718219/	https://openneuro.org/datasets/ds002307/versions/3.2.368
		fslchpixdim	3003	300314		4		4	mouse	F1 C6/129P	B6129PF/J1 hybrid mice 	m	9–379		m	y	y	n	y	Isoflurane				Bruker BioSpin	9.4		SE-EPI	2500	18.398	0.15×0.382	o.412	https://www.ncbi.nlm.nih.gov/pmc/articles/PMC7718219/	https://openneuro.org/datasets/ds002307/versions/3.2.369
		fslchpixdim	3003	300314		5	5	1	mouse	F1 C6/129P	B6129PF/J1 hybrid mice 	m	9–380		m	y	y	n	y	Isoflurane				Bruker BioSpin	9.4		SE-EPI	2500	18.398	0.15×0.383	o.413	https://www.ncbi.nlm.nih.gov/pmc/articles/PMC7718219/	https://openneuro.org/datasets/ds002307/versions/3.2.370
		fslchpixdim	3003	300314		5		2	mouse	F1 C6/129P	B6129PF/J1 hybrid mice 	m	9–381		m	y	y	n	y	Isoflurane				Bruker BioSpin	9.4		SE-EPI	2500	18.398	0.15×0.384	o.414	https://www.ncbi.nlm.nih.gov/pmc/articles/PMC7718219/	https://openneuro.org/datasets/ds002307/versions/3.2.371
		fslchpixdim	3003	300314		5		3	mouse	F1 C6/129P	B6129PF/J1 hybrid mice 	m	9–382		m	y	y	n	y	Isoflurane				Bruker BioSpin	9.4		SE-EPI	2500	18.398	0.15×0.385	o.415	https://www.ncbi.nlm.nih.gov/pmc/articles/PMC7718219/	https://openneuro.org/datasets/ds002307/versions/3.2.372
		fslchpixdim	3003	300314		5		4	mouse	F1 C6/129P	B6129PF/J1 hybrid mice 	m	9–383		m	y	y	n	y	Isoflurane				Bruker BioSpin	9.4		SE-EPI	2500	18.398	0.15×0.386	o.416	https://www.ncbi.nlm.nih.gov/pmc/articles/PMC7718219/	https://openneuro.org/datasets/ds002307/versions/3.2.373
		fslchpixdim	3003	300314		6	6	1	mouse	F1 C6/129P	B6129PF/J1 hybrid mice 	m	9–384		m	y	y	n	y	Isoflurane				Bruker BioSpin	9.4		SE-EPI	2500	18.398	0.15×0.387	o.417	https://www.ncbi.nlm.nih.gov/pmc/articles/PMC7718219/	https://openneuro.org/datasets/ds002307/versions/3.2.374
		fslchpixdim	3003	300314		6		2	mouse	F1 C6/129P	B6129PF/J1 hybrid mice 	m	9–385		m	y	y	n	y	Isoflurane				Bruker BioSpin	9.4		SE-EPI	2500	18.398	0.15×0.388	o.418	https://www.ncbi.nlm.nih.gov/pmc/articles/PMC7718219/	https://openneuro.org/datasets/ds002307/versions/3.2.375
		fslchpixdim	3003	300314		6		3	mouse	F1 C6/129P	B6129PF/J1 hybrid mice 	m	9–386		m	y	y	n	y	Isoflurane				Bruker BioSpin	9.4		SE-EPI	2500	18.398	0.15×0.389	o.419	https://www.ncbi.nlm.nih.gov/pmc/articles/PMC7718219/	https://openneuro.org/datasets/ds002307/versions/3.2.376
		fslchpixdim	3003	300314		6		4	mouse	F1 C6/129P	B6129PF/J1 hybrid mice 	m	9–387		m	y	y	n	y	Isoflurane				Bruker BioSpin	9.4		SE-EPI	2500	18.398	0.15×0.390	o.420	https://www.ncbi.nlm.nih.gov/pmc/articles/PMC7718219/	https://openneuro.org/datasets/ds002307/versions/3.2.377
		fslchpixdim	3003	300315	Ey158	1	1	1	mouse	F1 C6/129P	B6129PF/J1 hybrid mice 	m	9–388		m	y	y	n	y	Isoflurane				Bruker BioSpin	9.4		SE-EPI	2500	18.398	0.15×0.391	o.421	https://www.ncbi.nlm.nih.gov/pmc/articles/PMC7718219/	https://openneuro.org/datasets/ds002307/versions/3.2.378
		fslchpixdim	3003	300315		1		2	mouse	F1 C6/129P	B6129PF/J1 hybrid mice 	m	9–389		m	y	y	n	y	Isoflurane				Bruker BioSpin	9.4		SE-EPI	2500	18.398	0.15×0.392	o.422	https://www.ncbi.nlm.nih.gov/pmc/articles/PMC7718219/	https://openneuro.org/datasets/ds002307/versions/3.2.379
		fslchpixdim	3003	300315		1		3	mouse	F1 C6/129P	B6129PF/J1 hybrid mice 	m	9–390		m	y	y	n	y	Isoflurane				Bruker BioSpin	9.4		SE-EPI	2500	18.398	0.15×0.393	o.423	https://www.ncbi.nlm.nih.gov/pmc/articles/PMC7718219/	https://openneuro.org/datasets/ds002307/versions/3.2.380
		fslchpixdim	3003	300315		1		4	mouse	F1 C6/129P	B6129PF/J1 hybrid mice 	m	9–391		m	y	y	n	y	Isoflurane				Bruker BioSpin	9.4		SE-EPI	2500	18.398	0.15×0.394	o.424	https://www.ncbi.nlm.nih.gov/pmc/articles/PMC7718219/	https://openneuro.org/datasets/ds002307/versions/3.2.381
		fslchpixdim	3003	300315		2	2	1	mouse	F1 C6/129P	B6129PF/J1 hybrid mice 	m	9–392		m	y	y	n	y	Isoflurane				Bruker BioSpin	9.4		SE-EPI	2500	18.398	0.15×0.395	o.425	https://www.ncbi.nlm.nih.gov/pmc/articles/PMC7718219/	https://openneuro.org/datasets/ds002307/versions/3.2.382
		fslchpixdim	3003	300315		2		2	mouse	F1 C6/129P	B6129PF/J1 hybrid mice 	m	9–393		m	y	y	n	y	Isoflurane				Bruker BioSpin	9.4		SE-EPI	2500	18.398	0.15×0.396	o.426	https://www.ncbi.nlm.nih.gov/pmc/articles/PMC7718219/	https://openneuro.org/datasets/ds002307/versions/3.2.383
		fslchpixdim	3003	300315		2		3	mouse	F1 C6/129P	B6129PF/J1 hybrid mice 	m	9–394		m	y	y	n	y	Isoflurane				Bruker BioSpin	9.4		SE-EPI	2500	18.398	0.15×0.397	o.427	https://www.ncbi.nlm.nih.gov/pmc/articles/PMC7718219/	https://openneuro.org/datasets/ds002307/versions/3.2.384
		fslchpixdim	3003	300315		2		4	mouse	F1 C6/129P	B6129PF/J1 hybrid mice 	m	9–395		m	y	y	n	y	Isoflurane				Bruker BioSpin	9.4		SE-EPI	2500	18.398	0.15×0.398	o.428	https://www.ncbi.nlm.nih.gov/pmc/articles/PMC7718219/	https://openneuro.org/datasets/ds002307/versions/3.2.385
		fslchpixdim	3003	300315		3	3	1	mouse	F1 C6/129P	B6129PF/J1 hybrid mice 	m	9–396		m	y	y	n	y	Isoflurane				Bruker BioSpin	9.4		SE-EPI	2500	18.398	0.15×0.399	o.429	https://www.ncbi.nlm.nih.gov/pmc/articles/PMC7718219/	https://openneuro.org/datasets/ds002307/versions/3.2.386
		fslchpixdim	3003	300315		3		2	mouse	F1 C6/129P	B6129PF/J1 hybrid mice 	m	9–397		m	y	y	n	y	Isoflurane				Bruker BioSpin	9.4		SE-EPI	2500	18.398	0.15×0.400	o.430	https://www.ncbi.nlm.nih.gov/pmc/articles/PMC7718219/	https://openneuro.org/datasets/ds002307/versions/3.2.387
		fslchpixdim	3003	300315		3		3	mouse	F1 C6/129P	B6129PF/J1 hybrid mice 	m	9–398		m	y	y	n	y	Isoflurane				Bruker BioSpin	9.4		SE-EPI	2500	18.398	0.15×0.401	o.431	https://www.ncbi.nlm.nih.gov/pmc/articles/PMC7718219/	https://openneuro.org/datasets/ds002307/versions/3.2.388
		fslchpixdim	3003	300315		3		4	mouse	F1 C6/129P	B6129PF/J1 hybrid mice 	m	9–399		m	y	y	n	y	Isoflurane				Bruker BioSpin	9.4		SE-EPI	2500	18.398	0.15×0.402	o.432	https://www.ncbi.nlm.nih.gov/pmc/articles/PMC7718219/	https://openneuro.org/datasets/ds002307/versions/3.2.389
		fslchpixdim	3003	300315		4	4	1	mouse	F1 C6/129P	B6129PF/J1 hybrid mice 	m	9–400		m	y	y	n	y	Isoflurane				Bruker BioSpin	9.4		SE-EPI	2500	18.398	0.15×0.403	o.433	https://www.ncbi.nlm.nih.gov/pmc/articles/PMC7718219/	https://openneuro.org/datasets/ds002307/versions/3.2.390
		fslchpixdim	3003	300315		4		2	mouse	F1 C6/129P	B6129PF/J1 hybrid mice 	m	9–401		m	y	y	n	y	Isoflurane				Bruker BioSpin	9.4		SE-EPI	2500	18.398	0.15×0.404	o.434	https://www.ncbi.nlm.nih.gov/pmc/articles/PMC7718219/	https://openneuro.org/datasets/ds002307/versions/3.2.391
		fslchpixdim	3003	300315		4		3	mouse	F1 C6/129P	B6129PF/J1 hybrid mice 	m	9–402		m	y	y	n	y	Isoflurane				Bruker BioSpin	9.4		SE-EPI	2500	18.398	0.15×0.405	o.435	https://www.ncbi.nlm.nih.gov/pmc/articles/PMC7718219/	https://openneuro.org/datasets/ds002307/versions/3.2.392
		fslchpixdim	3003	300315		4		4	mouse	F1 C6/129P	B6129PF/J1 hybrid mice 	m	9–403		m	y	y	n	y	Isoflurane				Bruker BioSpin	9.4		SE-EPI	2500	18.398	0.15×0.406	o.436	https://www.ncbi.nlm.nih.gov/pmc/articles/PMC7718219/	https://openneuro.org/datasets/ds002307/versions/3.2.393
		fslchpixdim	3003	300315		5	5	1	mouse	F1 C6/129P	B6129PF/J1 hybrid mice 	m	9–404		m	y	y	n	y	Isoflurane				Bruker BioSpin	9.4		SE-EPI	2500	18.398	0.15×0.407	o.437	https://www.ncbi.nlm.nih.gov/pmc/articles/PMC7718219/	https://openneuro.org/datasets/ds002307/versions/3.2.394
		fslchpixdim	3003	300315		5		2	mouse	F1 C6/129P	B6129PF/J1 hybrid mice 	m	9–405		m	y	y	n	y	Isoflurane				Bruker BioSpin	9.4		SE-EPI	2500	18.398	0.15×0.408	o.438	https://www.ncbi.nlm.nih.gov/pmc/articles/PMC7718219/	https://openneuro.org/datasets/ds002307/versions/3.2.395
		fslchpixdim	3003	300315		5		3	mouse	F1 C6/129P	B6129PF/J1 hybrid mice 	m	9–406		m	y	y	n	y	Isoflurane				Bruker BioSpin	9.4		SE-EPI	2500	18.398	0.15×0.409	o.439	https://www.ncbi.nlm.nih.gov/pmc/articles/PMC7718219/	https://openneuro.org/datasets/ds002307/versions/3.2.396
		fslchpixdim	3003	300315		5		4	mouse	F1 C6/129P	B6129PF/J1 hybrid mice 	m	9–407		m	y	y	n	y	Isoflurane				Bruker BioSpin	9.4		SE-EPI	2500	18.398	0.15×0.410	o.440	https://www.ncbi.nlm.nih.gov/pmc/articles/PMC7718219/	https://openneuro.org/datasets/ds002307/versions/3.2.397
		fslchpixdim	3003	300315		6	6	1	mouse	F1 C6/129P	B6129PF/J1 hybrid mice 	m	9–408		m	y	y	n	y	Isoflurane				Bruker BioSpin	9.4		SE-EPI	2500	18.398	0.15×0.411	o.441	https://www.ncbi.nlm.nih.gov/pmc/articles/PMC7718219/	https://openneuro.org/datasets/ds002307/versions/3.2.398
		fslchpixdim	3003	300315		6		2	mouse	F1 C6/129P	B6129PF/J1 hybrid mice 	m	9–409		m	y	y	n	y	Isoflurane				Bruker BioSpin	9.4		SE-EPI	2500	18.398	0.15×0.412	o.442	https://www.ncbi.nlm.nih.gov/pmc/articles/PMC7718219/	https://openneuro.org/datasets/ds002307/versions/3.2.399
		fslchpixdim	3003	300315		6		3	mouse	F1 C6/129P	B6129PF/J1 hybrid mice 	m	9–410		m	y	y	n	y	Isoflurane				Bruker BioSpin	9.4		SE-EPI	2500	18.398	0.15×0.413	o.443	https://www.ncbi.nlm.nih.gov/pmc/articles/PMC7718219/	https://openneuro.org/datasets/ds002307/versions/3.2.400
		fslchpixdim	3003	300315		6		4	mouse	F1 C6/129P	B6129PF/J1 hybrid mice 	m	9–411		m	y	y	n	y	Isoflurane				Bruker BioSpin	9.4		SE-EPI	2500	18.398	0.15×0.414	o.444	https://www.ncbi.nlm.nih.gov/pmc/articles/PMC7718219/	https://openneuro.org/datasets/ds002307/versions/3.2.401
		fslchpixdim	3003	300315		7	7	1	mouse	F1 C6/129P	B6129PF/J1 hybrid mice 	m	9–412		m	y	y	n	y	Isoflurane				Bruker BioSpin	9.4		SE-EPI	2500	18.398	0.15×0.415	o.445	https://www.ncbi.nlm.nih.gov/pmc/articles/PMC7718219/	https://openneuro.org/datasets/ds002307/versions/3.2.402
		fslchpixdim	3003	300315		7		2	mouse	F1 C6/129P	B6129PF/J1 hybrid mice 	m	9–413		m	y	y	n	y	Isoflurane				Bruker BioSpin	9.4		SE-EPI	2500	18.398	0.15×0.416	o.446	https://www.ncbi.nlm.nih.gov/pmc/articles/PMC7718219/	https://openneuro.org/datasets/ds002307/versions/3.2.403
		fslchpixdim	3003	300315		7		3	mouse	F1 C6/129P	B6129PF/J1 hybrid mice 	m	9–414		m	y	y	n	y	Isoflurane				Bruker BioSpin	9.4		SE-EPI	2500	18.398	0.15×0.417	o.447	https://www.ncbi.nlm.nih.gov/pmc/articles/PMC7718219/	https://openneuro.org/datasets/ds002307/versions/3.2.404
		fslchpixdim	3003	300315		7		4	mouse	F1 C6/129P	B6129PF/J1 hybrid mice 	m	9–415		m	y	y	n	y	Isoflurane				Bruker BioSpin	9.4		SE-EPI	2500	18.398	0.15×0.418	o.448	https://www.ncbi.nlm.nih.gov/pmc/articles/PMC7718219/	https://openneuro.org/datasets/ds002307/versions/3.2.405
		fslchpixdim	3003	300316	Ey159	1	1	1	mouse	F1 C6/129P	B6129PF/J1 hybrid mice 	m	9–416		m	y	y	n	y	Isoflurane				Bruker BioSpin	9.4		SE-EPI	2500	18.398	0.15×0.419	o.449	https://www.ncbi.nlm.nih.gov/pmc/articles/PMC7718219/	https://openneuro.org/datasets/ds002307/versions/3.2.406
		fslchpixdim	3003	300316		1		2	mouse	F1 C6/129P	B6129PF/J1 hybrid mice 	m	9–417		m	y	y	n	y	Isoflurane				Bruker BioSpin	9.4		SE-EPI	2500	18.398	0.15×0.420	o.450	https://www.ncbi.nlm.nih.gov/pmc/articles/PMC7718219/	https://openneuro.org/datasets/ds002307/versions/3.2.407
		fslchpixdim	3003	300316		1		3	mouse	F1 C6/129P	B6129PF/J1 hybrid mice 	m	9–418		m	y	y	n	y	Isoflurane				Bruker BioSpin	9.4		SE-EPI	2500	18.398	0.15×0.421	o.451	https://www.ncbi.nlm.nih.gov/pmc/articles/PMC7718219/	https://openneuro.org/datasets/ds002307/versions/3.2.408
		fslchpixdim	3003	300316		1		4	mouse	F1 C6/129P	B6129PF/J1 hybrid mice 	m	9–419		m	y	y	n	y	Isoflurane				Bruker BioSpin	9.4		SE-EPI	2500	18.398	0.15×0.422	o.452	https://www.ncbi.nlm.nih.gov/pmc/articles/PMC7718219/	https://openneuro.org/datasets/ds002307/versions/3.2.409
		fslchpixdim	3003	300316		2	2	1	mouse	F1 C6/129P	B6129PF/J1 hybrid mice 	m	9–420		m	y	y	n	y	Isoflurane				Bruker BioSpin	9.4		SE-EPI	2500	18.398	0.15×0.423	o.453	https://www.ncbi.nlm.nih.gov/pmc/articles/PMC7718219/	https://openneuro.org/datasets/ds002307/versions/3.2.410
		fslchpixdim	3003	300316		2		2	mouse	F1 C6/129P	B6129PF/J1 hybrid mice 	m	9–421		m	y	y	n	y	Isoflurane				Bruker BioSpin	9.4		SE-EPI	2500	18.398	0.15×0.424	o.454	https://www.ncbi.nlm.nih.gov/pmc/articles/PMC7718219/	https://openneuro.org/datasets/ds002307/versions/3.2.411
		fslchpixdim	3003	300316		2		3	mouse	F1 C6/129P	B6129PF/J1 hybrid mice 	m	9–422		m	y	y	n	y	Isoflurane				Bruker BioSpin	9.4		SE-EPI	2500	18.398	0.15×0.425	o.455	https://www.ncbi.nlm.nih.gov/pmc/articles/PMC7718219/	https://openneuro.org/datasets/ds002307/versions/3.2.412
		fslchpixdim	3003	300316		2		4	mouse	F1 C6/129P	B6129PF/J1 hybrid mice 	m	9–423		m	y	y	n	y	Isoflurane				Bruker BioSpin	9.4		SE-EPI	2500	18.398	0.15×0.426	o.456	https://www.ncbi.nlm.nih.gov/pmc/articles/PMC7718219/	https://openneuro.org/datasets/ds002307/versions/3.2.413
		fslchpixdim	3003	300316		3	3	1	mouse	F1 C6/129P	B6129PF/J1 hybrid mice 	m	9–424		m	y	y	n	y	Isoflurane				Bruker BioSpin	9.4		SE-EPI	2500	18.398	0.15×0.427	o.457	https://www.ncbi.nlm.nih.gov/pmc/articles/PMC7718219/	https://openneuro.org/datasets/ds002307/versions/3.2.414
		fslchpixdim	3003	300316		3		2	mouse	F1 C6/129P	B6129PF/J1 hybrid mice 	m	9–425		m	y	y	n	y	Isoflurane				Bruker BioSpin	9.4		SE-EPI	2500	18.398	0.15×0.428	o.458	https://www.ncbi.nlm.nih.gov/pmc/articles/PMC7718219/	https://openneuro.org/datasets/ds002307/versions/3.2.415
		fslchpixdim	3003	300316		3		3	mouse	F1 C6/129P	B6129PF/J1 hybrid mice 	m	9–426		m	y	y	n	y	Isoflurane				Bruker BioSpin	9.4		SE-EPI	2500	18.398	0.15×0.429	o.459	https://www.ncbi.nlm.nih.gov/pmc/articles/PMC7718219/	https://openneuro.org/datasets/ds002307/versions/3.2.416
		fslchpixdim	3003	300316		3		4	mouse	F1 C6/129P	B6129PF/J1 hybrid mice 	m	9–427		m	y	y	n	y	Isoflurane				Bruker BioSpin	9.4		SE-EPI	2500	18.398	0.15×0.430	o.460	https://www.ncbi.nlm.nih.gov/pmc/articles/PMC7718219/	https://openneuro.org/datasets/ds002307/versions/3.2.417
		fslchpixdim	3003	300316		4	4	1	mouse	F1 C6/129P	B6129PF/J1 hybrid mice 	m	9–428		m	y	y	n	y	Isoflurane				Bruker BioSpin	9.4		SE-EPI	2500	18.398	0.15×0.431	o.461	https://www.ncbi.nlm.nih.gov/pmc/articles/PMC7718219/	https://openneuro.org/datasets/ds002307/versions/3.2.418
		fslchpixdim	3003	300316		4		2	mouse	F1 C6/129P	B6129PF/J1 hybrid mice 	m	9–429		m	y	y	n	y	Isoflurane				Bruker BioSpin	9.4		SE-EPI	2500	18.398	0.15×0.432	o.462	https://www.ncbi.nlm.nih.gov/pmc/articles/PMC7718219/	https://openneuro.org/datasets/ds002307/versions/3.2.419
		fslchpixdim	3003	300316		4		3	mouse	F1 C6/129P	B6129PF/J1 hybrid mice 	m	9–430		m	y	y	n	y	Isoflurane				Bruker BioSpin	9.4		SE-EPI	2500	18.398	0.15×0.433	o.463	https://www.ncbi.nlm.nih.gov/pmc/articles/PMC7718219/	https://openneuro.org/datasets/ds002307/versions/3.2.420
		fslchpixdim	3003	300316		4		4	mouse	F1 C6/129P	B6129PF/J1 hybrid mice 	m	9–431		m	y	y	n	y	Isoflurane				Bruker BioSpin	9.4		SE-EPI	2500	18.398	0.15×0.434	o.464	https://www.ncbi.nlm.nih.gov/pmc/articles/PMC7718219/	https://openneuro.org/datasets/ds002307/versions/3.2.421
		fslchpixdim	3003	300316		5	5	1	mouse	F1 C6/129P	B6129PF/J1 hybrid mice 	m	9–432		m	y	y	n	y	Isoflurane				Bruker BioSpin	9.4		SE-EPI	2500	18.398	0.15×0.435	o.465	https://www.ncbi.nlm.nih.gov/pmc/articles/PMC7718219/	https://openneuro.org/datasets/ds002307/versions/3.2.422
		fslchpixdim	3003	300316		5		2	mouse	F1 C6/129P	B6129PF/J1 hybrid mice 	m	9–433		m	y	y	n	y	Isoflurane				Bruker BioSpin	9.4		SE-EPI	2500	18.398	0.15×0.436	o.466	https://www.ncbi.nlm.nih.gov/pmc/articles/PMC7718219/	https://openneuro.org/datasets/ds002307/versions/3.2.423
		fslchpixdim	3003	300316		5		3	mouse	F1 C6/129P	B6129PF/J1 hybrid mice 	m	9–434		m	y	y	n	y	Isoflurane				Bruker BioSpin	9.4		SE-EPI	2500	18.398	0.15×0.437	o.467	https://www.ncbi.nlm.nih.gov/pmc/articles/PMC7718219/	https://openneuro.org/datasets/ds002307/versions/3.2.424
		fslchpixdim	3003	300316		5		4	mouse	F1 C6/129P	B6129PF/J1 hybrid mice 	m	9–435		m	y	y	n	y	Isoflurane				Bruker BioSpin	9.4		SE-EPI	2500	18.398	0.15×0.438	o.468	https://www.ncbi.nlm.nih.gov/pmc/articles/PMC7718219/	https://openneuro.org/datasets/ds002307/versions/3.2.425
		fslchpixdim	3003	300316		6	6	1	mouse	F1 C6/129P	B6129PF/J1 hybrid mice 	m	9–436		m	y	y	n	y	Isoflurane				Bruker BioSpin	9.4		SE-EPI	2500	18.398	0.15×0.439	o.469	https://www.ncbi.nlm.nih.gov/pmc/articles/PMC7718219/	https://openneuro.org/datasets/ds002307/versions/3.2.426
		fslchpixdim	3003	300316		6		2	mouse	F1 C6/129P	B6129PF/J1 hybrid mice 	m	9–437		m	y	y	n	y	Isoflurane				Bruker BioSpin	9.4		SE-EPI	2500	18.398	0.15×0.440	o.470	https://www.ncbi.nlm.nih.gov/pmc/articles/PMC7718219/	https://openneuro.org/datasets/ds002307/versions/3.2.427
		fslchpixdim	3003	300316		6		3	mouse	F1 C6/129P	B6129PF/J1 hybrid mice 	m	9–438		m	y	y	n	y	Isoflurane				Bruker BioSpin	9.4		SE-EPI	2500	18.398	0.15×0.441	o.471	https://www.ncbi.nlm.nih.gov/pmc/articles/PMC7718219/	https://openneuro.org/datasets/ds002307/versions/3.2.428
		fslchpixdim	3003	300316		6		4	mouse	F1 C6/129P	B6129PF/J1 hybrid mice 	m	9–439		m	y	y	n	y	Isoflurane				Bruker BioSpin	9.4		SE-EPI	2500	18.398	0.15×0.442	o.472	https://www.ncbi.nlm.nih.gov/pmc/articles/PMC7718219/	https://openneuro.org/datasets/ds002307/versions/3.2.429
		fslchpixdim	3003	300316		7	7	1	mouse	F1 C6/129P	B6129PF/J1 hybrid mice 	m	9–440		m	y	y	n	y	Isoflurane				Bruker BioSpin	9.4		SE-EPI	2500	18.398	0.15×0.443	o.473	https://www.ncbi.nlm.nih.gov/pmc/articles/PMC7718219/	https://openneuro.org/datasets/ds002307/versions/3.2.430
		fslchpixdim	3003	300316		7		2	mouse	F1 C6/129P	B6129PF/J1 hybrid mice 	m	9–441		m	y	y	n	y	Isoflurane				Bruker BioSpin	9.4		SE-EPI	2500	18.398	0.15×0.444	o.474	https://www.ncbi.nlm.nih.gov/pmc/articles/PMC7718219/	https://openneuro.org/datasets/ds002307/versions/3.2.431
		fslchpixdim	3003	300316		7		3	mouse	F1 C6/129P	B6129PF/J1 hybrid mice 	m	9–442		m	y	y	n	y	Isoflurane				Bruker BioSpin	9.4		SE-EPI	2500	18.398	0.15×0.445	o.475	https://www.ncbi.nlm.nih.gov/pmc/articles/PMC7718219/	https://openneuro.org/datasets/ds002307/versions/3.2.432
		fslchpixdim	3003	300316		7		4	mouse	F1 C6/129P	B6129PF/J1 hybrid mice 	m	9–443		m	y	y	n	y	Isoflurane				Bruker BioSpin	9.4		SE-EPI	2500	18.398	0.15×0.446	o.476	https://www.ncbi.nlm.nih.gov/pmc/articles/PMC7718219/	https://openneuro.org/datasets/ds002307/versions/3.2.433
		fslchpixdim	3003	300317	Ey160	1	1	1	mouse	F1 C6/129P	B6129PF/J1 hybrid mice 	m	9–444		m	y	y	n	y	Isoflurane				Bruker BioSpin	9.4		SE-EPI	2500	18.398	0.15×0.447	o.477	https://www.ncbi.nlm.nih.gov/pmc/articles/PMC7718219/	https://openneuro.org/datasets/ds002307/versions/3.2.434
		fslchpixdim	3003	300317		1		2	mouse	F1 C6/129P	B6129PF/J1 hybrid mice 	m	9–445		m	y	y	n	y	Isoflurane				Bruker BioSpin	9.4		SE-EPI	2500	18.398	0.15×0.448	o.478	https://www.ncbi.nlm.nih.gov/pmc/articles/PMC7718219/	https://openneuro.org/datasets/ds002307/versions/3.2.435
		fslchpixdim	3003	300317		1		3	mouse	F1 C6/129P	B6129PF/J1 hybrid mice 	m	9–446		m	y	y	n	y	Isoflurane				Bruker BioSpin	9.4		SE-EPI	2500	18.398	0.15×0.449	o.479	https://www.ncbi.nlm.nih.gov/pmc/articles/PMC7718219/	https://openneuro.org/datasets/ds002307/versions/3.2.436
		fslchpixdim	3003	300317		1		4	mouse	F1 C6/129P	B6129PF/J1 hybrid mice 	m	9–447		m	y	y	n	y	Isoflurane				Bruker BioSpin	9.4		SE-EPI	2500	18.398	0.15×0.450	o.480	https://www.ncbi.nlm.nih.gov/pmc/articles/PMC7718219/	https://openneuro.org/datasets/ds002307/versions/3.2.437
		fslchpixdim	3003	300317		2	2	1	mouse	F1 C6/129P	B6129PF/J1 hybrid mice 	m	9–448		m	y	y	n	y	Isoflurane				Bruker BioSpin	9.4		SE-EPI	2500	18.398	0.15×0.451	o.481	https://www.ncbi.nlm.nih.gov/pmc/articles/PMC7718219/	https://openneuro.org/datasets/ds002307/versions/3.2.438
		fslchpixdim	3003	300317		2		2	mouse	F1 C6/129P	B6129PF/J1 hybrid mice 	m	9–449		m	y	y	n	y	Isoflurane				Bruker BioSpin	9.4		SE-EPI	2500	18.398	0.15×0.452	o.482	https://www.ncbi.nlm.nih.gov/pmc/articles/PMC7718219/	https://openneuro.org/datasets/ds002307/versions/3.2.439
		fslchpixdim	3003	300317		2		3	mouse	F1 C6/129P	B6129PF/J1 hybrid mice 	m	9–450		m	y	y	n	y	Isoflurane				Bruker BioSpin	9.4		SE-EPI	2500	18.398	0.15×0.453	o.483	https://www.ncbi.nlm.nih.gov/pmc/articles/PMC7718219/	https://openneuro.org/datasets/ds002307/versions/3.2.440
		fslchpixdim	3003	300317		2		4	mouse	F1 C6/129P	B6129PF/J1 hybrid mice 	m	9–451		m	y	y	n	y	Isoflurane				Bruker BioSpin	9.4		SE-EPI	2500	18.398	0.15×0.454	o.484	https://www.ncbi.nlm.nih.gov/pmc/articles/PMC7718219/	https://openneuro.org/datasets/ds002307/versions/3.2.441
		fslchpixdim	3003	300317		3	3	1	mouse	F1 C6/129P	B6129PF/J1 hybrid mice 	m	9–452		m	y	y	n	y	Isoflurane				Bruker BioSpin	9.4		SE-EPI	2500	18.398	0.15×0.455	o.485	https://www.ncbi.nlm.nih.gov/pmc/articles/PMC7718219/	https://openneuro.org/datasets/ds002307/versions/3.2.442
		fslchpixdim	3003	300317		3		2	mouse	F1 C6/129P	B6129PF/J1 hybrid mice 	m	9–453		m	y	y	n	y	Isoflurane				Bruker BioSpin	9.4		SE-EPI	2500	18.398	0.15×0.456	o.486	https://www.ncbi.nlm.nih.gov/pmc/articles/PMC7718219/	https://openneuro.org/datasets/ds002307/versions/3.2.443
		fslchpixdim	3003	300317		3		3	mouse	F1 C6/129P	B6129PF/J1 hybrid mice 	m	9–454		m	y	y	n	y	Isoflurane				Bruker BioSpin	9.4		SE-EPI	2500	18.398	0.15×0.457	o.487	https://www.ncbi.nlm.nih.gov/pmc/articles/PMC7718219/	https://openneuro.org/datasets/ds002307/versions/3.2.444
		fslchpixdim	3003	300317		3		4	mouse	F1 C6/129P	B6129PF/J1 hybrid mice 	m	9–455		m	y	y	n	y	Isoflurane				Bruker BioSpin	9.4		SE-EPI	2500	18.398	0.15×0.458	o.488	https://www.ncbi.nlm.nih.gov/pmc/articles/PMC7718219/	https://openneuro.org/datasets/ds002307/versions/3.2.445
		fslchpixdim	3003	300317		4	4	1	mouse	F1 C6/129P	B6129PF/J1 hybrid mice 	m	9–456		m	y	y	n	y	Isoflurane				Bruker BioSpin	9.4		SE-EPI	2500	18.398	0.15×0.459	o.489	https://www.ncbi.nlm.nih.gov/pmc/articles/PMC7718219/	https://openneuro.org/datasets/ds002307/versions/3.2.446
		fslchpixdim	3003	300317		4		2	mouse	F1 C6/129P	B6129PF/J1 hybrid mice 	m	9–457		m	y	y	n	y	Isoflurane				Bruker BioSpin	9.4		SE-EPI	2500	18.398	0.15×0.460	o.490	https://www.ncbi.nlm.nih.gov/pmc/articles/PMC7718219/	https://openneuro.org/datasets/ds002307/versions/3.2.447
		fslchpixdim	3003	300317		4		3	mouse	F1 C6/129P	B6129PF/J1 hybrid mice 	m	9–458		m	y	y	n	y	Isoflurane				Bruker BioSpin	9.4		SE-EPI	2500	18.398	0.15×0.461	o.491	https://www.ncbi.nlm.nih.gov/pmc/articles/PMC7718219/	https://openneuro.org/datasets/ds002307/versions/3.2.448
		fslchpixdim	3003	300317		4		4	mouse	F1 C6/129P	B6129PF/J1 hybrid mice 	m	9–459		m	y	y	n	y	Isoflurane				Bruker BioSpin	9.4		SE-EPI	2500	18.398	0.15×0.462	o.492	https://www.ncbi.nlm.nih.gov/pmc/articles/PMC7718219/	https://openneuro.org/datasets/ds002307/versions/3.2.449
		fslchpixdim	3003	300317		5	5	1	mouse	F1 C6/129P	B6129PF/J1 hybrid mice 	m	9–460		m	y	y	n	y	Isoflurane				Bruker BioSpin	9.4		SE-EPI	2500	18.398	0.15×0.463	o.493	https://www.ncbi.nlm.nih.gov/pmc/articles/PMC7718219/	https://openneuro.org/datasets/ds002307/versions/3.2.450
		fslchpixdim	3003	300317		5		2	mouse	F1 C6/129P	B6129PF/J1 hybrid mice 	m	9–461		m	y	y	n	y	Isoflurane				Bruker BioSpin	9.4		SE-EPI	2500	18.398	0.15×0.464	o.494	https://www.ncbi.nlm.nih.gov/pmc/articles/PMC7718219/	https://openneuro.org/datasets/ds002307/versions/3.2.451
		fslchpixdim	3003	300317		5		3	mouse	F1 C6/129P	B6129PF/J1 hybrid mice 	m	9–462		m	y	y	n	y	Isoflurane				Bruker BioSpin	9.4		SE-EPI	2500	18.398	0.15×0.465	o.495	https://www.ncbi.nlm.nih.gov/pmc/articles/PMC7718219/	https://openneuro.org/datasets/ds002307/versions/3.2.452
		fslchpixdim	3003	300317		5		4	mouse	F1 C6/129P	B6129PF/J1 hybrid mice 	m	9–463		m	y	y	n	y	Isoflurane				Bruker BioSpin	9.4		SE-EPI	2500	18.398	0.15×0.466	o.496	https://www.ncbi.nlm.nih.gov/pmc/articles/PMC7718219/	https://openneuro.org/datasets/ds002307/versions/3.2.453
		fslchpixdim	3003	300317		6	6	1	mouse	F1 C6/129P	B6129PF/J1 hybrid mice 	m	9–464		m	y	y	n	y	Isoflurane				Bruker BioSpin	9.4		SE-EPI	2500	18.398	0.15×0.467	o.497	https://www.ncbi.nlm.nih.gov/pmc/articles/PMC7718219/	https://openneuro.org/datasets/ds002307/versions/3.2.454
		fslchpixdim	3003	300317		6		2	mouse	F1 C6/129P	B6129PF/J1 hybrid mice 	m	9–465		m	y	y	n	y	Isoflurane				Bruker BioSpin	9.4		SE-EPI	2500	18.398	0.15×0.468	o.498	https://www.ncbi.nlm.nih.gov/pmc/articles/PMC7718219/	https://openneuro.org/datasets/ds002307/versions/3.2.455
		fslchpixdim	3003	300317		6		3	mouse	F1 C6/129P	B6129PF/J1 hybrid mice 	m	9–466		m	y	y	n	y	Isoflurane				Bruker BioSpin	9.4		SE-EPI	2500	18.398	0.15×0.469	o.499	https://www.ncbi.nlm.nih.gov/pmc/articles/PMC7718219/	https://openneuro.org/datasets/ds002307/versions/3.2.456
		fslchpixdim	3003	300317		6		4	mouse	F1 C6/129P	B6129PF/J1 hybrid mice 	m	9–467		m	y	y	n	y	Isoflurane				Bruker BioSpin	9.4		SE-EPI	2500	18.398	0.15×0.470	o.500	https://www.ncbi.nlm.nih.gov/pmc/articles/PMC7718219/	https://openneuro.org/datasets/ds002307/versions/3.2.457
		fslchpixdim	3003	300318	Ey161	1	1	1	mouse	F1 C6/129P	B6129PF/J1 hybrid mice 	m	9–472		m	y	y	n	y	Isoflurane				Bruker BioSpin	9.4		SE-EPI	2500	18.398	0.15×0.475	o.505	https://www.ncbi.nlm.nih.gov/pmc/articles/PMC7718219/	https://openneuro.org/datasets/ds002307/versions/3.2.462
		fslchpixdim	3003	300318		1		2	mouse	F1 C6/129P	B6129PF/J1 hybrid mice 	m	9–473		m	y	y	n	y	Isoflurane				Bruker BioSpin	9.4		SE-EPI	2500	18.398	0.15×0.476	o.506	https://www.ncbi.nlm.nih.gov/pmc/articles/PMC7718219/	https://openneuro.org/datasets/ds002307/versions/3.2.463
		fslchpixdim	3003	300318		1		3	mouse	F1 C6/129P	B6129PF/J1 hybrid mice 	m	9–474		m	y	y	n	y	Isoflurane				Bruker BioSpin	9.4		SE-EPI	2500	18.398	0.15×0.477	o.507	https://www.ncbi.nlm.nih.gov/pmc/articles/PMC7718219/	https://openneuro.org/datasets/ds002307/versions/3.2.464
		fslchpixdim	3003	300318		1		4	mouse	F1 C6/129P	B6129PF/J1 hybrid mice 	m	9–475		m	y	y	n	y	Isoflurane				Bruker BioSpin	9.4		SE-EPI	2500	18.398	0.15×0.478	o.508	https://www.ncbi.nlm.nih.gov/pmc/articles/PMC7718219/	https://openneuro.org/datasets/ds002307/versions/3.2.465
		fslchpixdim	3003	300318		2	2	1	mouse	F1 C6/129P	B6129PF/J1 hybrid mice 	m	9–476		m	y	y	n	y	Isoflurane				Bruker BioSpin	9.4		SE-EPI	2500	18.398	0.15×0.479	o.509	https://www.ncbi.nlm.nih.gov/pmc/articles/PMC7718219/	https://openneuro.org/datasets/ds002307/versions/3.2.466
		fslchpixdim	3003	300318		2		2	mouse	F1 C6/129P	B6129PF/J1 hybrid mice 	m	9–477		m	y	y	n	y	Isoflurane				Bruker BioSpin	9.4		SE-EPI	2500	18.398	0.15×0.480	o.510	https://www.ncbi.nlm.nih.gov/pmc/articles/PMC7718219/	https://openneuro.org/datasets/ds002307/versions/3.2.467
		fslchpixdim	3003	300318		2		3	mouse	F1 C6/129P	B6129PF/J1 hybrid mice 	m	9–478		m	y	y	n	y	Isoflurane				Bruker BioSpin	9.4		SE-EPI	2500	18.398	0.15×0.481	o.511	https://www.ncbi.nlm.nih.gov/pmc/articles/PMC7718219/	https://openneuro.org/datasets/ds002307/versions/3.2.468
		fslchpixdim	3003	300318		2		4	mouse	F1 C6/129P	B6129PF/J1 hybrid mice 	m	9–479		m	y	y	n	y	Isoflurane				Bruker BioSpin	9.4		SE-EPI	2500	18.398	0.15×0.482	o.512	https://www.ncbi.nlm.nih.gov/pmc/articles/PMC7718219/	https://openneuro.org/datasets/ds002307/versions/3.2.469
		fslchpixdim	3003	300318		3	3	1	mouse	F1 C6/129P	B6129PF/J1 hybrid mice 	m	9–480		m	y	y	n	y	Isoflurane				Bruker BioSpin	9.4		SE-EPI	2500	18.398	0.15×0.483	o.513	https://www.ncbi.nlm.nih.gov/pmc/articles/PMC7718219/	https://openneuro.org/datasets/ds002307/versions/3.2.470
		fslchpixdim	3003	300318		3		2	mouse	F1 C6/129P	B6129PF/J1 hybrid mice 	m	9–481		m	y	y	n	y	Isoflurane				Bruker BioSpin	9.4		SE-EPI	2500	18.398	0.15×0.484	o.514	https://www.ncbi.nlm.nih.gov/pmc/articles/PMC7718219/	https://openneuro.org/datasets/ds002307/versions/3.2.471
		fslchpixdim	3003	300318		3		3	mouse	F1 C6/129P	B6129PF/J1 hybrid mice 	m	9–482		m	y	y	n	y	Isoflurane				Bruker BioSpin	9.4		SE-EPI	2500	18.398	0.15×0.485	o.515	https://www.ncbi.nlm.nih.gov/pmc/articles/PMC7718219/	https://openneuro.org/datasets/ds002307/versions/3.2.472
		fslchpixdim	3003	300318		3		4	mouse	F1 C6/129P	B6129PF/J1 hybrid mice 	m	9–483		m	y	y	n	y	Isoflurane				Bruker BioSpin	9.4		SE-EPI	2500	18.398	0.15×0.486	o.516	https://www.ncbi.nlm.nih.gov/pmc/articles/PMC7718219/	https://openneuro.org/datasets/ds002307/versions/3.2.473
		fslchpixdim	3003	300318		4	4	1	mouse	F1 C6/129P	B6129PF/J1 hybrid mice 	m	9–484		m	y	y	n	y	Isoflurane				Bruker BioSpin	9.4		SE-EPI	2500	18.398	0.15×0.487	o.517	https://www.ncbi.nlm.nih.gov/pmc/articles/PMC7718219/	https://openneuro.org/datasets/ds002307/versions/3.2.474
		fslchpixdim	3003	300318		4		2	mouse	F1 C6/129P	B6129PF/J1 hybrid mice 	m	9–485		m	y	y	n	y	Isoflurane				Bruker BioSpin	9.4		SE-EPI	2500	18.398	0.15×0.488	o.518	https://www.ncbi.nlm.nih.gov/pmc/articles/PMC7718219/	https://openneuro.org/datasets/ds002307/versions/3.2.475
		fslchpixdim	3003	300318		4		3	mouse	F1 C6/129P	B6129PF/J1 hybrid mice 	m	9–486		m	y	y	n	y	Isoflurane				Bruker BioSpin	9.4		SE-EPI	2500	18.398	0.15×0.489	o.519	https://www.ncbi.nlm.nih.gov/pmc/articles/PMC7718219/	https://openneuro.org/datasets/ds002307/versions/3.2.476
		fslchpixdim	3003	300318		4		4	mouse	F1 C6/129P	B6129PF/J1 hybrid mice 	m	9–487		m	y	y	n	y	Isoflurane				Bruker BioSpin	9.4		SE-EPI	2500	18.398	0.15×0.490	o.520	https://www.ncbi.nlm.nih.gov/pmc/articles/PMC7718219/	https://openneuro.org/datasets/ds002307/versions/3.2.477
		fslchpixdim	3003	300318		5	5	1	mouse	F1 C6/129P	B6129PF/J1 hybrid mice 	m	9–488		m	y	y	n	y	Isoflurane				Bruker BioSpin	9.4		SE-EPI	2500	18.398	0.15×0.491	o.521	https://www.ncbi.nlm.nih.gov/pmc/articles/PMC7718219/	https://openneuro.org/datasets/ds002307/versions/3.2.478
		fslchpixdim	3003	300318		5		2	mouse	F1 C6/129P	B6129PF/J1 hybrid mice 	m	9–489		m	y	y	n	y	Isoflurane				Bruker BioSpin	9.4		SE-EPI	2500	18.398	0.15×0.492	o.522	https://www.ncbi.nlm.nih.gov/pmc/articles/PMC7718219/	https://openneuro.org/datasets/ds002307/versions/3.2.479
		fslchpixdim	3003	300318		5		3	mouse	F1 C6/129P	B6129PF/J1 hybrid mice 	m	9–490		m	y	y	n	y	Isoflurane				Bruker BioSpin	9.4		SE-EPI	2500	18.398	0.15×0.493	o.523	https://www.ncbi.nlm.nih.gov/pmc/articles/PMC7718219/	https://openneuro.org/datasets/ds002307/versions/3.2.480
		fslchpixdim	3003	300318		5		4	mouse	F1 C6/129P	B6129PF/J1 hybrid mice 	m	9–491		m	y	y	n	y	Isoflurane				Bruker BioSpin	9.4		SE-EPI	2500	18.398	0.15×0.494	o.524	https://www.ncbi.nlm.nih.gov/pmc/articles/PMC7718219/	https://openneuro.org/datasets/ds002307/versions/3.2.481
		fslchpixdim	3003	300318		6		2	mouse	F1 C6/129P	B6129PF/J1 hybrid mice 	m	9–493		m	y	y	n	y	Isoflurane				Bruker BioSpin	9.4		SE-EPI	2500	18.398	0.15×0.496	o.526	https://www.ncbi.nlm.nih.gov/pmc/articles/PMC7718219/	https://openneuro.org/datasets/ds002307/versions/3.2.483
		fslchpixdim	3003	300318		6		3	mouse	F1 C6/129P	B6129PF/J1 hybrid mice 	m	9–494		m	y	y	n	y	Isoflurane				Bruker BioSpin	9.4		SE-EPI	2500	18.398	0.15×0.497	o.527	https://www.ncbi.nlm.nih.gov/pmc/articles/PMC7718219/	https://openneuro.org/datasets/ds002307/versions/3.2.484
		fslchpixdim	3003	300318		6		4	mouse	F1 C6/129P	B6129PF/J1 hybrid mice 	m	9–495		m	y	y	n	y	Isoflurane				Bruker BioSpin	9.4		SE-EPI	2500	18.398	0.15×0.498	o.528	https://www.ncbi.nlm.nih.gov/pmc/articles/PMC7718219/	https://openneuro.org/datasets/ds002307/versions/3.2.485
			1012	101200	3Mo/WT/C1_M1_C3	1		1	mouse	C57BL/6		m	3 Months		f	n	y		y	Isoflurane				Bruker	9.4		GE-EPI	1500	6	0,25	1,25		
			1012	101201	3Mo/WT/C1_M2_C3	1		1	mouse	C57BL/6		m	3 Months		f	n	y		y	Isoflurane				Bruker	9.4		GE-EPI	1500	6	0,25	1,25		
			1012	101202	3Mo/WT/C1_M3_C3	1		1	mouse	C57BL/6		m	3 Months		f	n	y		y	Isoflurane				Bruker	9.4		GE-EPI	1500	6	0,25	1,25		
			1012	101203	3Mo/WT/C2_M1_C3	1		1	mouse	C57BL/6		m	3 Months		f	n	y		y	Isoflurane				Bruker	9.4		GE-EPI	1500	6	0,25	1,25		
			1012	101204	3Mo/WT/C3_F1_C3	1		1	mouse	C57BL/6		f	3 Months		f	n	y		y	Isoflurane				Bruker	9.4		GE-EPI	1500	6	0,25	1,25		
			1012	101205	3Mo/WT/C3_F2_C3	1		1	mouse	C57BL/6		f	3 Months		f	n	y		y	Isoflurane				Bruker	9.4		GE-EPI	1500	6	0,25	1,25		
			1012	101206	3Mo/WT/C3_F3_C3	1		1	mouse	C57BL/6		f	3 Months		f	n	y		y	Isoflurane				Bruker	9.4		GE-EPI	1500	6	0,25	1,25		
			1012	101207	3Mo/WT/C4_F1_C3	1		1	mouse	C57BL/6		f	3 Months		f	n	y		y	Isoflurane				Bruker	9.4		GE-EPI	1500	6	0,25	1,25		
			1012	101208	6Mo/WT/110	1		1	mouse	C57BL/6		f	6 Months		f	n	y		y	Isoflurane				Bruker	9.4		GE-EPI	1500	6	0,25	1,25		
y			1012	101209	6Mo/WT/111	1		1	mouse	C57BL/6		f	6 Months		f	n	y		y	Isoflurane				Bruker	9.4		GE-EPI	1500	6	0,25	1,25		
			1012	101210	6Mo/WT/112	1		1	mouse	C57BL/6		f	6 Months		f	n	y		y	Isoflurane				Bruker	9.4		GE-EPI	1500	6	0,25	1,25		
			1012	101211	6Mo/WT/113	1		1	mouse	C57BL/6		f	6 Months		f	n	y		y	Isoflurane				Bruker	9.4		GE-EPI	1500	6	0,25	1,25		
			1012	101212	6Mo/WT/114	1		1	mouse	C57BL/6		f	6 Months		f	n	y		y	Isoflurane				Bruker	9.4		GE-EPI	1500	6	0,25	1,25		
			1012	101213	6Mo/WT/115	1		1	mouse	C57BL/6		m	6 Months		f	n	y		y	Isoflurane				Bruker	9.4		GE-EPI	1500	6	0,25	1,25		
			1012	101214	6Mo/WT/116	1		1	mouse	C57BL/6		m	6 Months		f	n	y		y	Isoflurane				Bruker	9.4		GE-EPI	1500	6	0,25	1,25		
			1012	101215	6Mo/WT/117	1		1	mouse	C57BL/6		m	6 Months		f	n	y		y	Isoflurane				Bruker	9.4		GE-EPI	1500	6	0,25	1,25		
			1012	101216	6Mo/WT/118	1		1	mouse	C57BL/6		m	6 Months		f	n	y		y	Isoflurane				Bruker	9.4		GE-EPI	1500	6	0,25	1,25		
			1012	101217	6Mo/WT/119	1		1	mouse	C57BL/6		m	6 Months		f	n	y		y	Isoflurane				Bruker	9.4		GE-EPI	1500	6	0,25	1,25		
			1012	101218	10Mo/WT/C1_M1_C10	1		1	mouse	C57BL/6		m	10 Months		f	n	y		y	Isoflurane				Bruker	9.4		GE-EPI	1500	6	0,25	1,25		
			1012	101219	10Mo/WT/C1_M2_C10	1		1	mouse	C57BL/6		m	10 Months		f	n	y		y	Isoflurane				Bruker	9.4		GE-EPI	1500	6	0,25	1,25		
			1012	101220	10Mo/WT/C1_M3_C10	1		1	mouse	C57BL/6		m	10 Months		f	n	y		y	Isoflurane				Bruker	9.4		GE-EPI	1500	6	0,25	1,25		
			1012	101221	10Mo/WT/C2_M1_C10	1		1	mouse	C57BL/6		m	10 Months		f	n	y		y	Isoflurane				Bruker	9.4		GE-EPI	1500	6	0,25	1,25		
			1012	101222	10Mo/WT/C2_M2_C10	1		1	mouse	C57BL/6		m	10 Months		f	n	y		y	Isoflurane				Bruker	9.4		GE-EPI	1500	6	0,25	1,25		
			1012	101223	10Mo/WT/C3_F2_C10	1		1	mouse	C57BL/6		f	10 Months		f	n	y		y	Isoflurane				Bruker	9.4		GE-EPI	1500	6	0,25	1,25		
y			1012	101224	10Mo/WT/C3_F3_C10	1		1	mouse	C57BL/6		f	10 Months		f	n	y		y	Isoflurane				Bruker	9.4		GE-EPI	1500	6	0,25	1,25		
			1012	101225	10Mo/WT/C4_F1_C10	1		1	mouse	C57BL/6		f	10 Months		f	n	y		y	Isoflurane				Bruker	9.4		GE-EPI	1500	6	0,25	1,25		
			3004	300400		1		1	mouse	C57BL/6		f			f	n	y	n	y	Isoflurane				Bruker	11.7	y	GE-EPI	1200	15	0.18x0.15	0.4		
			3004	300400		1		2	mouse	C57BL/6		f			f	n	y	n	y	Isoflurane				Bruker	11.7	y	GE-EPI	1200	15	0.18x0.15	0.4		
			3004	300400		1		3	mouse	C57BL/6		f			f	n	y	n	y	Isoflurane				Bruker	11.7	y	GE-EPI	1200	15	0.18x0.15	0.4		
			3004	300401		1		1	mouse	C57BL/6		f			f	n	y	n	y	Isoflurane				Bruker	11.7	y	GE-EPI	1200	15	0.18x0.15	0.4		
			3004	300401		1		2	mouse	C57BL/6		f			f	n	y	n	y	Isoflurane				Bruker	11.7	y	GE-EPI	1200	15	0.18x0.15	0.4		
			3004	300401		1		3	mouse	C57BL/6		f			f	n	y	n	y	Isoflurane				Bruker	11.7	y	GE-EPI	1200	15	0.18x0.15	0.4		
			3004	300402		1		1	mouse	C57BL/6		f			f	n	y	n	y	Isoflurane				Bruker	11.7	y	GE-EPI	1200	15	0.18x0.15	0.4		
			3004	300402		1		2	mouse	C57BL/6		f			f	n	y	n	y	Isoflurane				Bruker	11.7	y	GE-EPI	1200	15	0.18x0.15	0.4		
			3004	300402		1		3	mouse	C57BL/6		f			f	n	y	n	y	Isoflurane				Bruker	11.7	y	GE-EPI	1200	15	0.18x0.15	0.4		
			3004	300403		1		1	mouse	C57BL/6		f			f	n	y	n	y	Isoflurane				Bruker	11.7	y	GE-EPI	1200	15	0.18x0.15	0.4		
			3004	300403		1		2	mouse	C57BL/6		f			f	n	y	n	y	Isoflurane				Bruker	11.7	y	GE-EPI	1200	15	0.18x0.15	0.4		
			3004	300403		1		3	mouse	C57BL/6		f			f	n	y	n	y	Isoflurane				Bruker	11.7	y	GE-EPI	1200	15	0.18x0.15	0.4		
			3004	300404		1		1	mouse	C57BL/6		f			f	n	y	n	y	Isoflurane				Bruker	11.7	y	GE-EPI	1200	15	0.18x0.15	0.4		
			3004	300404		1		2	mouse	C57BL/6		f			f	n	y	n	y	Isoflurane				Bruker	11.7	y	GE-EPI	1200	15	0.18x0.15	0.4		
			3004	300404		1		3	mouse	C57BL/6		f			f	n	y	n	y	Isoflurane				Bruker	11.7	y	GE-EPI	1200	15	0.18x0.15	0.4		
			3004	300405		1		1	mouse	C57BL/6		f			f	n	y	n	y	Isoflurane				Bruker	11.7	y	GE-EPI	1200	15	0.18x0.15	0.4		
			3004	300405		1		2	mouse	C57BL/6		f			f	n	y	n	y	Isoflurane				Bruker	11.7	y	GE-EPI	1200	15	0.18x0.15	0.4		
			3004	300405		1		3	mouse	C57BL/6		f			f	n	y	n	y	Isoflurane				Bruker	11.7	y	GE-EPI	1200	15	0.18x0.15	0.4		
			3004	300406		1		1	mouse	C57BL/6		f			f	n	y	n	y	Isoflurane				Bruker	11.7	y	GE-EPI	1200	15	0.18x0.15	0.4		
			3004	300406		1		2	mouse	C57BL/6		f			f	n	y	n	y	Isoflurane				Bruker	11.7	y	GE-EPI	1200	15	0.18x0.15	0.4		
			3004	300406		1		3	mouse	C57BL/6		f			f	n	y	n	y	Isoflurane				Bruker	11.7	y	GE-EPI	1200	15	0.18x0.15	0.4		
			3004	300407		1		1	mouse	C57BL/6		f			f	n	y	n	y	Isoflurane				Bruker	11.7	y	GE-EPI	1200	15	0.18x0.15	0.4		
			3004	300407		1		2	mouse	C57BL/6		f			f	n	y	n	y	Isoflurane				Bruker	11.7	y	GE-EPI	1200	15	0.18x0.15	0.4		
			3004	300407		1		3	mouse	C57BL/6		f			f	n	y	n	y	Isoflurane				Bruker	11.7	y	GE-EPI	1200	15	0.18x0.15	0.4		
			3004	300408		1		1	mouse	C57BL/6		f			f	n	y	n	y	Isoflurane				Bruker	11.7	y	GE-EPI	1200	15	0.18x0.15	0.4		
			3004	300408		1		2	mouse	C57BL/6		f			f	n	y	n	y	Isoflurane				Bruker	11.7	y	GE-EPI	1200	15	0.18x0.15	0.4		
			3004	300408		1		3	mouse	C57BL/6		f			f	n	y	n	y	Isoflurane				Bruker	11.7	y	GE-EPI	1200	15	0.18x0.15	0.4		
			3004	300400		2		1	mouse	C57BL/6		f			f	n	y	n	y	Isoflurane				Bruker	11.7	y	GE-EPI	1200	15	0.18x0.15	0.4		
			3004	300400		2		2	mouse	C57BL/6		f			f	n	y	n	y	Isoflurane				Bruker	11.7	y	GE-EPI	1200	15	0.18x0.15	0.4		
			3004	300400		2		3	mouse	C57BL/6		f			f	n	y	n	y	Isoflurane				Bruker	11.7	y	GE-EPI	1200	15	0.18x0.15	0.4		
			3004	300401		2		1	mouse	C57BL/6		f			f	n	y	n	y	Isoflurane				Bruker	11.7	y	GE-EPI	1200	15	0.18x0.15	0.4		
			3004	300401		2		2	mouse	C57BL/6		f			f	n	y	n	y	Isoflurane				Bruker	11.7	y	GE-EPI	1200	15	0.18x0.15	0.4		
			3004	300401		2		3	mouse	C57BL/6		f			f	n	y	n	y	Isoflurane				Bruker	11.7	y	GE-EPI	1200	15	0.18x0.15	0.4		
			3004	300402		2		1	mouse	C57BL/6		f			f	n	y	n	y	Isoflurane				Bruker	11.7	y	GE-EPI	1200	15	0.18x0.15	0.4		
			3004	300402		2		2	mouse	C57BL/6		f			f	n	y	n	y	Isoflurane				Bruker	11.7	y	GE-EPI	1200	15	0.18x0.15	0.4		
			3004	300402		2		3	mouse	C57BL/6		f			f	n	y	n	y	Isoflurane				Bruker	11.7	y	GE-EPI	1200	15	0.18x0.15	0.4		
			3004	300403		2		1	mouse	C57BL/6		f			f	n	y	n	y	Isoflurane				Bruker	11.7	y	GE-EPI	1200	15	0.18x0.15	0.4		
			3004	300403		2		2	mouse	C57BL/6		f			f	n	y	n	y	Isoflurane				Bruker	11.7	y	GE-EPI	1200	15	0.18x0.15	0.4		
			3004	300403		2		3	mouse	C57BL/6		f			f	n	y	n	y	Isoflurane				Bruker	11.7	y	GE-EPI	1200	15	0.18x0.15	0.4		
			3004	300404		2		1	mouse	C57BL/6		f			f	n	y	n	y	Isoflurane				Bruker	11.7	y	GE-EPI	1200	15	0.18x0.15	0.4		
			3004	300404		2		2	mouse	C57BL/6		f			f	n	y	n	y	Isoflurane				Bruker	11.7	y	GE-EPI	1200	15	0.18x0.15	0.4		
			3004	300404		2		3	mouse	C57BL/6		f			f	n	y	n	y	Isoflurane				Bruker	11.7	y	GE-EPI	1200	15	0.18x0.15	0.4		
			3004	300405		2		1	mouse	C57BL/6		f			f	n	y	n	y	Isoflurane				Bruker	11.7	y	GE-EPI	1200	15	0.18x0.15	0.4		
			3004	300405		2		2	mouse	C57BL/6		f			f	n	y	n	y	Isoflurane				Bruker	11.7	y	GE-EPI	1200	15	0.18x0.15	0.4		
			3004	300405		2		3	mouse	C57BL/6		f			f	n	y	n	y	Isoflurane				Bruker	11.7	y	GE-EPI	1200	15	0.18x0.15	0.4		
			3004	300406		2		1	mouse	C57BL/6		f			f	n	y	n	y	Isoflurane				Bruker	11.7	y	GE-EPI	1200	15	0.18x0.15	0.4		
			3004	300406		2		2	mouse	C57BL/6		f			f	n	y	n	y	Isoflurane				Bruker	11.7	y	GE-EPI	1200	15	0.18x0.15	0.4		
			3004	300406		2		3	mouse	C57BL/6		f			f	n	y	n	y	Isoflurane				Bruker	11.7	y	GE-EPI	1200	15	0.18x0.15	0.4		
			3004	300407		2		1	mouse	C57BL/6		f			f	n	y	n	y	Isoflurane				Bruker	11.7	y	GE-EPI	1200	15	0.18x0.15	0.4		
			3004	300407		2		2	mouse	C57BL/6		f			f	n	y	n	y	Isoflurane				Bruker	11.7	y	GE-EPI	1200	15	0.18x0.15	0.4		
			3004	300407		2		3	mouse	C57BL/6		f			f	n	y	n	y	Isoflurane				Bruker	11.7	y	GE-EPI	1200	15	0.18x0.15	0.4		
			3004	300408		2		1	mouse	C57BL/6		f			f	n	y	n	y	Isoflurane				Bruker	11.7	y	GE-EPI	1200	15	0.18x0.15	0.4		
			3004	300408		2		2	mouse	C57BL/6		f			f	n	y	n	y	Isoflurane				Bruker	11.7	y	GE-EPI	1200	15	0.18x0.15	0.4		
			3004	300408		2		3	mouse	C57BL/6		f			f	n	y	n	y	Isoflurane				Bruker	11.7	y	GE-EPI	1200	15	0.18x0.15	0.4		
			1014	101400	No1	1		1	mouse	ICR		m	9 week-old	35,6	f	y	y	y	y	Isoflurane				Bruker	7.0	y	GE-EPI	2000	17	0,2	0,5		
			1014	101401	No2	1		1	mouse	ICR		m	9 week-old	34,0	f	y	y	y	y	Isoflurane				Bruker	7.0	y	GE-EPI	2000	17	0,2	0,5		
			1014	101402	No3	1		1	mouse	ICR		m	9 week-old	35,2	f	y	y	y	y	Isoflurane				Bruker	7.0	y	GE-EPI	2000	17	0,2	0,5		
			1014	101403	No4	1		1	mouse	ICR		m	9 week-old	36,8	f	y	y	y	y	Isoflurane				Bruker	7.0	y	GE-EPI	2000	17	0,2	0,5		
			3005	300500		1		1	mouse	C57BL/6		m	12 weeks		f	y	n	n	y	Isoflurane				Bruker	9.4	n	SE-EPI	2500	18,398	0.15	0.45	https://www.biorxiv.org/content/10.1101/2020.09.05.284364v1	
			3005	300500		1		2	mouse	C57BL/6		m	12 weeks		f	y	n	n	y	Isoflurane				Bruker	9.4	n	SE-EPI	2500	18,398	0.15	0.45	https://www.biorxiv.org/content/10.1101/2020.09.05.284364v1	
			3005	300500		1		3	mouse	C57BL/6		m	12 weeks		f	y	n	n	y	Isoflurane				Bruker	9.4	n	SE-EPI	2500	18,398	0.15	0.45	https://www.biorxiv.org/content/10.1101/2020.09.05.284364v1	
			3005	300500		1		4	mouse	C57BL/6		m	12 weeks		f	y	n	n	y	Isoflurane				Bruker	9.4	n	SE-EPI	2500	18,398	0.15	0.45	https://www.biorxiv.org/content/10.1101/2020.09.05.284364v1	
			3005	300500		2		1	mouse	C57BL/6		m	12 weeks		f	y	n	n	y	Isoflurane				Bruker	9.4	n	SE-EPI	2500	18,398	0.15	0.45	https://www.biorxiv.org/content/10.1101/2020.09.05.284364v1	
			3005	300500		2		2	mouse	C57BL/6		m	12 weeks		f	y	n	n	y	Isoflurane				Bruker	9.4	n	SE-EPI	2500	18,398	0.15	0.45	https://www.biorxiv.org/content/10.1101/2020.09.05.284364v1	
			3005	300500		2		3	mouse	C57BL/6		m	12 weeks		f	y	n	n	y	Isoflurane				Bruker	9.4	n	SE-EPI	2500	18,398	0.15	0.45	https://www.biorxiv.org/content/10.1101/2020.09.05.284364v1	
			3005	300500		2		4	mouse	C57BL/6		m	12 weeks		f	y	n	n	y	Isoflurane				Bruker	9.4	n	SE-EPI	2500	18,398	0.15	0.45	https://www.biorxiv.org/content/10.1101/2020.09.05.284364v1	
			3005	300500		3		1	mouse	C57BL/6		m	12 weeks		f	y	n	n	y	Isoflurane				Bruker	9.4	n	SE-EPI	2500	18,398	0.15	0.45	https://www.biorxiv.org/content/10.1101/2020.09.05.284364v1	
			3005	300500		3		2	mouse	C57BL/6		m	12 weeks		f	y	n	n	y	Isoflurane				Bruker	9.4	n	SE-EPI	2500	18,398	0.15	0.45	https://www.biorxiv.org/content/10.1101/2020.09.05.284364v1	
			3005	300500		3		3	mouse	C57BL/6		m	12 weeks		f	y	n	n	y	Isoflurane				Bruker	9.4	n	SE-EPI	2500	18,398	0.15	0.45	https://www.biorxiv.org/content/10.1101/2020.09.05.284364v1	
			3005	300500		3		4	mouse	C57BL/6		m	12 weeks		f	y	n	n	y	Isoflurane				Bruker	9.4	n	SE-EPI	2500	18,398	0.15	0.45	https://www.biorxiv.org/content/10.1101/2020.09.05.284364v1	
			3005	300500		4		1	mouse	C57BL/6		m	12 weeks		f	y	n	n	y	Isoflurane				Bruker	9.4	n	SE-EPI	2500	18,398	0.15	0.45	https://www.biorxiv.org/content/10.1101/2020.09.05.284364v1	
			3005	300500		4		2	mouse	C57BL/6		m	12 weeks		f	y	n	n	y	Isoflurane				Bruker	9.4	n	SE-EPI	2500	18,398	0.15	0.45	https://www.biorxiv.org/content/10.1101/2020.09.05.284364v1	
			3005	300500		4		3	mouse	C57BL/6		m	12 weeks		f	y	n	n	y	Isoflurane				Bruker	9.4	n	SE-EPI	2500	18,398	0.15	0.45	https://www.biorxiv.org/content/10.1101/2020.09.05.284364v1	
			3005	300500		4		4	mouse	C57BL/6		m	12 weeks		f	y	n	n	y	Isoflurane				Bruker	9.4	n	SE-EPI	2500	18,398	0.15	0.45	https://www.biorxiv.org/content/10.1101/2020.09.05.284364v1	
			3005	300500		5		1	mouse	C57BL/6		m	12 weeks		f	y	n	n	y	Isoflurane				Bruker	9.4	n	SE-EPI	2500	18,398	0.15	0.45	https://www.biorxiv.org/content/10.1101/2020.09.05.284364v1	
			3005	300500		5		2	mouse	C57BL/6		m	12 weeks		f	y	n	n	y	Isoflurane				Bruker	9.4	n	SE-EPI	2500	18,398	0.15	0.45	https://www.biorxiv.org/content/10.1101/2020.09.05.284364v1	
			3005	300500		5		3	mouse	C57BL/6		m	12 weeks		f	y	n	n	y	Isoflurane				Bruker	9.4	n	SE-EPI	2500	18,398	0.15	0.45	https://www.biorxiv.org/content/10.1101/2020.09.05.284364v1	
			3005	300500		5		4	mouse	C57BL/6		m	12 weeks		f	y	n	n	y	Isoflurane				Bruker	9.4	n	SE-EPI	2500	18,398	0.15	0.45	https://www.biorxiv.org/content/10.1101/2020.09.05.284364v1	
			3005	300500		6		1	mouse	C57BL/6		m	12 weeks		f	y	n	n	y	Isoflurane				Bruker	9.4	n	SE-EPI	2500	18,398	0.15	0.45	https://www.biorxiv.org/content/10.1101/2020.09.05.284364v1	
			3005	300500		6		2	mouse	C57BL/6		m	12 weeks		f	y	n	n	y	Isoflurane				Bruker	9.4	n	SE-EPI	2500	18,398	0.15	0.45	https://www.biorxiv.org/content/10.1101/2020.09.05.284364v1	
			3005	300500		6		3	mouse	C57BL/6		m	12 weeks		f	y	n	n	y	Isoflurane				Bruker	9.4	n	SE-EPI	2500	18,398	0.15	0.45	https://www.biorxiv.org/content/10.1101/2020.09.05.284364v1	
			3005	300500		6		4	mouse	C57BL/6		m	12 weeks		f	y	n	n	y	Isoflurane				Bruker	9.4	n	SE-EPI	2500	18,398	0.15	0.45	https://www.biorxiv.org/content/10.1101/2020.09.05.284364v1	
			3005	300500		7		1	mouse	C57BL/6		m	12 weeks		f	y	n	n	y	Isoflurane				Bruker	9.4	n	SE-EPI	2500	18,398	0.15	0.45	https://www.biorxiv.org/content/10.1101/2020.09.05.284364v1	
			3005	300500		7		2	mouse	C57BL/6		m	12 weeks		f	y	n	n	y	Isoflurane				Bruker	9.4	n	SE-EPI	2500	18,398	0.15	0.45	https://www.biorxiv.org/content/10.1101/2020.09.05.284364v1	
			3005	300500		7		3	mouse	C57BL/6		m	12 weeks		f	y	n	n	y	Isoflurane				Bruker	9.4	n	SE-EPI	2500	18,398	0.15	0.45	https://www.biorxiv.org/content/10.1101/2020.09.05.284364v1	
			3005	300500		7		4	mouse	C57BL/6		m	12 weeks		f	y	n	n	y	Isoflurane				Bruker	9.4	n	SE-EPI	2500	18,398	0.15	0.45	https://www.biorxiv.org/content/10.1101/2020.09.05.284364v1	
			3005	300500		8		1	mouse	C57BL/6		m	12 weeks		f	y	n	n	y	Isoflurane				Bruker	9.4	n	SE-EPI	2500	18,398	0.15	0.45	https://www.biorxiv.org/content/10.1101/2020.09.05.284364v1	
			3005	300500		8		2	mouse	C57BL/6		m	12 weeks		f	y	n	n	y	Isoflurane				Bruker	9.4	n	SE-EPI	2500	18,398	0.15	0.45	https://www.biorxiv.org/content/10.1101/2020.09.05.284364v1	
			3005	300500		8		3	mouse	C57BL/6		m	12 weeks		f	y	n	n	y	Isoflurane				Bruker	9.4	n	SE-EPI	2500	18,398	0.15	0.45	https://www.biorxiv.org/content/10.1101/2020.09.05.284364v1	
			3005	300500		8		4	mouse	C57BL/6		m	12 weeks		f	y	n	n	y	Isoflurane				Bruker	9.4	n	SE-EPI	2500	18,398	0.15	0.45	https://www.biorxiv.org/content/10.1101/2020.09.05.284364v1	
			3005	300501		1		1	mouse	C57BL/6		m	12 weeks		f	y	n	n	y	Isoflurane				Bruker	9.4	n	SE-EPI	2500	18,398	0.15	0.45	https://www.biorxiv.org/content/10.1101/2020.09.05.284364v1	
			3005	300501		1		2	mouse	C57BL/6		m	12 weeks		f	y	n	n	y	Isoflurane				Bruker	9.4	n	SE-EPI	2500	18,398	0.15	0.45	https://www.biorxiv.org/content/10.1101/2020.09.05.284364v1	
			3005	300501		1		3	mouse	C57BL/6		m	12 weeks		f	y	n	n	y	Isoflurane				Bruker	9.4	n	SE-EPI	2500	18,398	0.15	0.45	https://www.biorxiv.org/content/10.1101/2020.09.05.284364v1	
			3005	300501		1		4	mouse	C57BL/6		m	12 weeks		f	y	n	n	y	Isoflurane				Bruker	9.4	n	SE-EPI	2500	18,398	0.15	0.45	https://www.biorxiv.org/content/10.1101/2020.09.05.284364v1	
			3005	300501		2		1	mouse	C57BL/6		m	12 weeks		f	y	n	n	y	Isoflurane				Bruker	9.4	n	SE-EPI	2500	18,398	0.15	0.45	https://www.biorxiv.org/content/10.1101/2020.09.05.284364v1	
			3005	300501		2		2	mouse	C57BL/6		m	12 weeks		f	y	n	n	y	Isoflurane				Bruker	9.4	n	SE-EPI	2500	18,398	0.15	0.45	https://www.biorxiv.org/content/10.1101/2020.09.05.284364v1	
			3005	300501		2		3	mouse	C57BL/6		m	12 weeks		f	y	n	n	y	Isoflurane				Bruker	9.4	n	SE-EPI	2500	18,398	0.15	0.45	https://www.biorxiv.org/content/10.1101/2020.09.05.284364v1	
			3005	300501		2		4	mouse	C57BL/6		m	12 weeks		f	y	n	n	y	Isoflurane				Bruker	9.4	n	SE-EPI	2500	18,398	0.15	0.45	https://www.biorxiv.org/content/10.1101/2020.09.05.284364v1	
			3005	300501		3		1	mouse	C57BL/6		m	12 weeks		f	y	n	n	y	Isoflurane				Bruker	9.4	n	SE-EPI	2500	18,398	0.15	0.45	https://www.biorxiv.org/content/10.1101/2020.09.05.284364v1	
			3005	300501		3		2	mouse	C57BL/6		m	12 weeks		f	y	n	n	y	Isoflurane				Bruker	9.4	n	SE-EPI	2500	18,398	0.15	0.45	https://www.biorxiv.org/content/10.1101/2020.09.05.284364v1	
			3005	300501		3		3	mouse	C57BL/6		m	12 weeks		f	y	n	n	y	Isoflurane				Bruker	9.4	n	SE-EPI	2500	18,398	0.15	0.45	https://www.biorxiv.org/content/10.1101/2020.09.05.284364v1	
			3005	300501		3		4	mouse	C57BL/6		m	12 weeks		f	y	n	n	y	Isoflurane				Bruker	9.4	n	SE-EPI	2500	18,398	0.15	0.45	https://www.biorxiv.org/content/10.1101/2020.09.05.284364v1	
			3005	300501		4		1	mouse	C57BL/6		m	12 weeks		f	y	n	n	y	Isoflurane				Bruker	9.4	n	SE-EPI	2500	18,398	0.15	0.45	https://www.biorxiv.org/content/10.1101/2020.09.05.284364v1	
			3005	300501		4		2	mouse	C57BL/6		m	12 weeks		f	y	n	n	y	Isoflurane				Bruker	9.4	n	SE-EPI	2500	18,398	0.15	0.45	https://www.biorxiv.org/content/10.1101/2020.09.05.284364v1	
			3005	300501		4		3	mouse	C57BL/6		m	12 weeks		f	y	n	n	y	Isoflurane				Bruker	9.4	n	SE-EPI	2500	18,398	0.15	0.45	https://www.biorxiv.org/content/10.1101/2020.09.05.284364v1	
			3005	300501		4		4	mouse	C57BL/6		m	12 weeks		f	y	n	n	y	Isoflurane				Bruker	9.4	n	SE-EPI	2500	18,398	0.15	0.45	https://www.biorxiv.org/content/10.1101/2020.09.05.284364v1	
			3005	300501		5		1	mouse	C57BL/6		m	12 weeks		f	y	n	n	y	Isoflurane				Bruker	9.4	n	SE-EPI	2500	18,398	0.15	0.45	https://www.biorxiv.org/content/10.1101/2020.09.05.284364v1	
			3005	300501		5		2	mouse	C57BL/6		m	12 weeks		f	y	n	n	y	Isoflurane				Bruker	9.4	n	SE-EPI	2500	18,398	0.15	0.45	https://www.biorxiv.org/content/10.1101/2020.09.05.284364v1	
			3005	300501		5		3	mouse	C57BL/6		m	12 weeks		f	y	n	n	y	Isoflurane				Bruker	9.4	n	SE-EPI	2500	18,398	0.15	0.45	https://www.biorxiv.org/content/10.1101/2020.09.05.284364v1	
			3005	300501		5		4	mouse	C57BL/6		m	12 weeks		f	y	n	n	y	Isoflurane				Bruker	9.4	n	SE-EPI	2500	18,398	0.15	0.45	https://www.biorxiv.org/content/10.1101/2020.09.05.284364v1	
			3005	300501		6		1	mouse	C57BL/6		m	12 weeks		f	y	n	n	y	Isoflurane				Bruker	9.4	n	SE-EPI	2500	18,398	0.15	0.45	https://www.biorxiv.org/content/10.1101/2020.09.05.284364v1	
			3005	300501		6		2	mouse	C57BL/6		m	12 weeks		f	y	n	n	y	Isoflurane				Bruker	9.4	n	SE-EPI	2500	18,398	0.15	0.45	https://www.biorxiv.org/content/10.1101/2020.09.05.284364v1	
			3005	300501		6		3	mouse	C57BL/6		m	12 weeks		f	y	n	n	y	Isoflurane				Bruker	9.4	n	SE-EPI	2500	18,398	0.15	0.45	https://www.biorxiv.org/content/10.1101/2020.09.05.284364v1	
			3005	300501		6		4	mouse	C57BL/6		m	12 weeks		f	y	n	n	y	Isoflurane				Bruker	9.4	n	SE-EPI	2500	18,398	0.15	0.45	https://www.biorxiv.org/content/10.1101/2020.09.05.284364v1	
			3005	300501		7		1	mouse	C57BL/6		m	12 weeks		f	y	n	n	y	Isoflurane				Bruker	9.4	n	SE-EPI	2500	18,398	0.15	0.45	https://www.biorxiv.org/content/10.1101/2020.09.05.284364v1	
			3005	300501		7		2	mouse	C57BL/6		m	12 weeks		f	y	n	n	y	Isoflurane				Bruker	9.4	n	SE-EPI	2500	18,398	0.15	0.45	https://www.biorxiv.org/content/10.1101/2020.09.05.284364v1	
			3005	300501		7		3	mouse	C57BL/6		m	12 weeks		f	y	n	n	y	Isoflurane				Bruker	9.4	n	SE-EPI	2500	18,398	0.15	0.45	https://www.biorxiv.org/content/10.1101/2020.09.05.284364v1	
			3005	300501		7		4	mouse	C57BL/6		m	12 weeks		f	y	n	n	y	Isoflurane				Bruker	9.4	n	SE-EPI	2500	18,398	0.15	0.45	https://www.biorxiv.org/content/10.1101/2020.09.05.284364v1	
			3005	300502		1		1	mouse	C57BL/6		m	12 weeks		f	y	n	n	y	Isoflurane				Bruker	9.4	n	SE-EPI	2500	18,398	0.15	0.45	https://www.biorxiv.org/content/10.1101/2020.09.05.284364v1	
			3005	300502		1		2	mouse	C57BL/6		m	12 weeks		f	y	n	n	y	Isoflurane				Bruker	9.4	n	SE-EPI	2500	18,398	0.15	0.45	https://www.biorxiv.org/content/10.1101/2020.09.05.284364v1	
			3005	300502		1		3	mouse	C57BL/6		m	12 weeks		f	y	n	n	y	Isoflurane				Bruker	9.4	n	SE-EPI	2500	18,398	0.15	0.45	https://www.biorxiv.org/content/10.1101/2020.09.05.284364v1	
			3005	300502		1		4	mouse	C57BL/6		m	12 weeks		f	y	n	n	y	Isoflurane				Bruker	9.4	n	SE-EPI	2500	18,398	0.15	0.45	https://www.biorxiv.org/content/10.1101/2020.09.05.284364v1	
			3005	300502		2		1	mouse	C57BL/6		m	12 weeks		f	y	n	n	y	Isoflurane				Bruker	9.4	n	SE-EPI	2500	18,398	0.15	0.45	https://www.biorxiv.org/content/10.1101/2020.09.05.284364v1	
			3005	300502		2		2	mouse	C57BL/6		m	12 weeks		f	y	n	n	y	Isoflurane				Bruker	9.4	n	SE-EPI	2500	18,398	0.15	0.45	https://www.biorxiv.org/content/10.1101/2020.09.05.284364v1	
			3005	300502		2		3	mouse	C57BL/6		m	12 weeks		f	y	n	n	y	Isoflurane				Bruker	9.4	n	SE-EPI	2500	18,398	0.15	0.45	https://www.biorxiv.org/content/10.1101/2020.09.05.284364v1	
			3005	300502		3		1	mouse	C57BL/6		m	12 weeks		f	y	n	n	y	Isoflurane				Bruker	9.4	n	SE-EPI	2500	18,398	0.15	0.45	https://www.biorxiv.org/content/10.1101/2020.09.05.284364v1	
			3005	300502		3		2	mouse	C57BL/6		m	12 weeks		f	y	n	n	y	Isoflurane				Bruker	9.4	n	SE-EPI	2500	18,398	0.15	0.45	https://www.biorxiv.org/content/10.1101/2020.09.05.284364v1	
			3005	300502		3		3	mouse	C57BL/6		m	12 weeks		f	y	n	n	y	Isoflurane				Bruker	9.4	n	SE-EPI	2500	18,398	0.15	0.45	https://www.biorxiv.org/content/10.1101/2020.09.05.284364v1	
			3005	300502		3		4	mouse	C57BL/6		m	12 weeks		f	y	n	n	y	Isoflurane				Bruker	9.4	n	SE-EPI	2500	18,398	0.15	0.45	https://www.biorxiv.org/content/10.1101/2020.09.05.284364v1	
			3005	300502		4		1	mouse	C57BL/6		m	12 weeks		f	y	n	n	y	Isoflurane				Bruker	9.4	n	SE-EPI	2500	18,398	0.15	0.45	https://www.biorxiv.org/content/10.1101/2020.09.05.284364v1	
			3005	300502		4		2	mouse	C57BL/6		m	12 weeks		f	y	n	n	y	Isoflurane				Bruker	9.4	n	SE-EPI	2500	18,398	0.15	0.45	https://www.biorxiv.org/content/10.1101/2020.09.05.284364v1	
			3005	300502		4		3	mouse	C57BL/6		m	12 weeks		f	y	n	n	y	Isoflurane				Bruker	9.4	n	SE-EPI	2500	18,398	0.15	0.45	https://www.biorxiv.org/content/10.1101/2020.09.05.284364v1	
			3005	300502		4		4	mouse	C57BL/6		m	12 weeks		f	y	n	n	y	Isoflurane				Bruker	9.4	n	SE-EPI	2500	18,398	0.15	0.45	https://www.biorxiv.org/content/10.1101/2020.09.05.284364v1	
			3005	300502		5		1	mouse	C57BL/6		m	12 weeks		f	y	n	n	y	Isoflurane				Bruker	9.4	n	SE-EPI	2500	18,398	0.15	0.45	https://www.biorxiv.org/content/10.1101/2020.09.05.284364v1	
			3005	300502		5		2	mouse	C57BL/6		m	12 weeks		f	y	n	n	y	Isoflurane				Bruker	9.4	n	SE-EPI	2500	18,398	0.15	0.45	https://www.biorxiv.org/content/10.1101/2020.09.05.284364v1	
			3005	300502		5		3	mouse	C57BL/6		m	12 weeks		f	y	n	n	y	Isoflurane				Bruker	9.4	n	SE-EPI	2500	18,398	0.15	0.45	https://www.biorxiv.org/content/10.1101/2020.09.05.284364v1	
			3005	300502		5		4	mouse	C57BL/6		m	12 weeks		f	y	n	n	y	Isoflurane				Bruker	9.4	n	SE-EPI	2500	18,398	0.15	0.45	https://www.biorxiv.org/content/10.1101/2020.09.05.284364v1	
			3005	300502		6		1	mouse	C57BL/6		m	12 weeks		f	y	n	n	y	Isoflurane				Bruker	9.4	n	SE-EPI	2500	18,398	0.15	0.45	https://www.biorxiv.org/content/10.1101/2020.09.05.284364v1	
			3005	300502		6		2	mouse	C57BL/6		m	12 weeks		f	y	n	n	y	Isoflurane				Bruker	9.4	n	SE-EPI	2500	18,398	0.15	0.45	https://www.biorxiv.org/content/10.1101/2020.09.05.284364v1	
			3005	300502		6		3	mouse	C57BL/6		m	12 weeks		f	y	n	n	y	Isoflurane				Bruker	9.4	n	SE-EPI	2500	18,398	0.15	0.45	https://www.biorxiv.org/content/10.1101/2020.09.05.284364v1	
			3005	300502		6		4	mouse	C57BL/6		m	12 weeks		f	y	n	n	y	Isoflurane				Bruker	9.4	n	SE-EPI	2500	18,398	0.15	0.45	https://www.biorxiv.org/content/10.1101/2020.09.05.284364v1	
			3005	300502		7		1	mouse	C57BL/6		m	12 weeks		f	y	n	n	y	Isoflurane				Bruker	9.4	n	SE-EPI	2500	18,398	0.15	0.45	https://www.biorxiv.org/content/10.1101/2020.09.05.284364v1	
			3005	300502		7		2	mouse	C57BL/6		m	12 weeks		f	y	n	n	y	Isoflurane				Bruker	9.4	n	SE-EPI	2500	18,398	0.15	0.45	https://www.biorxiv.org/content/10.1101/2020.09.05.284364v1	
			3005	300502		7		3	mouse	C57BL/6		m	12 weeks		f	y	n	n	y	Isoflurane				Bruker	9.4	n	SE-EPI	2500	18,398	0.15	0.45	https://www.biorxiv.org/content/10.1101/2020.09.05.284364v1	
			3005	300502		7		4	mouse	C57BL/6		m	12 weeks		f	y	n	n	y	Isoflurane				Bruker	9.4	n	SE-EPI	2500	18,398	0.15	0.45	https://www.biorxiv.org/content/10.1101/2020.09.05.284364v1	
			3005	300503		1		1	mouse	C57BL/6		m	12 weeks		f	y	n	n	y	Isoflurane				Bruker	9.4	n	SE-EPI	2500	18,398	0.15	0.45	https://www.biorxiv.org/content/10.1101/2020.09.05.284364v1	
			3005	300503		1		2	mouse	C57BL/6		m	12 weeks		f	y	n	n	y	Isoflurane				Bruker	9.4	n	SE-EPI	2500	18,398	0.15	0.45	https://www.biorxiv.org/content/10.1101/2020.09.05.284364v1	
			3005	300503		1		3	mouse	C57BL/6		m	12 weeks		f	y	n	n	y	Isoflurane				Bruker	9.4	n	SE-EPI	2500	18,398	0.15	0.45	https://www.biorxiv.org/content/10.1101/2020.09.05.284364v1	
			3005	300503		1		4	mouse	C57BL/6		m	12 weeks		f	y	n	n	y	Isoflurane				Bruker	9.4	n	SE-EPI	2500	18,398	0.15	0.45	https://www.biorxiv.org/content/10.1101/2020.09.05.284364v1	
			3005	300503		2		1	mouse	C57BL/6		m	12 weeks		f	y	n	n	y	Isoflurane				Bruker	9.4	n	SE-EPI	2500	18,398	0.15	0.45	https://www.biorxiv.org/content/10.1101/2020.09.05.284364v1	
			3005	300503		2		2	mouse	C57BL/6		m	12 weeks		f	y	n	n	y	Isoflurane				Bruker	9.4	n	SE-EPI	2500	18,398	0.15	0.45	https://www.biorxiv.org/content/10.1101/2020.09.05.284364v1	
			3005	300503		2		3	mouse	C57BL/6		m	12 weeks		f	y	n	n	y	Isoflurane				Bruker	9.4	n	SE-EPI	2500	18,398	0.15	0.45	https://www.biorxiv.org/content/10.1101/2020.09.05.284364v1	
			3005	300503		2		4	mouse	C57BL/6		m	12 weeks		f	y	n	n	y	Isoflurane				Bruker	9.4	n	SE-EPI	2500	18,398	0.15	0.45	https://www.biorxiv.org/content/10.1101/2020.09.05.284364v1	
			3005	300503		3		1	mouse	C57BL/6		m	12 weeks		f	y	n	n	y	Isoflurane				Bruker	9.4	n	SE-EPI	2500	18,398	0.15	0.45	https://www.biorxiv.org/content/10.1101/2020.09.05.284364v1	
			3005	300503		3		2	mouse	C57BL/6		m	12 weeks		f	y	n	n	y	Isoflurane				Bruker	9.4	n	SE-EPI	2500	18,398	0.15	0.45	https://www.biorxiv.org/content/10.1101/2020.09.05.284364v1	
			3005	300503		3		3	mouse	C57BL/6		m	12 weeks		f	y	n	n	y	Isoflurane				Bruker	9.4	n	SE-EPI	2500	18,398	0.15	0.45	https://www.biorxiv.org/content/10.1101/2020.09.05.284364v1	
			3005	300503		3		4	mouse	C57BL/6		m	12 weeks		f	y	n	n	y	Isoflurane				Bruker	9.4	n	SE-EPI	2500	18,398	0.15	0.45	https://www.biorxiv.org/content/10.1101/2020.09.05.284364v1	
			3005	300503		4		1	mouse	C57BL/6		m	12 weeks		f	y	n	n	y	Isoflurane				Bruker	9.4	n	SE-EPI	2500	18,398	0.15	0.45	https://www.biorxiv.org/content/10.1101/2020.09.05.284364v1	
			3005	300503		4		2	mouse	C57BL/6		m	12 weeks		f	y	n	n	y	Isoflurane				Bruker	9.4	n	SE-EPI	2500	18,398	0.15	0.45	https://www.biorxiv.org/content/10.1101/2020.09.05.284364v1	
			3005	300503		4		3	mouse	C57BL/6		m	12 weeks		f	y	n	n	y	Isoflurane				Bruker	9.4	n	SE-EPI	2500	18,398	0.15	0.45	https://www.biorxiv.org/content/10.1101/2020.09.05.284364v1	
			3005	300503		4		4	mouse	C57BL/6		m	12 weeks		f	y	n	n	y	Isoflurane				Bruker	9.4	n	SE-EPI	2500	18,398	0.15	0.45	https://www.biorxiv.org/content/10.1101/2020.09.05.284364v1	
			3005	300503		5		1	mouse	C57BL/6		m	12 weeks		f	y	n	n	y	Isoflurane				Bruker	9.4	n	SE-EPI	2500	18,398	0.15	0.45	https://www.biorxiv.org/content/10.1101/2020.09.05.284364v1	
			3005	300503		5		2	mouse	C57BL/6		m	12 weeks		f	y	n	n	y	Isoflurane				Bruker	9.4	n	SE-EPI	2500	18,398	0.15	0.45	https://www.biorxiv.org/content/10.1101/2020.09.05.284364v1	
			3005	300503		5		3	mouse	C57BL/6		m	12 weeks		f	y	n	n	y	Isoflurane				Bruker	9.4	n	SE-EPI	2500	18,398	0.15	0.45	https://www.biorxiv.org/content/10.1101/2020.09.05.284364v1	
			3005	300503		5		4	mouse	C57BL/6		m	12 weeks		f	y	n	n	y	Isoflurane				Bruker	9.4	n	SE-EPI	2500	18,398	0.15	0.45	https://www.biorxiv.org/content/10.1101/2020.09.05.284364v1	
			3005	300503		6		1	mouse	C57BL/6		m	12 weeks		f	y	n	n	y	Isoflurane				Bruker	9.4	n	SE-EPI	2500	18,398	0.15	0.45	https://www.biorxiv.org/content/10.1101/2020.09.05.284364v1	
			3005	300503		6		2	mouse	C57BL/6		m	12 weeks		f	y	n	n	y	Isoflurane				Bruker	9.4	n	SE-EPI	2500	18,398	0.15	0.45	https://www.biorxiv.org/content/10.1101/2020.09.05.284364v1	
			3005	300503		6		3	mouse	C57BL/6		m	12 weeks		f	y	n	n	y	Isoflurane				Bruker	9.4	n	SE-EPI	2500	18,398	0.15	0.45	https://www.biorxiv.org/content/10.1101/2020.09.05.284364v1	
			3005	300503		6		4	mouse	C57BL/6		m	12 weeks		f	y	n	n	y	Isoflurane				Bruker	9.4	n	SE-EPI	2500	18,398	0.15	0.45	https://www.biorxiv.org/content/10.1101/2020.09.05.284364v1	
			3005	300503		7		1	mouse	C57BL/6		m	12 weeks		f	y	n	n	y	Isoflurane				Bruker	9.4	n	SE-EPI	2500	18,398	0.15	0.45	https://www.biorxiv.org/content/10.1101/2020.09.05.284364v1	
			3005	300503		7		2	mouse	C57BL/6		m	12 weeks		f	y	n	n	y	Isoflurane				Bruker	9.4	n	SE-EPI	2500	18,398	0.15	0.45	https://www.biorxiv.org/content/10.1101/2020.09.05.284364v1	
			3005	300503		7		3	mouse	C57BL/6		m	12 weeks		f	y	n	n	y	Isoflurane				Bruker	9.4	n	SE-EPI	2500	18,398	0.15	0.45	https://www.biorxiv.org/content/10.1101/2020.09.05.284364v1	
			3005	300503		7		4	mouse	C57BL/6		m	12 weeks		f	y	n	n	y	Isoflurane				Bruker	9.4	n	SE-EPI	2500	18,398	0.15	0.45	https://www.biorxiv.org/content/10.1101/2020.09.05.284364v1	
			3005	300504		1		1	mouse	C57BL/6		m	12 weeks		f	y	n	n	y	Isoflurane				Bruker	9.4	n	SE-EPI	2500	18,398	0.15	0.45	https://www.biorxiv.org/content/10.1101/2020.09.05.284364v1	
			3005	300504		1		2	mouse	C57BL/6		m	12 weeks		f	y	n	n	y	Isoflurane				Bruker	9.4	n	SE-EPI	2500	18,398	0.15	0.45	https://www.biorxiv.org/content/10.1101/2020.09.05.284364v1	
			3005	300504		1		3	mouse	C57BL/6		m	12 weeks		f	y	n	n	y	Isoflurane				Bruker	9.4	n	SE-EPI	2500	18,398	0.15	0.45	https://www.biorxiv.org/content/10.1101/2020.09.05.284364v1	
			3005	300504		1		4	mouse	C57BL/6		m	12 weeks		f	y	n	n	y	Isoflurane				Bruker	9.4	n	SE-EPI	2500	18,398	0.15	0.45	https://www.biorxiv.org/content/10.1101/2020.09.05.284364v1	
			3005	300504		2		1	mouse	C57BL/6		m	12 weeks		f	y	n	n	y	Isoflurane				Bruker	9.4	n	SE-EPI	2500	18,398	0.15	0.45	https://www.biorxiv.org/content/10.1101/2020.09.05.284364v1	
			3005	300504		2		2	mouse	C57BL/6		m	12 weeks		f	y	n	n	y	Isoflurane				Bruker	9.4	n	SE-EPI	2500	18,398	0.15	0.45	https://www.biorxiv.org/content/10.1101/2020.09.05.284364v1	
			3005	300504		2		3	mouse	C57BL/6		m	12 weeks		f	y	n	n	y	Isoflurane				Bruker	9.4	n	SE-EPI	2500	18,398	0.15	0.45	https://www.biorxiv.org/content/10.1101/2020.09.05.284364v1	
			3005	300504		2		4	mouse	C57BL/6		m	12 weeks		f	y	n	n	y	Isoflurane				Bruker	9.4	n	SE-EPI	2500	18,398	0.15	0.45	https://www.biorxiv.org/content/10.1101/2020.09.05.284364v1	
			3005	300504		3		1	mouse	C57BL/6		m	12 weeks		f	y	n	n	y	Isoflurane				Bruker	9.4	n	SE-EPI	2500	18,398	0.15	0.45	https://www.biorxiv.org/content/10.1101/2020.09.05.284364v1	
			3005	300504		3		2	mouse	C57BL/6		m	12 weeks		f	y	n	n	y	Isoflurane				Bruker	9.4	n	SE-EPI	2500	18,398	0.15	0.45	https://www.biorxiv.org/content/10.1101/2020.09.05.284364v1	
			3005	300504		3		3	mouse	C57BL/6		m	12 weeks		f	y	n	n	y	Isoflurane				Bruker	9.4	n	SE-EPI	2500	18,398	0.15	0.45	https://www.biorxiv.org/content/10.1101/2020.09.05.284364v1	
			3005	300504		3		4	mouse	C57BL/6		m	12 weeks		f	y	n	n	y	Isoflurane				Bruker	9.4	n	SE-EPI	2500	18,398	0.15	0.45	https://www.biorxiv.org/content/10.1101/2020.09.05.284364v1	
			3005	300504		4		1	mouse	C57BL/6		m	12 weeks		f	y	n	n	y	Isoflurane				Bruker	9.4	n	SE-EPI	2500	18,398	0.15	0.45	https://www.biorxiv.org/content/10.1101/2020.09.05.284364v1	
			3005	300504		4		2	mouse	C57BL/6		m	12 weeks		f	y	n	n	y	Isoflurane				Bruker	9.4	n	SE-EPI	2500	18,398	0.15	0.45	https://www.biorxiv.org/content/10.1101/2020.09.05.284364v1	
			3005	300504		4		3	mouse	C57BL/6		m	12 weeks		f	y	n	n	y	Isoflurane				Bruker	9.4	n	SE-EPI	2500	18,398	0.15	0.45	https://www.biorxiv.org/content/10.1101/2020.09.05.284364v1	
			3005	300504		4		4	mouse	C57BL/6		m	12 weeks		f	y	n	n	y	Isoflurane				Bruker	9.4	n	SE-EPI	2500	18,398	0.15	0.45	https://www.biorxiv.org/content/10.1101/2020.09.05.284364v1	
			3005	300504		5		1	mouse	C57BL/6		m	12 weeks		f	y	n	n	y	Isoflurane				Bruker	9.4	n	SE-EPI	2500	18,398	0.15	0.45	https://www.biorxiv.org/content/10.1101/2020.09.05.284364v1	
			3005	300504		5		2	mouse	C57BL/6		m	12 weeks		f	y	n	n	y	Isoflurane				Bruker	9.4	n	SE-EPI	2500	18,398	0.15	0.45	https://www.biorxiv.org/content/10.1101/2020.09.05.284364v1	
			3005	300504		5		3	mouse	C57BL/6		m	12 weeks		f	y	n	n	y	Isoflurane				Bruker	9.4	n	SE-EPI	2500	18,398	0.15	0.45	https://www.biorxiv.org/content/10.1101/2020.09.05.284364v1	
			3005	300504		5		4	mouse	C57BL/6		m	12 weeks		f	y	n	n	y	Isoflurane				Bruker	9.4	n	SE-EPI	2500	18,398	0.15	0.45	https://www.biorxiv.org/content/10.1101/2020.09.05.284364v1	
			3005	300504		6		1	mouse	C57BL/6		m	12 weeks		f	y	n	n	y	Isoflurane				Bruker	9.4	n	SE-EPI	2500	18,398	0.15	0.45	https://www.biorxiv.org/content/10.1101/2020.09.05.284364v1	
			3005	300504		6		2	mouse	C57BL/6		m	12 weeks		f	y	n	n	y	Isoflurane				Bruker	9.4	n	SE-EPI	2500	18,398	0.15	0.45	https://www.biorxiv.org/content/10.1101/2020.09.05.284364v1	
			3005	300504		6		3	mouse	C57BL/6		m	12 weeks		f	y	n	n	y	Isoflurane				Bruker	9.4	n	SE-EPI	2500	18,398	0.15	0.45	https://www.biorxiv.org/content/10.1101/2020.09.05.284364v1	
			3005	300504		6		4	mouse	C57BL/6		m	12 weeks		f	y	n	n	y	Isoflurane				Bruker	9.4	n	SE-EPI	2500	18,398	0.15	0.45	https://www.biorxiv.org/content/10.1101/2020.09.05.284364v1	
			3005	300504		7		1	mouse	C57BL/6		m	12 weeks		f	y	n	n	y	Isoflurane				Bruker	9.4	n	SE-EPI	2500	18,398	0.15	0.45	https://www.biorxiv.org/content/10.1101/2020.09.05.284364v1	
			3005	300504		7		2	mouse	C57BL/6		m	12 weeks		f	y	n	n	y	Isoflurane				Bruker	9.4	n	SE-EPI	2500	18,398	0.15	0.45	https://www.biorxiv.org/content/10.1101/2020.09.05.284364v1	
			3005	300504		7		3	mouse	C57BL/6		m	12 weeks		f	y	n	n	y	Isoflurane				Bruker	9.4	n	SE-EPI	2500	18,398	0.15	0.45	https://www.biorxiv.org/content/10.1101/2020.09.05.284364v1	
			3005	300504		7		4	mouse	C57BL/6		m	12 weeks		f	y	n	n	y	Isoflurane				Bruker	9.4	n	SE-EPI	2500	18,398	0.15	0.45	https://www.biorxiv.org/content/10.1101/2020.09.05.284364v1	
			3005	300505		1		1	mouse	C57BL/6		m	12 weeks		f	y	n	n	y	Isoflurane				Bruker	9.4	n	SE-EPI	2500	18,398	0.15	0.45	https://www.biorxiv.org/content/10.1101/2020.09.05.284364v1	
			3005	300505		1		2	mouse	C57BL/6		m	12 weeks		f	y	n	n	y	Isoflurane				Bruker	9.4	n	SE-EPI	2500	18,398	0.15	0.45	https://www.biorxiv.org/content/10.1101/2020.09.05.284364v1	
			3005	300505		1		3	mouse	C57BL/6		m	12 weeks		f	y	n	n	y	Isoflurane				Bruker	9.4	n	SE-EPI	2500	18,398	0.15	0.45	https://www.biorxiv.org/content/10.1101/2020.09.05.284364v1	
			3005	300505		1		4	mouse	C57BL/6		m	12 weeks		f	y	n	n	y	Isoflurane				Bruker	9.4	n	SE-EPI	2500	18,398	0.15	0.45	https://www.biorxiv.org/content/10.1101/2020.09.05.284364v1	
			3005	300505		2		1	mouse	C57BL/6		m	12 weeks		f	y	n	n	y	Isoflurane				Bruker	9.4	n	SE-EPI	2500	18,398	0.15	0.45	https://www.biorxiv.org/content/10.1101/2020.09.05.284364v1	
			3005	300505		2		2	mouse	C57BL/6		m	12 weeks		f	y	n	n	y	Isoflurane				Bruker	9.4	n	SE-EPI	2500	18,398	0.15	0.45	https://www.biorxiv.org/content/10.1101/2020.09.05.284364v1	
			3005	300505		2		3	mouse	C57BL/6		m	12 weeks		f	y	n	n	y	Isoflurane				Bruker	9.4	n	SE-EPI	2500	18,398	0.15	0.45	https://www.biorxiv.org/content/10.1101/2020.09.05.284364v1	
			3005	300505		2		4	mouse	C57BL/6		m	12 weeks		f	y	n	n	y	Isoflurane				Bruker	9.4	n	SE-EPI	2500	18,398	0.15	0.45	https://www.biorxiv.org/content/10.1101/2020.09.05.284364v1	
			3005	300505		3		1	mouse	C57BL/6		m	12 weeks		f	y	n	n	y	Isoflurane				Bruker	9.4	n	SE-EPI	2500	18,398	0.15	0.45	https://www.biorxiv.org/content/10.1101/2020.09.05.284364v1	
			3005	300505		3		2	mouse	C57BL/6		m	12 weeks		f	y	n	n	y	Isoflurane				Bruker	9.4	n	SE-EPI	2500	18,398	0.15	0.45	https://www.biorxiv.org/content/10.1101/2020.09.05.284364v1	
			3005	300505		3		3	mouse	C57BL/6		m	12 weeks		f	y	n	n	y	Isoflurane				Bruker	9.4	n	SE-EPI	2500	18,398	0.15	0.45	https://www.biorxiv.org/content/10.1101/2020.09.05.284364v1	
			3005	300505		3		4	mouse	C57BL/6		m	12 weeks		f	y	n	n	y	Isoflurane				Bruker	9.4	n	SE-EPI	2500	18,398	0.15	0.45	https://www.biorxiv.org/content/10.1101/2020.09.05.284364v1	
			3005	300505		4		1	mouse	C57BL/6		m	12 weeks		f	y	n	n	y	Isoflurane				Bruker	9.4	n	SE-EPI	2500	18,398	0.15	0.45	https://www.biorxiv.org/content/10.1101/2020.09.05.284364v1	
			3005	300505		4		2	mouse	C57BL/6		m	12 weeks		f	y	n	n	y	Isoflurane				Bruker	9.4	n	SE-EPI	2500	18,398	0.15	0.45	https://www.biorxiv.org/content/10.1101/2020.09.05.284364v1	
			3005	300505		4		3	mouse	C57BL/6		m	12 weeks		f	y	n	n	y	Isoflurane				Bruker	9.4	n	SE-EPI	2500	18,398	0.15	0.45	https://www.biorxiv.org/content/10.1101/2020.09.05.284364v1	
			3005	300505		4		4	mouse	C57BL/6		m	12 weeks		f	y	n	n	y	Isoflurane				Bruker	9.4	n	SE-EPI	2500	18,398	0.15	0.45	https://www.biorxiv.org/content/10.1101/2020.09.05.284364v1	
			3005	300505		5		1	mouse	C57BL/6		m	12 weeks		f	y	n	n	y	Isoflurane				Bruker	9.4	n	SE-EPI	2500	18,398	0.15	0.45	https://www.biorxiv.org/content/10.1101/2020.09.05.284364v1	
			3005	300505		5		2	mouse	C57BL/6		m	12 weeks		f	y	n	n	y	Isoflurane				Bruker	9.4	n	SE-EPI	2500	18,398	0.15	0.45	https://www.biorxiv.org/content/10.1101/2020.09.05.284364v1	
			3005	300505		5		3	mouse	C57BL/6		m	12 weeks		f	y	n	n	y	Isoflurane				Bruker	9.4	n	SE-EPI	2500	18,398	0.15	0.45	https://www.biorxiv.org/content/10.1101/2020.09.05.284364v1	
			3005	300505		5		4	mouse	C57BL/6		m	12 weeks		f	y	n	n	y	Isoflurane				Bruker	9.4	n	SE-EPI	2500	18,398	0.15	0.45	https://www.biorxiv.org/content/10.1101/2020.09.05.284364v1	
			3005	300505		6		1	mouse	C57BL/6		m	12 weeks		f	y	n	n	y	Isoflurane				Bruker	9.4	n	SE-EPI	2500	18,398	0.15	0.45	https://www.biorxiv.org/content/10.1101/2020.09.05.284364v1	
			3005	300505		6		2	mouse	C57BL/6		m	12 weeks		f	y	n	n	y	Isoflurane				Bruker	9.4	n	SE-EPI	2500	18,398	0.15	0.45	https://www.biorxiv.org/content/10.1101/2020.09.05.284364v1	
			3005	300505		6		3	mouse	C57BL/6		m	12 weeks		f	y	n	n	y	Isoflurane				Bruker	9.4	n	SE-EPI	2500	18,398	0.15	0.45	https://www.biorxiv.org/content/10.1101/2020.09.05.284364v1	
			3005	300505		6		4	mouse	C57BL/6		m	12 weeks		f	y	n	n	y	Isoflurane				Bruker	9.4	n	SE-EPI	2500	18,398	0.15	0.45	https://www.biorxiv.org/content/10.1101/2020.09.05.284364v1	
			3005	300505		7		1	mouse	C57BL/6		m	12 weeks		f	y	n	n	y	Isoflurane				Bruker	9.4	n	SE-EPI	2500	18,398	0.15	0.45	https://www.biorxiv.org/content/10.1101/2020.09.05.284364v1	
			3005	300505		7		2	mouse	C57BL/6		m	12 weeks		f	y	n	n	y	Isoflurane				Bruker	9.4	n	SE-EPI	2500	18,398	0.15	0.45	https://www.biorxiv.org/content/10.1101/2020.09.05.284364v1	
			3005	300505		7		3	mouse	C57BL/6		m	12 weeks		f	y	n	n	y	Isoflurane				Bruker	9.4	n	SE-EPI	2500	18,398	0.15	0.45	https://www.biorxiv.org/content/10.1101/2020.09.05.284364v1	
			3005	300505		7		4	mouse	C57BL/6		m	12 weeks		f	y	n	n	y	Isoflurane				Bruker	9.4	n	SE-EPI	2500	18,398	0.15	0.45	https://www.biorxiv.org/content/10.1101/2020.09.05.284364v1	
			3005	300506		1		1	mouse	C57BL/6		m	12 weeks		f	y	n	n	y	Isoflurane				Bruker	9.4	n	SE-EPI	2500	18,398	0.15	0.45	https://www.biorxiv.org/content/10.1101/2020.09.05.284364v1	
			3005	300506		1		2	mouse	C57BL/6		m	12 weeks		f	y	n	n	y	Isoflurane				Bruker	9.4	n	SE-EPI	2500	18,398	0.15	0.45	https://www.biorxiv.org/content/10.1101/2020.09.05.284364v1	
			3005	300506		1		3	mouse	C57BL/6		m	12 weeks		f	y	n	n	y	Isoflurane				Bruker	9.4	n	SE-EPI	2500	18,398	0.15	0.45	https://www.biorxiv.org/content/10.1101/2020.09.05.284364v1	
			3005	300506		1		4	mouse	C57BL/6		m	12 weeks		f	y	n	n	y	Isoflurane				Bruker	9.4	n	SE-EPI	2500	18,398	0.15	0.45	https://www.biorxiv.org/content/10.1101/2020.09.05.284364v1	
			3005	300506		2		1	mouse	C57BL/6		m	12 weeks		f	y	n	n	y	Isoflurane				Bruker	9.4	n	SE-EPI	2500	18,398	0.15	0.45	https://www.biorxiv.org/content/10.1101/2020.09.05.284364v1	
			3005	300506		2		2	mouse	C57BL/6		m	12 weeks		f	y	n	n	y	Isoflurane				Bruker	9.4	n	SE-EPI	2500	18,398	0.15	0.45	https://www.biorxiv.org/content/10.1101/2020.09.05.284364v1	
			3005	300506		2		3	mouse	C57BL/6		m	12 weeks		f	y	n	n	y	Isoflurane				Bruker	9.4	n	SE-EPI	2500	18,398	0.15	0.45	https://www.biorxiv.org/content/10.1101/2020.09.05.284364v1	
			3005	300506		2		4	mouse	C57BL/6		m	12 weeks		f	y	n	n	y	Isoflurane				Bruker	9.4	n	SE-EPI	2500	18,398	0.15	0.45	https://www.biorxiv.org/content/10.1101/2020.09.05.284364v1	
			3005	300506		3		1	mouse	C57BL/6		m	12 weeks		f	y	n	n	y	Isoflurane				Bruker	9.4	n	SE-EPI	2500	18,398	0.15	0.45	https://www.biorxiv.org/content/10.1101/2020.09.05.284364v1	
			3005	300506		3		2	mouse	C57BL/6		m	12 weeks		f	y	n	n	y	Isoflurane				Bruker	9.4	n	SE-EPI	2500	18,398	0.15	0.45	https://www.biorxiv.org/content/10.1101/2020.09.05.284364v1	
			3005	300506		3		3	mouse	C57BL/6		m	12 weeks		f	y	n	n	y	Isoflurane				Bruker	9.4	n	SE-EPI	2500	18,398	0.15	0.45	https://www.biorxiv.org/content/10.1101/2020.09.05.284364v1	
			3005	300506		3		4	mouse	C57BL/6		m	12 weeks		f	y	n	n	y	Isoflurane				Bruker	9.4	n	SE-EPI	2500	18,398	0.15	0.45	https://www.biorxiv.org/content/10.1101/2020.09.05.284364v1	
			3005	300506		4		1	mouse	C57BL/6		m	12 weeks		f	y	n	n	y	Isoflurane				Bruker	9.4	n	SE-EPI	2500	18,398	0.15	0.45	https://www.biorxiv.org/content/10.1101/2020.09.05.284364v1	
			3005	300506		4		2	mouse	C57BL/6		m	12 weeks		f	y	n	n	y	Isoflurane				Bruker	9.4	n	SE-EPI	2500	18,398	0.15	0.45	https://www.biorxiv.org/content/10.1101/2020.09.05.284364v1	
			3005	300506		4		3	mouse	C57BL/6		m	12 weeks		f	y	n	n	y	Isoflurane				Bruker	9.4	n	SE-EPI	2500	18,398	0.15	0.45	https://www.biorxiv.org/content/10.1101/2020.09.05.284364v1	
			3005	300506		4		4	mouse	C57BL/6		m	12 weeks		f	y	n	n	y	Isoflurane				Bruker	9.4	n	SE-EPI	2500	18,398	0.15	0.45	https://www.biorxiv.org/content/10.1101/2020.09.05.284364v1	
			3005	300506		5		1	mouse	C57BL/6		m	12 weeks		f	y	n	n	y	Isoflurane				Bruker	9.4	n	SE-EPI	2500	18,398	0.15	0.45	https://www.biorxiv.org/content/10.1101/2020.09.05.284364v1	
			3005	300506		5		2	mouse	C57BL/6		m	12 weeks		f	y	n	n	y	Isoflurane				Bruker	9.4	n	SE-EPI	2500	18,398	0.15	0.45	https://www.biorxiv.org/content/10.1101/2020.09.05.284364v1	
			3005	300506		5		3	mouse	C57BL/6		m	12 weeks		f	y	n	n	y	Isoflurane				Bruker	9.4	n	SE-EPI	2500	18,398	0.15	0.45	https://www.biorxiv.org/content/10.1101/2020.09.05.284364v1	
			3005	300506		5		4	mouse	C57BL/6		m	12 weeks		f	y	n	n	y	Isoflurane				Bruker	9.4	n	SE-EPI	2500	18,398	0.15	0.45	https://www.biorxiv.org/content/10.1101/2020.09.05.284364v1	
			3005	300506		6		1	mouse	C57BL/6		m	12 weeks		f	y	n	n	y	Isoflurane				Bruker	9.4	n	SE-EPI	2500	18,398	0.15	0.45	https://www.biorxiv.org/content/10.1101/2020.09.05.284364v1	
			3005	300506		6		2	mouse	C57BL/6		m	12 weeks		f	y	n	n	y	Isoflurane				Bruker	9.4	n	SE-EPI	2500	18,398	0.15	0.45	https://www.biorxiv.org/content/10.1101/2020.09.05.284364v1	
			3005	300506		6		3	mouse	C57BL/6		m	12 weeks		f	y	n	n	y	Isoflurane				Bruker	9.4	n	SE-EPI	2500	18,398	0.15	0.45	https://www.biorxiv.org/content/10.1101/2020.09.05.284364v1	
			3005	300506		6		4	mouse	C57BL/6		m	12 weeks		f	y	n	n	y	Isoflurane				Bruker	9.4	n	SE-EPI	2500	18,398	0.15	0.45	https://www.biorxiv.org/content/10.1101/2020.09.05.284364v1	
			3005	300507		1		1	mouse	C57BL/6		m	12 weeks		f	y	n	n	y	Isoflurane				Bruker	9.4	n	SE-EPI	2500	18,398	0.15	0.45	https://www.biorxiv.org/content/10.1101/2020.09.05.284364v1	
			3005	300507		1		2	mouse	C57BL/6		m	12 weeks		f	y	n	n	y	Isoflurane				Bruker	9.4	n	SE-EPI	2500	18,398	0.15	0.45	https://www.biorxiv.org/content/10.1101/2020.09.05.284364v1	
			3005	300507		1		3	mouse	C57BL/6		m	12 weeks		f	y	n	n	y	Isoflurane				Bruker	9.4	n	SE-EPI	2500	18,398	0.15	0.45	https://www.biorxiv.org/content/10.1101/2020.09.05.284364v1	
			3005	300507		1		4	mouse	C57BL/6		m	12 weeks		f	y	n	n	y	Isoflurane				Bruker	9.4	n	SE-EPI	2500	18,398	0.15	0.45	https://www.biorxiv.org/content/10.1101/2020.09.05.284364v1	
			3005	300507		2		1	mouse	C57BL/6		m	12 weeks		f	y	n	n	y	Isoflurane				Bruker	9.4	n	SE-EPI	2500	18,398	0.15	0.45	https://www.biorxiv.org/content/10.1101/2020.09.05.284364v1	
			3005	300507		2		2	mouse	C57BL/6		m	12 weeks		f	y	n	n	y	Isoflurane				Bruker	9.4	n	SE-EPI	2500	18,398	0.15	0.45	https://www.biorxiv.org/content/10.1101/2020.09.05.284364v1	
			3005	300507		2		3	mouse	C57BL/6		m	12 weeks		f	y	n	n	y	Isoflurane				Bruker	9.4	n	SE-EPI	2500	18,398	0.15	0.45	https://www.biorxiv.org/content/10.1101/2020.09.05.284364v1	
			3005	300507		2		4	mouse	C57BL/6		m	12 weeks		f	y	n	n	y	Isoflurane				Bruker	9.4	n	SE-EPI	2500	18,398	0.15	0.45	https://www.biorxiv.org/content/10.1101/2020.09.05.284364v1	
			3005	300507		3		1	mouse	C57BL/6		m	12 weeks		f	y	n	n	y	Isoflurane				Bruker	9.4	n	SE-EPI	2500	18,398	0.15	0.45	https://www.biorxiv.org/content/10.1101/2020.09.05.284364v1	
			3005	300507		3		2	mouse	C57BL/6		m	12 weeks		f	y	n	n	y	Isoflurane				Bruker	9.4	n	SE-EPI	2500	18,398	0.15	0.45	https://www.biorxiv.org/content/10.1101/2020.09.05.284364v1	
			3005	300507		3		3	mouse	C57BL/6		m	12 weeks		f	y	n	n	y	Isoflurane				Bruker	9.4	n	SE-EPI	2500	18,398	0.15	0.45	https://www.biorxiv.org/content/10.1101/2020.09.05.284364v1	
			3005	300507		3		4	mouse	C57BL/6		m	12 weeks		f	y	n	n	y	Isoflurane				Bruker	9.4	n	SE-EPI	2500	18,398	0.15	0.45	https://www.biorxiv.org/content/10.1101/2020.09.05.284364v1	
			3005	300507		4		1	mouse	C57BL/6		m	12 weeks		f	y	n	n	y	Isoflurane				Bruker	9.4	n	SE-EPI	2500	18,398	0.15	0.45	https://www.biorxiv.org/content/10.1101/2020.09.05.284364v1	
			3005	300507		4		2	mouse	C57BL/6		m	12 weeks		f	y	n	n	y	Isoflurane				Bruker	9.4	n	SE-EPI	2500	18,398	0.15	0.45	https://www.biorxiv.org/content/10.1101/2020.09.05.284364v1	
			3005	300507		4		3	mouse	C57BL/6		m	12 weeks		f	y	n	n	y	Isoflurane				Bruker	9.4	n	SE-EPI	2500	18,398	0.15	0.45	https://www.biorxiv.org/content/10.1101/2020.09.05.284364v1	
			3005	300507		4		4	mouse	C57BL/6		m	12 weeks		f	y	n	n	y	Isoflurane				Bruker	9.4	n	SE-EPI	2500	18,398	0.15	0.45	https://www.biorxiv.org/content/10.1101/2020.09.05.284364v1	
			3005	300507		5		1	mouse	C57BL/6		m	12 weeks		f	y	n	n	y	Isoflurane				Bruker	9.4	n	SE-EPI	2500	18,398	0.15	0.45	https://www.biorxiv.org/content/10.1101/2020.09.05.284364v1	
			3005	300507		5		2	mouse	C57BL/6		m	12 weeks		f	y	n	n	y	Isoflurane				Bruker	9.4	n	SE-EPI	2500	18,398	0.15	0.45	https://www.biorxiv.org/content/10.1101/2020.09.05.284364v1	
			3005	300507		5		3	mouse	C57BL/6		m	12 weeks		f	y	n	n	y	Isoflurane				Bruker	9.4	n	SE-EPI	2500	18,398	0.15	0.45	https://www.biorxiv.org/content/10.1101/2020.09.05.284364v1	
			3005	300507		5		4	mouse	C57BL/6		m	12 weeks		f	y	n	n	y	Isoflurane				Bruker	9.4	n	SE-EPI	2500	18,398	0.15	0.45	https://www.biorxiv.org/content/10.1101/2020.09.05.284364v1	
			3005	300507		6		1	mouse	C57BL/6		m	12 weeks		f	y	n	n	y	Isoflurane				Bruker	9.4	n	SE-EPI	2500	18,398	0.15	0.45	https://www.biorxiv.org/content/10.1101/2020.09.05.284364v1	
			3005	300507		6		2	mouse	C57BL/6		m	12 weeks		f	y	n	n	y	Isoflurane				Bruker	9.4	n	SE-EPI	2500	18,398	0.15	0.45	https://www.biorxiv.org/content/10.1101/2020.09.05.284364v1	
			3005	300507		6		3	mouse	C57BL/6		m	12 weeks		f	y	n	n	y	Isoflurane				Bruker	9.4	n	SE-EPI	2500	18,398	0.15	0.45	https://www.biorxiv.org/content/10.1101/2020.09.05.284364v1	
			3005	300507		6		4	mouse	C57BL/6		m	12 weeks		f	y	n	n	y	Isoflurane				Bruker	9.4	n	SE-EPI	2500	18,398	0.15	0.45	https://www.biorxiv.org/content/10.1101/2020.09.05.284364v1	
			3005	300507		7		1	mouse	C57BL/6		m	12 weeks		f	y	n	n	y	Isoflurane				Bruker	9.4	n	SE-EPI	2500	18,398	0.15	0.45	https://www.biorxiv.org/content/10.1101/2020.09.05.284364v1	
			3005	300507		7		2	mouse	C57BL/6		m	12 weeks		f	y	n	n	y	Isoflurane				Bruker	9.4	n	SE-EPI	2500	18,398	0.15	0.45	https://www.biorxiv.org/content/10.1101/2020.09.05.284364v1	
			3005	300507		7		3	mouse	C57BL/6		m	12 weeks		f	y	n	n	y	Isoflurane				Bruker	9.4	n	SE-EPI	2500	18,398	0.15	0.45	https://www.biorxiv.org/content/10.1101/2020.09.05.284364v1	
			3005	300507		7		4	mouse	C57BL/6		m	12 weeks		f	y	n	n	y	Isoflurane				Bruker	9.4	n	SE-EPI	2500	18,398	0.15	0.45	https://www.biorxiv.org/content/10.1101/2020.09.05.284364v1	
			3005	300508		1		1	mouse	C57BL/6		m	12 weeks		f	y	n	n	y	Isoflurane				Bruker	9.4	n	SE-EPI	2500	18,398	0.15	0.45	https://www.biorxiv.org/content/10.1101/2020.09.05.284364v1	
			3005	300508		1		2	mouse	C57BL/6		m	12 weeks		f	y	n	n	y	Isoflurane				Bruker	9.4	n	SE-EPI	2500	18,398	0.15	0.45	https://www.biorxiv.org/content/10.1101/2020.09.05.284364v1	
			3005	300508		1		3	mouse	C57BL/6		m	12 weeks		f	y	n	n	y	Isoflurane				Bruker	9.4	n	SE-EPI	2500	18,398	0.15	0.45	https://www.biorxiv.org/content/10.1101/2020.09.05.284364v1	
			3005	300508		1		4	mouse	C57BL/6		m	12 weeks		f	y	n	n	y	Isoflurane				Bruker	9.4	n	SE-EPI	2500	18,398	0.15	0.45	https://www.biorxiv.org/content/10.1101/2020.09.05.284364v1	
			3005	300508		2		1	mouse	C57BL/6		m	12 weeks		f	y	n	n	y	Isoflurane				Bruker	9.4	n	SE-EPI	2500	18,398	0.15	0.45	https://www.biorxiv.org/content/10.1101/2020.09.05.284364v1	
			3005	300508		2		2	mouse	C57BL/6		m	12 weeks		f	y	n	n	y	Isoflurane				Bruker	9.4	n	SE-EPI	2500	18,398	0.15	0.45	https://www.biorxiv.org/content/10.1101/2020.09.05.284364v1	
			3005	300508		2		3	mouse	C57BL/6		m	12 weeks		f	y	n	n	y	Isoflurane				Bruker	9.4	n	SE-EPI	2500	18,398	0.15	0.45	https://www.biorxiv.org/content/10.1101/2020.09.05.284364v1	
			3005	300508		2		4	mouse	C57BL/6		m	12 weeks		f	y	n	n	y	Isoflurane				Bruker	9.4	n	SE-EPI	2500	18,398	0.15	0.45	https://www.biorxiv.org/content/10.1101/2020.09.05.284364v1	
			3005	300508		3		1	mouse	C57BL/6		m	12 weeks		f	y	n	n	y	Isoflurane				Bruker	9.4	n	SE-EPI	2500	18,398	0.15	0.45	https://www.biorxiv.org/content/10.1101/2020.09.05.284364v1	
			3005	300508		3		2	mouse	C57BL/6		m	12 weeks		f	y	n	n	y	Isoflurane				Bruker	9.4	n	SE-EPI	2500	18,398	0.15	0.45	https://www.biorxiv.org/content/10.1101/2020.09.05.284364v1	
			3005	300508		3		3	mouse	C57BL/6		m	12 weeks		f	y	n	n	y	Isoflurane				Bruker	9.4	n	SE-EPI	2500	18,398	0.15	0.45	https://www.biorxiv.org/content/10.1101/2020.09.05.284364v1	
			3005	300508		3		4	mouse	C57BL/6		m	12 weeks		f	y	n	n	y	Isoflurane				Bruker	9.4	n	SE-EPI	2500	18,398	0.15	0.45	https://www.biorxiv.org/content/10.1101/2020.09.05.284364v1	
			3005	300508		4		1	mouse	C57BL/6		m	12 weeks		f	y	n	n	y	Isoflurane				Bruker	9.4	n	SE-EPI	2500	18,398	0.15	0.45	https://www.biorxiv.org/content/10.1101/2020.09.05.284364v1	
			3005	300508		4		2	mouse	C57BL/6		m	12 weeks		f	y	n	n	y	Isoflurane				Bruker	9.4	n	SE-EPI	2500	18,398	0.15	0.45	https://www.biorxiv.org/content/10.1101/2020.09.05.284364v1	
			3005	300508		4		3	mouse	C57BL/6		m	12 weeks		f	y	n	n	y	Isoflurane				Bruker	9.4	n	SE-EPI	2500	18,398	0.15	0.45	https://www.biorxiv.org/content/10.1101/2020.09.05.284364v1	
			3005	300508		4		4	mouse	C57BL/6		m	12 weeks		f	y	n	n	y	Isoflurane				Bruker	9.4	n	SE-EPI	2500	18,398	0.15	0.45	https://www.biorxiv.org/content/10.1101/2020.09.05.284364v1	
			3005	300508		5		1	mouse	C57BL/6		m	12 weeks		f	y	n	n	y	Isoflurane				Bruker	9.4	n	SE-EPI	2500	18,398	0.15	0.45	https://www.biorxiv.org/content/10.1101/2020.09.05.284364v1	
			3005	300508		5		2	mouse	C57BL/6		m	12 weeks		f	y	n	n	y	Isoflurane				Bruker	9.4	n	SE-EPI	2500	18,398	0.15	0.45	https://www.biorxiv.org/content/10.1101/2020.09.05.284364v1	
			3005	300508		5		3	mouse	C57BL/6		m	12 weeks		f	y	n	n	y	Isoflurane				Bruker	9.4	n	SE-EPI	2500	18,398	0.15	0.45	https://www.biorxiv.org/content/10.1101/2020.09.05.284364v1	
			3005	300508		5		4	mouse	C57BL/6		m	12 weeks		f	y	n	n	y	Isoflurane				Bruker	9.4	n	SE-EPI	2500	18,398	0.15	0.45	https://www.biorxiv.org/content/10.1101/2020.09.05.284364v1	
			3005	300508		6		1	mouse	C57BL/6		m	12 weeks		f	y	n	n	y	Isoflurane				Bruker	9.4	n	SE-EPI	2500	18,398	0.15	0.45	https://www.biorxiv.org/content/10.1101/2020.09.05.284364v1	
			3005	300508		6		2	mouse	C57BL/6		m	12 weeks		f	y	n	n	y	Isoflurane				Bruker	9.4	n	SE-EPI	2500	18,398	0.15	0.45	https://www.biorxiv.org/content/10.1101/2020.09.05.284364v1	
			3005	300508		6		3	mouse	C57BL/6		m	12 weeks		f	y	n	n	y	Isoflurane				Bruker	9.4	n	SE-EPI	2500	18,398	0.15	0.45	https://www.biorxiv.org/content/10.1101/2020.09.05.284364v1	
			3005	300508		6		4	mouse	C57BL/6		m	12 weeks		f	y	n	n	y	Isoflurane				Bruker	9.4	n	SE-EPI	2500	18,398	0.15	0.45	https://www.biorxiv.org/content/10.1101/2020.09.05.284364v1	
			3005	300508		7		1	mouse	C57BL/6		m	12 weeks		f	y	n	n	y	Isoflurane				Bruker	9.4	n	SE-EPI	2500	18,398	0.15	0.45	https://www.biorxiv.org/content/10.1101/2020.09.05.284364v1	
			3005	300508		7		2	mouse	C57BL/6		m	12 weeks		f	y	n	n	y	Isoflurane				Bruker	9.4	n	SE-EPI	2500	18,398	0.15	0.45	https://www.biorxiv.org/content/10.1101/2020.09.05.284364v1	
			3005	300508		7		3	mouse	C57BL/6		m	12 weeks		f	y	n	n	y	Isoflurane				Bruker	9.4	n	SE-EPI	2500	18,398	0.15	0.45	https://www.biorxiv.org/content/10.1101/2020.09.05.284364v1	
			3005	300508		7		4	mouse	C57BL/6		m	12 weeks		f	y	n	n	y	Isoflurane				Bruker	9.4	n	SE-EPI	2500	18,398	0.15	0.45	https://www.biorxiv.org/content/10.1101/2020.09.05.284364v1	
			3005	300509		1		1	mouse	C57BL/6		m	12 weeks		f	y	n	n	y	Isoflurane				Bruker	9.4	n	SE-EPI	2500	18,398	0.15	0.45	https://www.biorxiv.org/content/10.1101/2020.09.05.284364v1	
			3005	300509		1		2	mouse	C57BL/6		m	12 weeks		f	y	n	n	y	Isoflurane				Bruker	9.4	n	SE-EPI	2500	18,398	0.15	0.45	https://www.biorxiv.org/content/10.1101/2020.09.05.284364v1	
			3005	300509		1		3	mouse	C57BL/6		m	12 weeks		f	y	n	n	y	Isoflurane				Bruker	9.4	n	SE-EPI	2500	18,398	0.15	0.45	https://www.biorxiv.org/content/10.1101/2020.09.05.284364v1	
			3005	300509		1		4	mouse	C57BL/6		m	12 weeks		f	y	n	n	y	Isoflurane				Bruker	9.4	n	SE-EPI	2500	18,398	0.15	0.45	https://www.biorxiv.org/content/10.1101/2020.09.05.284364v1	
			3005	300509		2		1	mouse	C57BL/6		m	12 weeks		f	y	n	n	y	Isoflurane				Bruker	9.4	n	SE-EPI	2500	18,398	0.15	0.45	https://www.biorxiv.org/content/10.1101/2020.09.05.284364v1	
			3005	300509		2		2	mouse	C57BL/6		m	12 weeks		f	y	n	n	y	Isoflurane				Bruker	9.4	n	SE-EPI	2500	18,398	0.15	0.45	https://www.biorxiv.org/content/10.1101/2020.09.05.284364v1	
			3005	300509		2		3	mouse	C57BL/6		m	12 weeks		f	y	n	n	y	Isoflurane				Bruker	9.4	n	SE-EPI	2500	18,398	0.15	0.45	https://www.biorxiv.org/content/10.1101/2020.09.05.284364v1	
			3005	300509		2		4	mouse	C57BL/6		m	12 weeks		f	y	n	n	y	Isoflurane				Bruker	9.4	n	SE-EPI	2500	18,398	0.15	0.45	https://www.biorxiv.org/content/10.1101/2020.09.05.284364v1	
			3005	300509		3		1	mouse	C57BL/6		m	12 weeks		f	y	n	n	y	Isoflurane				Bruker	9.4	n	SE-EPI	2500	18,398	0.15	0.45	https://www.biorxiv.org/content/10.1101/2020.09.05.284364v1	
			3005	300509		3		2	mouse	C57BL/6		m	12 weeks		f	y	n	n	y	Isoflurane				Bruker	9.4	n	SE-EPI	2500	18,398	0.15	0.45	https://www.biorxiv.org/content/10.1101/2020.09.05.284364v1	
			3005	300509		3		3	mouse	C57BL/6		m	12 weeks		f	y	n	n	y	Isoflurane				Bruker	9.4	n	SE-EPI	2500	18,398	0.15	0.45	https://www.biorxiv.org/content/10.1101/2020.09.05.284364v1	
			3005	300509		3		4	mouse	C57BL/6		m	12 weeks		f	y	n	n	y	Isoflurane				Bruker	9.4	n	SE-EPI	2500	18,398	0.15	0.45	https://www.biorxiv.org/content/10.1101/2020.09.05.284364v1	
			3005	300509		4		1	mouse	C57BL/6		m	12 weeks		f	y	n	n	y	Isoflurane				Bruker	9.4	n	SE-EPI	2500	18,398	0.15	0.45	https://www.biorxiv.org/content/10.1101/2020.09.05.284364v1	
			3005	300509		4		2	mouse	C57BL/6		m	12 weeks		f	y	n	n	y	Isoflurane				Bruker	9.4	n	SE-EPI	2500	18,398	0.15	0.45	https://www.biorxiv.org/content/10.1101/2020.09.05.284364v1	
			3005	300509		4		3	mouse	C57BL/6		m	12 weeks		f	y	n	n	y	Isoflurane				Bruker	9.4	n	SE-EPI	2500	18,398	0.15	0.45	https://www.biorxiv.org/content/10.1101/2020.09.05.284364v1	
			3005	300509		4		4	mouse	C57BL/6		m	12 weeks		f	y	n	n	y	Isoflurane				Bruker	9.4	n	SE-EPI	2500	18,398	0.15	0.45	https://www.biorxiv.org/content/10.1101/2020.09.05.284364v1	
			3005	300509		5		1	mouse	C57BL/6		m	12 weeks		f	y	n	n	y	Isoflurane				Bruker	9.4	n	SE-EPI	2500	18,398	0.15	0.45	https://www.biorxiv.org/content/10.1101/2020.09.05.284364v1	
			3005	300509		5		2	mouse	C57BL/6		m	12 weeks		f	y	n	n	y	Isoflurane				Bruker	9.4	n	SE-EPI	2500	18,398	0.15	0.45	https://www.biorxiv.org/content/10.1101/2020.09.05.284364v1	
			3005	300509		5		3	mouse	C57BL/6		m	12 weeks		f	y	n	n	y	Isoflurane				Bruker	9.4	n	SE-EPI	2500	18,398	0.15	0.45	https://www.biorxiv.org/content/10.1101/2020.09.05.284364v1	
			3005	300509		5		4	mouse	C57BL/6		m	12 weeks		f	y	n	n	y	Isoflurane				Bruker	9.4	n	SE-EPI	2500	18,398	0.15	0.45	https://www.biorxiv.org/content/10.1101/2020.09.05.284364v1	
			3005	300509		6		1	mouse	C57BL/6		m	12 weeks		f	y	n	n	y	Isoflurane				Bruker	9.4	n	SE-EPI	2500	18,398	0.15	0.45	https://www.biorxiv.org/content/10.1101/2020.09.05.284364v1	
			3005	300509		6		2	mouse	C57BL/6		m	12 weeks		f	y	n	n	y	Isoflurane				Bruker	9.4	n	SE-EPI	2500	18,398	0.15	0.45	https://www.biorxiv.org/content/10.1101/2020.09.05.284364v1	
			3005	300509		6		3	mouse	C57BL/6		m	12 weeks		f	y	n	n	y	Isoflurane				Bruker	9.4	n	SE-EPI	2500	18,398	0.15	0.45	https://www.biorxiv.org/content/10.1101/2020.09.05.284364v1	
			3005	300509		6		4	mouse	C57BL/6		m	12 weeks		f	y	n	n	y	Isoflurane				Bruker	9.4	n	SE-EPI	2500	18,398	0.15	0.45	https://www.biorxiv.org/content/10.1101/2020.09.05.284364v1	
			3005	300509		7		1	mouse	C57BL/6		m	12 weeks		f	y	n	n	y	Isoflurane				Bruker	9.4	n	SE-EPI	2500	18,398	0.15	0.45	https://www.biorxiv.org/content/10.1101/2020.09.05.284364v1	
			3005	300509		7		2	mouse	C57BL/6		m	12 weeks		f	y	n	n	y	Isoflurane				Bruker	9.4	n	SE-EPI	2500	18,398	0.15	0.45	https://www.biorxiv.org/content/10.1101/2020.09.05.284364v1	
			3005	300509		7		3	mouse	C57BL/6		m	12 weeks		f	y	n	n	y	Isoflurane				Bruker	9.4	n	SE-EPI	2500	18,398	0.15	0.45	https://www.biorxiv.org/content/10.1101/2020.09.05.284364v1	
			3005	300509		7		4	mouse	C57BL/6		m	12 weeks		f	y	n	n	y	Isoflurane				Bruker	9.4	n	SE-EPI	2500	18,398	0.15	0.45	https://www.biorxiv.org/content/10.1101/2020.09.05.284364v1	
			3005	300510		1		1	mouse	C57BL/6		m	12 weeks		f	y	n	n	y	Isoflurane				Bruker	9.4	n	SE-EPI	2500	18,398	0.15	0.45	https://www.biorxiv.org/content/10.1101/2020.09.05.284364v1	
			3005	300510		1		2	mouse	C57BL/6		m	12 weeks		f	y	n	n	y	Isoflurane				Bruker	9.4	n	SE-EPI	2500	18,398	0.15	0.45	https://www.biorxiv.org/content/10.1101/2020.09.05.284364v1	
			3005	300510		1		3	mouse	C57BL/6		m	12 weeks		f	y	n	n	y	Isoflurane				Bruker	9.4	n	SE-EPI	2500	18,398	0.15	0.45	https://www.biorxiv.org/content/10.1101/2020.09.05.284364v1	
			3005	300510		1		4	mouse	C57BL/6		m	12 weeks		f	y	n	n	y	Isoflurane				Bruker	9.4	n	SE-EPI	2500	18,398	0.15	0.45	https://www.biorxiv.org/content/10.1101/2020.09.05.284364v1	
			3005	300510		2		1	mouse	C57BL/6		m	12 weeks		f	y	n	n	y	Isoflurane				Bruker	9.4	n	SE-EPI	2500	18,398	0.15	0.45	https://www.biorxiv.org/content/10.1101/2020.09.05.284364v1	
			3005	300510		2		2	mouse	C57BL/6		m	12 weeks		f	y	n	n	y	Isoflurane				Bruker	9.4	n	SE-EPI	2500	18,398	0.15	0.45	https://www.biorxiv.org/content/10.1101/2020.09.05.284364v1	
			3005	300510		2		3	mouse	C57BL/6		m	12 weeks		f	y	n	n	y	Isoflurane				Bruker	9.4	n	SE-EPI	2500	18,398	0.15	0.45	https://www.biorxiv.org/content/10.1101/2020.09.05.284364v1	
			3005	300510		2		4	mouse	C57BL/6		m	12 weeks		f	y	n	n	y	Isoflurane				Bruker	9.4	n	SE-EPI	2500	18,398	0.15	0.45	https://www.biorxiv.org/content/10.1101/2020.09.05.284364v1	
			3005	300510		3		1	mouse	C57BL/6		m	12 weeks		f	y	n	n	y	Isoflurane				Bruker	9.4	n	SE-EPI	2500	18,398	0.15	0.45	https://www.biorxiv.org/content/10.1101/2020.09.05.284364v1	
			3005	300510		3		2	mouse	C57BL/6		m	12 weeks		f	y	n	n	y	Isoflurane				Bruker	9.4	n	SE-EPI	2500	18,398	0.15	0.45	https://www.biorxiv.org/content/10.1101/2020.09.05.284364v1	
			3005	300510		3		3	mouse	C57BL/6		m	12 weeks		f	y	n	n	y	Isoflurane				Bruker	9.4	n	SE-EPI	2500	18,398	0.15	0.45	https://www.biorxiv.org/content/10.1101/2020.09.05.284364v1	
			3005	300510		3		4	mouse	C57BL/6		m	12 weeks		f	y	n	n	y	Isoflurane				Bruker	9.4	n	SE-EPI	2500	18,398	0.15	0.45	https://www.biorxiv.org/content/10.1101/2020.09.05.284364v1	
			3005	300510		4		1	mouse	C57BL/6		m	12 weeks		f	y	n	n	y	Isoflurane				Bruker	9.4	n	SE-EPI	2500	18,398	0.15	0.45	https://www.biorxiv.org/content/10.1101/2020.09.05.284364v1	
			3005	300510		4		2	mouse	C57BL/6		m	12 weeks		f	y	n	n	y	Isoflurane				Bruker	9.4	n	SE-EPI	2500	18,398	0.15	0.45	https://www.biorxiv.org/content/10.1101/2020.09.05.284364v1	
			3005	300510		4		3	mouse	C57BL/6		m	12 weeks		f	y	n	n	y	Isoflurane				Bruker	9.4	n	SE-EPI	2500	18,398	0.15	0.45	https://www.biorxiv.org/content/10.1101/2020.09.05.284364v1	
			3005	300510		4		4	mouse	C57BL/6		m	12 weeks		f	y	n	n	y	Isoflurane				Bruker	9.4	n	SE-EPI	2500	18,398	0.15	0.45	https://www.biorxiv.org/content/10.1101/2020.09.05.284364v1	
			3005	300510		5		1	mouse	C57BL/6		m	12 weeks		f	y	n	n	y	Isoflurane				Bruker	9.4	n	SE-EPI	2500	18,398	0.15	0.45	https://www.biorxiv.org/content/10.1101/2020.09.05.284364v1	
			3005	300510		5		2	mouse	C57BL/6		m	12 weeks		f	y	n	n	y	Isoflurane				Bruker	9.4	n	SE-EPI	2500	18,398	0.15	0.45	https://www.biorxiv.org/content/10.1101/2020.09.05.284364v1	
			3005	300510		5		3	mouse	C57BL/6		m	12 weeks		f	y	n	n	y	Isoflurane				Bruker	9.4	n	SE-EPI	2500	18,398	0.15	0.45	https://www.biorxiv.org/content/10.1101/2020.09.05.284364v1	
			3005	300510		5		4	mouse	C57BL/6		m	12 weeks		f	y	n	n	y	Isoflurane				Bruker	9.4	n	SE-EPI	2500	18,398	0.15	0.45	https://www.biorxiv.org/content/10.1101/2020.09.05.284364v1	
			3005	300511		1		1	mouse	C57BL/6		m	12 weeks		f	y	n	n	y	Isoflurane				Bruker	9.4	n	SE-EPI	2500	18,398	0.15	0.45	https://www.biorxiv.org/content/10.1101/2020.09.05.284364v1	
			3005	300511		1		2	mouse	C57BL/6		m	12 weeks		f	y	n	n	y	Isoflurane				Bruker	9.4	n	SE-EPI	2500	18,398	0.15	0.45	https://www.biorxiv.org/content/10.1101/2020.09.05.284364v1	
			3005	300511		1		3	mouse	C57BL/6		m	12 weeks		f	y	n	n	y	Isoflurane				Bruker	9.4	n	SE-EPI	2500	18,398	0.15	0.45	https://www.biorxiv.org/content/10.1101/2020.09.05.284364v1	
			3005	300511		1		4	mouse	C57BL/6		m	12 weeks		f	y	n	n	y	Isoflurane				Bruker	9.4	n	SE-EPI	2500	18,398	0.15	0.45	https://www.biorxiv.org/content/10.1101/2020.09.05.284364v1	
			3005	300511		2		1	mouse	C57BL/6		m	12 weeks		f	y	n	n	y	Isoflurane				Bruker	9.4	n	SE-EPI	2500	18,398	0.15	0.45	https://www.biorxiv.org/content/10.1101/2020.09.05.284364v1	
			3005	300511		2		2	mouse	C57BL/6		m	12 weeks		f	y	n	n	y	Isoflurane				Bruker	9.4	n	SE-EPI	2500	18,398	0.15	0.45	https://www.biorxiv.org/content/10.1101/2020.09.05.284364v1	
			3005	300511		2		3	mouse	C57BL/6		m	12 weeks		f	y	n	n	y	Isoflurane				Bruker	9.4	n	SE-EPI	2500	18,398	0.15	0.45	https://www.biorxiv.org/content/10.1101/2020.09.05.284364v1	
			3005	300511		2		4	mouse	C57BL/6		m	12 weeks		f	y	n	n	y	Isoflurane				Bruker	9.4	n	SE-EPI	2500	18,398	0.15	0.45	https://www.biorxiv.org/content/10.1101/2020.09.05.284364v1	
			3005	300511		3		1	mouse	C57BL/6		m	12 weeks		f	y	n	n	y	Isoflurane				Bruker	9.4	n	SE-EPI	2500	18,398	0.15	0.45	https://www.biorxiv.org/content/10.1101/2020.09.05.284364v1	
			3005	300511		3		2	mouse	C57BL/6		m	12 weeks		f	y	n	n	y	Isoflurane				Bruker	9.4	n	SE-EPI	2500	18,398	0.15	0.45	https://www.biorxiv.org/content/10.1101/2020.09.05.284364v1	
			3005	300511		3		3	mouse	C57BL/6		m	12 weeks		f	y	n	n	y	Isoflurane				Bruker	9.4	n	SE-EPI	2500	18,398	0.15	0.45	https://www.biorxiv.org/content/10.1101/2020.09.05.284364v1	
			3005	300511		3		4	mouse	C57BL/6		m	12 weeks		f	y	n	n	y	Isoflurane				Bruker	9.4	n	SE-EPI	2500	18,398	0.15	0.45	https://www.biorxiv.org/content/10.1101/2020.09.05.284364v1	
			3005	300511		4		1	mouse	C57BL/6		m	12 weeks		f	y	n	n	y	Isoflurane				Bruker	9.4	n	SE-EPI	2500	18,398	0.15	0.45	https://www.biorxiv.org/content/10.1101/2020.09.05.284364v1	
			3005	300511		4		2	mouse	C57BL/6		m	12 weeks		f	y	n	n	y	Isoflurane				Bruker	9.4	n	SE-EPI	2500	18,398	0.15	0.45	https://www.biorxiv.org/content/10.1101/2020.09.05.284364v1	
			3005	300511		4		3	mouse	C57BL/6		m	12 weeks		f	y	n	n	y	Isoflurane				Bruker	9.4	n	SE-EPI	2500	18,398	0.15	0.45	https://www.biorxiv.org/content/10.1101/2020.09.05.284364v1	
			3005	300511		4		4	mouse	C57BL/6		m	12 weeks		f	y	n	n	y	Isoflurane				Bruker	9.4	n	SE-EPI	2500	18,398	0.15	0.45	https://www.biorxiv.org/content/10.1101/2020.09.05.284364v1	
			3005	300511		5		1	mouse	C57BL/6		m	12 weeks		f	y	n	n	y	Isoflurane				Bruker	9.4	n	SE-EPI	2500	18,398	0.15	0.45	https://www.biorxiv.org/content/10.1101/2020.09.05.284364v1	
			3005	300511		5		2	mouse	C57BL/6		m	12 weeks		f	y	n	n	y	Isoflurane				Bruker	9.4	n	SE-EPI	2500	18,398	0.15	0.45	https://www.biorxiv.org/content/10.1101/2020.09.05.284364v1	
			3005	300511		5		3	mouse	C57BL/6		m	12 weeks		f	y	n	n	y	Isoflurane				Bruker	9.4	n	SE-EPI	2500	18,398	0.15	0.45	https://www.biorxiv.org/content/10.1101/2020.09.05.284364v1	
			3005	300511		5		4	mouse	C57BL/6		m	12 weeks		f	y	n	n	y	Isoflurane				Bruker	9.4	n	SE-EPI	2500	18,398	0.15	0.45	https://www.biorxiv.org/content/10.1101/2020.09.05.284364v1	
			3005	300511		6		3	mouse	C57BL/6		m	12 weeks		f	y	n	n	y	Isoflurane				Bruker	9.4	n	SE-EPI	2500	18,398	0.15	0.45	https://www.biorxiv.org/content/10.1101/2020.09.05.284364v1	
			3005	300511		6		4	mouse	C57BL/6		m	12 weeks		f	y	n	n	y	Isoflurane				Bruker	9.4	n	SE-EPI	2500	18,398	0.15	0.45	https://www.biorxiv.org/content/10.1101/2020.09.05.284364v1	
			3005	300512		1		1	mouse	C57BL/6		m	12 weeks		f	y	n	n	y	Isoflurane				Bruker	9.4	n	SE-EPI	2500	18,398	0.15	0.45	https://www.biorxiv.org/content/10.1101/2020.09.05.284364v1	
			3005	300512		1		2	mouse	C57BL/6		m	12 weeks		f	y	n	n	y	Isoflurane				Bruker	9.4	n	SE-EPI	2500	18,398	0.15	0.45	https://www.biorxiv.org/content/10.1101/2020.09.05.284364v1	
			3005	300512		1		3	mouse	C57BL/6		m	12 weeks		f	y	n	n	y	Isoflurane				Bruker	9.4	n	SE-EPI	2500	18,398	0.15	0.45	https://www.biorxiv.org/content/10.1101/2020.09.05.284364v1	
			3005	300512		1		4	mouse	C57BL/6		m	12 weeks		f	y	n	n	y	Isoflurane				Bruker	9.4	n	SE-EPI	2500	18,398	0.15	0.45	https://www.biorxiv.org/content/10.1101/2020.09.05.284364v1	
			3005	300512		2		1	mouse	C57BL/6		m	12 weeks		f	y	n	n	y	Isoflurane				Bruker	9.4	n	SE-EPI	2500	18,398	0.15	0.45	https://www.biorxiv.org/content/10.1101/2020.09.05.284364v1	
			3005	300512		2		2	mouse	C57BL/6		m	12 weeks		f	y	n	n	y	Isoflurane				Bruker	9.4	n	SE-EPI	2500	18,398	0.15	0.45	https://www.biorxiv.org/content/10.1101/2020.09.05.284364v1	
			3005	300512		2		3	mouse	C57BL/6		m	12 weeks		f	y	n	n	y	Isoflurane				Bruker	9.4	n	SE-EPI	2500	18,398	0.15	0.45	https://www.biorxiv.org/content/10.1101/2020.09.05.284364v1	
			3005	300512		2		4	mouse	C57BL/6		m	12 weeks		f	y	n	n	y	Isoflurane				Bruker	9.4	n	SE-EPI	2500	18,398	0.15	0.45	https://www.biorxiv.org/content/10.1101/2020.09.05.284364v1	
			3005	300512		3		1	mouse	C57BL/6		m	12 weeks		f	y	n	n	y	Isoflurane				Bruker	9.4	n	SE-EPI	2500	18,398	0.15	0.45	https://www.biorxiv.org/content/10.1101/2020.09.05.284364v1	
			3005	300512		3		2	mouse	C57BL/6		m	12 weeks		f	y	n	n	y	Isoflurane				Bruker	9.4	n	SE-EPI	2500	18,398	0.15	0.45	https://www.biorxiv.org/content/10.1101/2020.09.05.284364v1	
			3005	300512		3		4	mouse	C57BL/6		m	12 weeks		f	y	n	n	y	Isoflurane				Bruker	9.4	n	SE-EPI	2500	18,398	0.15	0.45	https://www.biorxiv.org/content/10.1101/2020.09.05.284364v1	
			3005	300512		4		1	mouse	C57BL/6		m	12 weeks		f	y	n	n	y	Isoflurane				Bruker	9.4	n	SE-EPI	2500	18,398	0.15	0.45	https://www.biorxiv.org/content/10.1101/2020.09.05.284364v1	
			3005	300512		4		2	mouse	C57BL/6		m	12 weeks		f	y	n	n	y	Isoflurane				Bruker	9.4	n	SE-EPI	2500	18,398	0.15	0.45	https://www.biorxiv.org/content/10.1101/2020.09.05.284364v1	
			3005	300512		4		3	mouse	C57BL/6		m	12 weeks		f	y	n	n	y	Isoflurane				Bruker	9.4	n	SE-EPI	2500	18,398	0.15	0.45	https://www.biorxiv.org/content/10.1101/2020.09.05.284364v1	
			3005	300512		4		4	mouse	C57BL/6		m	12 weeks		f	y	n	n	y	Isoflurane				Bruker	9.4	n	SE-EPI	2500	18,398	0.15	0.45	https://www.biorxiv.org/content/10.1101/2020.09.05.284364v1	
			3005	300512		5		1	mouse	C57BL/6		m	12 weeks		f	y	n	n	y	Isoflurane				Bruker	9.4	n	SE-EPI	2500	18,398	0.15	0.45	https://www.biorxiv.org/content/10.1101/2020.09.05.284364v1	
			3005	300512		5		2	mouse	C57BL/6		m	12 weeks		f	y	n	n	y	Isoflurane				Bruker	9.4	n	SE-EPI	2500	18,398	0.15	0.45	https://www.biorxiv.org/content/10.1101/2020.09.05.284364v1	
			3005	300512		5		3	mouse	C57BL/6		m	12 weeks		f	y	n	n	y	Isoflurane				Bruker	9.4	n	SE-EPI	2500	18,398	0.15	0.45	https://www.biorxiv.org/content/10.1101/2020.09.05.284364v1	
			3005	300512		5		4	mouse	C57BL/6		m	12 weeks		f	y	n	n	y	Isoflurane				Bruker	9.4	n	SE-EPI	2500	18,398	0.15	0.45	https://www.biorxiv.org/content/10.1101/2020.09.05.284364v1	
			3005	300512		6		3	mouse	C57BL/6		m	12 weeks		f	y	n	n	y	Isoflurane				Bruker	9.4	n	SE-EPI	2500	18,398	0.15	0.45	https://www.biorxiv.org/content/10.1101/2020.09.05.284364v1	
			3005	300512		6		4	mouse	C57BL/6		m	12 weeks		f	y	n	n	y	Isoflurane				Bruker	9.4	n	SE-EPI	2500	18,398	0.15	0.45	https://www.biorxiv.org/content/10.1101/2020.09.05.284364v1	
y			1015	101500	1	1		1	mouse	C57BL/6		m	12w	26	m	y	n	n	y	Isoflurane				Bruker	11.7	y	GE-EPI	1500	14	0.1 x 0.1	1		
y			1015	101501	2	1		1	mouse	C57BL/6		m	12w	26	m	y	n	n	y	Isoflurane				Bruker	11.7	y	GE-EPI	1500	14	0.1 x 0.1	1		
			1015	101502	3	1		1	mouse	C57BL/6		m	12w	26	m	y	n	n	y	Isoflurane				Bruker	11.7	y	GE-EPI	1500	14	0.1 x 0.1	1		
			1015	101503	4	1		1	mouse	C57BL/6		m	12w	26	m	y	n	n	y	Isoflurane				Bruker	11.7	y	GE-EPI	1500	14	0.1 x 0.1	1		
y			1015	101504	5	1		1	mouse	C57BL/6		m	12w	26	m	y	n	n	y	Isoflurane				Bruker	11.7	y	GE-EPI	1500	14	0.1 x 0.1	1		
			1015	101505	6	1		1	mouse	C57BL/6		m	12w	26	m	y	n	n	y	Isoflurane				Bruker	11.7	y	GE-EPI	1500	14	0.1 x 0.1	1		
			1013	101300	Lc002	1	20240529	1	mouse	C57BL/6		m	135 days	26,5	f	y	n	y	n					Bruker	9.4	n	SE-EPI	1250	14	0,25	0,4		
			1013	101300	Lc002	1	20240529	2	mouse	C57BL/6		m	135 days	26,5	f	y	n	y	n					Bruker	9.4	n	SE-EPI	1250	14	0,25	0,4		
			1013	101300	Lc002	1	20240529	3	mouse	C57BL/6		m	135 days	26,5	f	y	n	y	n					Bruker	9.4	n	SE-EPI	1250	14	0,25	0,4		
			1013	101300	Lc002	1	20240529	4	mouse	C57BL/6		m	135 days	26,5	f	y	n	y	n					Bruker	9.4	n	SE-EPI	1250	14	0,25	0,4		
			1013	101301	Lc003	1	20240529	1	mouse	C57BL/6		m	135 days	26,5	f	y	n	y	n					Bruker	9.4	n	SE-EPI	1250	14	0,25	0,4		
			1013	101301	Lc003	1	20240529	2	mouse	C57BL/6		m	135 days	26,5	f	y	n	y	n					Bruker	9.4	n	SE-EPI	1250	14	0,25	0,4		
			1013	101301	Lc003	1	20240529	3	mouse	C57BL/6		m	135 days	26,5	f	y	n	y	n					Bruker	9.4	n	SE-EPI	1250	14	0,25	0,4		
			1013	101301	Lc003	1	20240529	4	mouse	C57BL/6		m	135 days	26,5	f	y	n	y	n					Bruker	9.4	n	SE-EPI	1250	14	0,25	0,4		
			1013	101302	Lc004	1	20240529	1	mouse	C57BL/6		m	135 days	25,8	f	y	n	y	n					Bruker	9.4	n	SE-EPI	1250	14	0,25	0,4		
			1013	101302	Lc004	1	20240529	2	mouse	C57BL/6		m	135 days	25,8	f	y	n	y	n					Bruker	9.4	n	SE-EPI	1250	14	0,25	0,4		
			1013	101302	Lc004	1	20240529	3	mouse	C57BL/6		m	135 days	25,8	f	y	n	y	n					Bruker	9.4	n	SE-EPI	1250	14	0,25	0,4		
			1013	101302	Lc004	1	20240529	4	mouse	C57BL/6		m	135 days	25,8	f	y	n	y	n					Bruker	9.4	n	SE-EPI	1250	14	0,25	0,4		
			1013	101303	Lc006	1	20240603	1	mouse	C57BL/6		m	132 days	30,6	f	y	n	y	n					Bruker	9.4	n	SE-EPI	1250	14	0,25	0,4		
			1013	101303	Lc006	1	20240603	2	mouse	C57BL/6		m	132 days	30,6	f	y	n	y	n					Bruker	9.4	n	SE-EPI	1250	14	0,25	0,4		
			1013	101303	Lc006	1	20240603	3	mouse	C57BL/6		m	132 days	30,6	f	y	n	y	n					Bruker	9.4	n	SE-EPI	1250	14	0,25	0,4		
			1013	101303	Lc006	1	20240603	4	mouse	C57BL/6		m	132 days	30,6	f	y	n	y	n					Bruker	9.4	n	SE-EPI	1250	14	0,25	0,4		
			1013	101304	Lc008	1	20240604	1	mouse	C57BL/6		m	140 days	26,5	f	y	n	y	n					Bruker	9.4	n	SE-EPI	1250	14	0,25	0,4		
			1013	101304	Lc008	1	20240604	2	mouse	C57BL/6		m	140 days	26,5	f	y	n	y	n					Bruker	9.4	n	SE-EPI	1250	14	0,25	0,4		
			1013	101304	Lc008	1	20240604	3	mouse	C57BL/6		m	140 days	26,5	f	y	n	y	n					Bruker	9.4	n	SE-EPI	1250	14	0,25	0,4		
			1013	101304	Lc008	1	20240604	4	mouse	C57BL/6		m	140 days	26,5	f	y	n	y	n					Bruker	9.4	n	SE-EPI	1250	14	0,25	0,4		
			1013	101305	Lc011	1	20240616	1	mouse	C57BL/6		m	131 days	26,5	f	y	n	y	n					Bruker	9.4	n	SE-EPI	1250	14	0,25	0,4		
			1013	101305	Lc011	1	20240616	2	mouse	C57BL/6		m	131 days	26,5	f	y	n	y	n					Bruker	9.4	n	SE-EPI	1250	14	0,25	0,4		
			1013	101305	Lc011	1	20240616	3	mouse	C57BL/6		m	131 days	26,5	f	y	n	y	n					Bruker	9.4	n	SE-EPI	1250	14	0,25	0,4		
			1013	101305	Lc011	1	20240616	4	mouse	C57BL/6		m	131 days	26,5	f	y	n	y	n					Bruker	9.4	n	SE-EPI	1250	14	0,25	0,4		
			1013	101306	Lc013	1	20240616	1	mouse	C57BL/6		m	131 days	25,8	f	y	n	y	n					Bruker	9.4	n	SE-EPI	1250	14	0,25	0,4		
			1013	101306	Lc013	1	20240616	2	mouse	C57BL/6		m	131 days	25,8	f	y	n	y	n					Bruker	9.4	n	SE-EPI	1250	14	0,25	0,4		
			1013	101306	Lc013	1	20240616	3	mouse	C57BL/6		m	131 days	25,8	f	y	n	y	n					Bruker	9.4	n	SE-EPI	1250	14	0,25	0,4		
			1013	101306	Lc013	1	20240616	4	mouse	C57BL/6		m	131 days	25,8	f	y	n	y	n					Bruker	9.4	n	SE-EPI	1250	14	0,25	0,4		
			1013	101307	Lc015	1	20240616	1	mouse	C57BL/6		m	129 days	30,6	f	y	n	y	n					Bruker	9.4	n	SE-EPI	1250	14	0,25	0,4		
			1013	101307	Lc015	1	20240616	2	mouse	C57BL/6		m	129 days	30,6	f	y	n	y	n					Bruker	9.4	n	SE-EPI	1250	14	0,25	0,4		
			1013	101307	Lc015	1	20240616	3	mouse	C57BL/6		m	129 days	30,6	f	y	n	y	n					Bruker	9.4	n	SE-EPI	1250	14	0,25	0,4		
			1013	101307	Lc015	1	20240616	4	mouse	C57BL/6		m	129 days	30,6	f	y	n	y	n					Bruker	9.4	n	SE-EPI	1250	14	0,25	0,4		
			1016	101600	Lc037	1	20241010	1	mouse	C57BL/6		m	95 days	22,4	m	y	n	y	n					Bruker	9.4	y	SE-EPI	1500	13	234	0,38		
			1016	101600	Lc037	1	20241010	2	mouse	C57BL/6		m	95 days	22,4	m	y	n	y	n					Bruker	9.4	y	SE-EPI	1500	13	234	0,38		
			1016	101600	Lc037	1	20241010	3	mouse	C57BL/6		m	95 days	22,4	m	y	n	y	n					Bruker	9.4	y	SE-EPI	1500	13	234	0,38		
			1016	101600	Lc037	1	20241010	4	mouse	C57BL/6		m	95 days	22,4	m	y	n	y	n					Bruker	9.4	y	SE-EPI	1500	13	234	0,38		
			1016	101601	Lc038	1	20241010	1	mouse	C57BL/6		m	95 days	23,9	m	y	n	y	n					Bruker	9.4	y	SE-EPI	1500	13	234	0,38		
			1016	101601	Lc038	1	20241010	2	mouse	C57BL/6		m	95 days	23,9	m	y	n	y	n					Bruker	9.4	y	SE-EPI	1500	13	234	0,38		
			1016	101601	Lc038	1	20241010	3	mouse	C57BL/6		m	95 days	23,9	m	y	n	y	n					Bruker	9.4	y	SE-EPI	1500	13	234	0,38		
			1016	101601	Lc038	1	20241010	4	mouse	C57BL/6		m	95 days	23,9	m	y	n	y	n					Bruker	9.4	y	SE-EPI	1500	13	234	0,38		
			1016	101602	Lc046	1	20241223	1	mouse	C57BL/6		m	124 days	25,7	m	y	n	y	n					Bruker	9.4	y	SE-EPI	1500	13	234	0,38		
			1016	101602	Lc046	1	20241223	2	mouse	C57BL/6		m	124 days	25,7	m	y	n	y	n					Bruker	9.4	y	SE-EPI	1500	13	234	0,38		
			1016	101602	Lc046	1	20241223	3	mouse	C57BL/6		m	124 days	25,7	m	y	n	y	n					Bruker	9.4	y	SE-EPI	1500	13	234	0,38		
			1016	101602	Lc046	1	20241223	4	mouse	C57BL/6		m	124 days	25,7	m	y	n	y	n					Bruker	9.4	y	SE-EPI	1500	13	234	0,38		
			1016	101603	Lc048	1	20241223	1	mouse	C57BL/6		m	124 days	25,6	m	y	n	y	n					Bruker	9.4	y	SE-EPI	1500	13	234	0,38		
			1016	101603	Lc048	1	20241223	2	mouse	C57BL/6		m	124 days	25,6	m	y	n	y	n					Bruker	9.4	y	SE-EPI	1500	13	234	0,38		
			1016	101603	Lc048	1	20241223	3	mouse	C57BL/6		m	124 days	25,6	m	y	n	y	n					Bruker	9.4	y	SE-EPI	1500	13	234	0,38		
			1016	101603	Lc048	1	20241223	4	mouse	C57BL/6		m	124 days	25,6	m	y	n	y	n					Bruker	9.4	y	SE-EPI	1500	13	234	0,38		
			1016	101604	Lc049	1	20241223	1	mouse	C57BL/6		m	124 days	23,1	m	y	n	y	n					Bruker	9.4	y	SE-EPI	1500	13	234	0,38		
			1016	101604	Lc049	1	20241223	2	mouse	C57BL/6		m	124 days	23,1	m	y	n	y	n					Bruker	9.4	y	SE-EPI	1500	13	234	0,38		
			1016	101604	Lc049	1	20241223	3	mouse	C57BL/6		m	124 days	23,1	m	y	n	y	n					Bruker	9.4	y	SE-EPI	1500	13	234	0,38		
			1016	101604	Lc049	1	20241223	4	mouse	C57BL/6		m	124 days	23,1	m	y	n	y	n					Bruker	9.4	y	SE-EPI	1500	13	234	0,38		
			1016	101605	Lc055	1	20250109	1	mouse	C57BL/6		m	130 days	24	m	y	n	y	n					Bruker	9.4	y	SE-EPI	1500	13	234	0,38		
			1016	101605	Lc055	1	20250109	2	mouse	C57BL/6		m	130 days	24	m	y	n	y	n					Bruker	9.4	y	SE-EPI	1500	13	234	0,38		
			1016	101605	Lc055	1	20250109	3	mouse	C57BL/6		m	130 days	24	m	y	n	y	n					Bruker	9.4	y	SE-EPI	1500	13	234	0,38		
			1016	101605	Lc055	1	20250109	4	mouse	C57BL/6		m	130 days	24	m	y	n	y	n					Bruker	9.4	y	SE-EPI	1500	13	234	0,38		
			1016	101606	Lc064	1	20250126	1	mouse	C57BL/6		f	106 days	19,4	m	y	n	y	n					Bruker	9.4	y	SE-EPI	1500	13	234	0,38		
			1016	101606	Lc064	1	20250126	2	mouse	C57BL/6		f	106 days	19,4	m	y	n	y	n					Bruker	9.4	y	SE-EPI	1500	13	234	0,38		
			1016	101606	Lc064	1	20250126	3	mouse	C57BL/6		f	106 days	19,4	m	y	n	y	n					Bruker	9.4	y	SE-EPI	1500	13	234	0,38		
			1016	101606	Lc064	1	20250126	4	mouse	C57BL/6		f	106 days	19,4	m	y	n	y	n					Bruker	9.4	y	SE-EPI	1500	13	234	0,38		